account_id,customer_id,account_type,creation_date,account_status,balance,loan_amount,term_months,interest_rate
eb1f2f49-1bc0-45c8-8991-4abea8f7f6ea,dc3dd10b-91ed-4453-89bb-9f624c441030,Savings,2023-04-21,Active,286882.25,0.0,0.0,0.0
bb9837da-5ee5-4d30-9c22-b2d6e2fffafa,dc3dd10b-91ed-4453-89bb-9f624c441030,Loan,2024-05-27,Active,283167.7,599649.18,36.0,11.7
2ab94e36-bff3-45e8-8db7-966075a889d6,d8946376-be1f-48cc-a278-f8b3b967cd77,Savings,2021-08-21,Active,60711.03,0.0,0.0,0.0
0aeb7e68-88cc-4167-94af-fee48a795ba0,d8946376-be1f-48cc-a278-f8b3b967cd77,Loan,2024-02-20,Inactive,0.0,16768.31,12.0,13.7
6bbcc4b6-2456-45f5-b87b-77ef1356e1e2,d8946376-be1f-48cc-a278-f8b3b967cd77,FixedDeposit,2025-03-02,Active,85812.02,0.0,36.0,4.2
8549ebcf-6acb-4563-abeb-562b90f5ef31,d8946376-be1f-48cc-a278-f8b3b967cd77,FixedDeposit,2022-06-13,Inactive,0.0,0.0,3.0,1.5
758f0ba0-c107-465b-9b5c-8c6c8b90c4c7,83fae1e1-7a78-42d4-81fd-803ebdeedb2d,Savings,2025-03-01,Active,293400.48,0.0,0.0,0.0
27c3f4cc-c9df-4e1d-a76f-346050a01525,83fae1e1-7a78-42d4-81fd-803ebdeedb2d,Loan,2025-04-18,Active,42119.14,63178.66,24.0,16.3
adb86514-add6-4d26-af63-af04ab6b293a,83fae1e1-7a78-42d4-81fd-803ebdeedb2d,Loan,2025-10-13,Active,215045.62,222460.98,60.0,8.7
16e84f3a-eb69-4af4-9653-a9d0b55c3441,24405b2f-c105-4f3f-9aaf-8bc07f4cae9f,Savings,2023-09-02,Active,429975.77,0.0,0.0,0.0
a84ca8d8-3737-4ebe-b314-23be41e6f61f,24405b2f-c105-4f3f-9aaf-8bc07f4cae9f,FixedDeposit,2023-11-08,Inactive,0.0,0.0,3.0,4.5
e0ef577d-3133-478f-9a33-840af6cdb38e,24405b2f-c105-4f3f-9aaf-8bc07f4cae9f,FixedDeposit,2025-07-07,Active,83617.28,0.0,6.0,4.5
213af7c7-c27f-47be-a526-04915f1756c3,3869d8bc-f40c-4f5e-a283-6137c3c35e49,Savings,2025-03-06,Active,48383.65,0.0,0.0,0.0
5481db6b-e697-4187-b4cf-839231725a88,3869d8bc-f40c-4f5e-a283-6137c3c35e49,FixedDeposit,2025-10-03,Active,55726.01,0.0,6.0,4.5
b95ad5d3-59c5-4f90-9dc1-29897dc022a0,980f7c2f-153a-47cf-8597-003573939f9b,Savings,2022-04-26,Active,395488.83,0.0,0.0,0.0
6ddb31f5-a160-4d7b-bbec-b911ae900a05,980f7c2f-153a-47cf-8597-003573939f9b,Loan,2024-07-23,Active,4762.3,9023.18,36.0,19.3
9646b0a2-2428-46fe-9f67-614847328d75,980f7c2f-153a-47cf-8597-003573939f9b,Loan,2023-07-05,Active,222.57,1335.57,36.0,23.5
f15c2879-b791-41a5-b788-6c908bf3b1b4,29e1adfa-15e1-4685-bdda-77a76b1b5f67,Savings,2024-01-18,Active,458064.05,0.0,0.0,0.0
9562e0a4-54ff-4bf6-9511-0b7ac1ceac74,29e1adfa-15e1-4685-bdda-77a76b1b5f67,Loan,2025-08-17,Active,297162.59,356595.11,24.0,8.7
0f0cb9c8-5d36-42e4-9c54-9a831c46b17a,29e1adfa-15e1-4685-bdda-77a76b1b5f67,Loan,2025-08-24,Active,36984.94,55477.42,12.0,22.9
28c06604-18f9-4517-9005-1ac99b2a7518,29e1adfa-15e1-4685-bdda-77a76b1b5f67,FixedDeposit,2025-08-15,Active,98072.85,0.0,36.0,4.2
c18071d0-df9b-401a-a620-251de0254c6a,29e1adfa-15e1-4685-bdda-77a76b1b5f67,FixedDeposit,2024-02-23,Inactive,0.0,0.0,12.0,5.3
d18a39e8-5da2-42e7-9e43-3728875c7a7a,b4b4b06b-f5f3-40fa-81a6-2d0a89855381,Savings,2023-03-09,Active,266285.59,0.0,0.0,0.0
22714cff-6c01-4957-92d9-6316f1d357d1,b4b4b06b-f5f3-40fa-81a6-2d0a89855381,FixedDeposit,2023-04-29,Inactive,0.0,0.0,24.0,4.8
da655156-0a4e-4485-8152-abdb536d8c0e,32992fb7-2b62-4f94-bb9b-8a9d8d82db8f,Savings,2025-04-30,Active,64745.48,0.0,0.0,0.0
40ebca2e-c268-4633-8ae5-0c8582f04ac9,32992fb7-2b62-4f94-bb9b-8a9d8d82db8f,Loan,2025-08-05,Active,10448.31,11754.35,36.0,19.3
af47b179-3449-45e3-a32f-c18e38d9d4f0,32992fb7-2b62-4f94-bb9b-8a9d8d82db8f,Loan,2025-10-04,Active,16131.08,17079.96,36.0,15.5
88b4d444-7f27-4854-8ab4-ca8acfdfb6f1,5145b2a8-b34f-4e20-9e03-27b4793df5f9,Savings,2020-06-26,Active,305756.87,0.0,0.0,0.0
d072af7e-cb72-465f-bcd8-9d8f58165eb1,5145b2a8-b34f-4e20-9e03-27b4793df5f9,FixedDeposit,2021-05-08,Inactive,0.0,0.0,36.0,1.4
476f2023-60d6-40f9-886d-23b2b474217c,5145b2a8-b34f-4e20-9e03-27b4793df5f9,FixedDeposit,2025-05-19,Active,2977.41,0.0,36.0,4.2
381a6a2b-bfae-4c91-b90b-1d7e622d7cb6,4d023c48-23e3-4783-8fa2-318cb3d43c0d,Savings,2021-08-05,Active,99562.63,0.0,0.0,0.0
6bef9692-ebd5-4add-b127-308688e3947b,4d023c48-23e3-4783-8fa2-318cb3d43c0d,Loan,2024-03-05,Active,10886.75,17189.75,60.0,23.9
154f2751-8c15-4f32-9c07-30cd18477efd,4d023c48-23e3-4783-8fa2-318cb3d43c0d,Loan,2023-05-17,Inactive,0.0,48323.31,12.0,18.6
49cbf27e-d9cc-44f6-905e-e83e58709076,4d023c48-23e3-4783-8fa2-318cb3d43c0d,FixedDeposit,2025-11-14,Active,95383.52,0.0,12.0,4.8
2587f2da-671b-493f-8617-4983c7e00279,ab037001-ee92-4756-a5d0-86e775b34910,Savings,2023-06-06,Active,561654.47,0.0,0.0,0.0
1489d06b-0ea8-46a4-9ebf-a15502b065ef,ab037001-ee92-4756-a5d0-86e775b34910,FixedDeposit,2023-12-20,Inactive,0.0,0.0,3.0,4.5
ce5c1bfa-49e1-4684-98a5-2bc5a03278f4,65423bfc-af9a-4324-b3bb-d7fe6eee7abf,Savings,2021-11-23,Active,244022.84,0.0,0.0,0.0
41181382-4834-42f9-baab-120c1d2baca6,65423bfc-af9a-4324-b3bb-d7fe6eee7abf,Loan,2025-06-17,Active,15869.59,21159.49,24.0,7.1
cf353285-9522-4366-a892-2198ed9ff3df,65423bfc-af9a-4324-b3bb-d7fe6eee7abf,Loan,2024-10-20,Inactive,0.0,21843.31,12.0,20.1
bd996bca-49d8-4628-ae72-434245accfaf,8ce818f3-74d3-485a-a880-31f78a209152,Savings,2023-08-06,Active,190524.66,0.0,0.0,0.0
99006495-1ed2-4bca-8c39-cebfdb49834f,8ce818f3-74d3-485a-a880-31f78a209152,Loan,2025-01-28,Active,24830.48,30404.73,60.0,20.5
d876d25f-a5a1-40e6-9678-b7c3c2eea151,8ce818f3-74d3-485a-a880-31f78a209152,Loan,2023-12-11,Active,12364.07,40464.32,36.0,17.9
1c8b0a04-c4cb-4056-a989-d7eca815dd4d,42274652-cd72-4dda-b350-134f64209e99,Savings,2022-05-28,Active,213011.41,0.0,0.0,0.0
562a0480-a3bc-47e1-961f-9a67f3e1a91b,42274652-cd72-4dda-b350-134f64209e99,Loan,2023-03-27,Active,4380.01,14016.01,48.0,10.2
a03681e1-250e-4898-b517-c301a186422b,42274652-cd72-4dda-b350-134f64209e99,FixedDeposit,2024-08-15,Active,55297.0,0.0,36.0,4.7
2ac0e355-a3c5-4e02-a749-2467e370c014,42274652-cd72-4dda-b350-134f64209e99,FixedDeposit,2023-08-07,Inactive,0.0,0.0,3.0,4.5
8a83e03a-85e6-4b10-8a90-fdf0ced24cc4,42274652-cd72-4dda-b350-134f64209e99,FixedDeposit,2023-12-22,Inactive,0.0,0.0,24.0,4.8
3cfce172-9b6f-453b-bf9d-4663859d3b66,4d67ee67-fd72-4aa2-a37c-b0ee14feaf41,Savings,2024-07-25,Active,137237.31,0.0,0.0,0.0
2fb70877-bc32-4f0b-9b5e-85af6deaea68,4d67ee67-fd72-4aa2-a37c-b0ee14feaf41,FixedDeposit,2025-04-29,Inactive,0.0,0.0,3.0,4.2
7b3083f9-250f-4e00-96d9-44b541be96e2,4d67ee67-fd72-4aa2-a37c-b0ee14feaf41,FixedDeposit,2025-01-12,Active,87375.59,0.0,12.0,4.8
f30a58b7-8f20-44bf-95d5-db589faa2532,5462782c-ddd2-429b-b75c-72dfc38b48ae,Savings,2025-06-17,Active,24745.46,0.0,0.0,0.0
186e670f-aeeb-4446-ba04-d773f4292e2c,5462782c-ddd2-429b-b75c-72dfc38b48ae,FixedDeposit,2025-07-07,Active,49693.68,0.0,36.0,4.2
11fb35ab-1cc5-44cf-a0d3-7f6d46c777dd,5462782c-ddd2-429b-b75c-72dfc38b48ae,FixedDeposit,2025-09-18,Active,5106.11,0.0,12.0,4.8
07a18c9f-f374-465b-83f8-1912256c1d0e,5462782c-ddd2-429b-b75c-72dfc38b48ae,FixedDeposit,2025-09-05,Active,47157.73,0.0,6.0,4.5
fd05aad8-9a67-4347-b066-82a38b35fb7b,e448c5be-744b-45bf-ac97-6ebc9394f9eb,Savings,2024-05-08,Active,279090.48,0.0,0.0,0.0
041bc6d1-427c-45b1-a93e-2bdd52cac2c0,e448c5be-744b-45bf-ac97-6ebc9394f9eb,Loan,2024-06-07,Active,6720.22,14231.11,36.0,13.4
a5fe8142-bdc8-4a2b-879e-d43928173877,e448c5be-744b-45bf-ac97-6ebc9394f9eb,FixedDeposit,2024-08-25,Inactive,0.0,0.0,6.0,5.1
66d5b119-3f45-49c0-9351-2396322e7fcd,86ce0e19-5eac-4ba5-8c90-c033c7fd056b,Savings,2023-07-19,Active,224288.98,0.0,0.0,0.0
54d0f3f7-5321-4a40-9ae2-90cc6831ed32,f2509c99-029f-4da2-9fa7-dfe8709e1735,Savings,2025-05-27,Active,36573.97,0.0,0.0,0.0
008eb841-63da-485e-90b2-28446755a251,2d9977a7-73a4-4fcf-9258-870ce8c57eef,Savings,2024-04-24,Active,116407.85,0.0,0.0,0.0
f7e6e0a3-32cf-40fa-9dba-821f4f3a4fb7,2d9977a7-73a4-4fcf-9258-870ce8c57eef,FixedDeposit,2024-06-08,Inactive,0.0,0.0,6.0,5.1
b4bfdb1d-55fb-4dab-a589-fcced73c1339,2d9977a7-73a4-4fcf-9258-870ce8c57eef,FixedDeposit,2024-08-12,Active,42199.68,0.0,24.0,5.0
37b2b313-5ea8-4d9b-8439-56f1300bfbd8,2d9977a7-73a4-4fcf-9258-870ce8c57eef,FixedDeposit,2024-10-12,Inactive,0.0,0.0,3.0,4.8
5c5dc04e-af08-4585-adc9-578e2b13e02c,2ad9e481-4da0-46d6-b091-5a31d47b79b4,Savings,2021-02-28,Active,423842.4,0.0,0.0,0.0
7bd17f78-b811-4f1c-be44-e73294731ac0,2ad9e481-4da0-46d6-b091-5a31d47b79b4,Loan,2022-08-13,Active,1715.67,11765.18,48.0,11.0
2e8ca1a9-36ba-46b1-8bfb-da8332526f53,2ad9e481-4da0-46d6-b091-5a31d47b79b4,Loan,2022-03-23,Active,6508.94,26034.89,60.0,6.7
a13abceb-a786-4489-bef4-ea3bcfa01e78,2ad9e481-4da0-46d6-b091-5a31d47b79b4,FixedDeposit,2023-12-01,Inactive,0.0,0.0,3.0,4.5
3847dadb-09ab-4fe4-bfa9-c31e837afd0e,5d86e682-2c99-4fb2-b207-9ac1999b3b39,Savings,2024-09-25,Active,90741.31,0.0,0.0,0.0
3f726458-c93f-4de1-88c5-95cd44f2a792,5d86e682-2c99-4fb2-b207-9ac1999b3b39,Loan,2025-06-29,Active,16739.32,19130.68,48.0,16.1
6b4876f8-62c0-414b-b085-ca31982b2bee,5d86e682-2c99-4fb2-b207-9ac1999b3b39,Loan,2025-03-13,Active,4541.97,18167.79,12.0,14.6
b7f34468-9ef0-4ea5-84ff-b1bd216b236e,5d86e682-2c99-4fb2-b207-9ac1999b3b39,FixedDeposit,2025-11-25,Active,90505.71,0.0,6.0,4.5
40453296-3ef3-42f9-a9a2-50328942dd54,28f5f699-63d7-4067-9aa7-6c8bb56a8d54,Savings,2025-04-10,Active,56793.06,0.0,0.0,0.0
98f401ea-2981-46ca-965e-18f65f37bbcf,28f5f699-63d7-4067-9aa7-6c8bb56a8d54,FixedDeposit,2025-08-03,Active,39384.45,0.0,24.0,4.5
79ef1d16-eaae-467d-85a2-4227ef1fecd3,28f5f699-63d7-4067-9aa7-6c8bb56a8d54,FixedDeposit,2025-11-02,Active,15516.43,0.0,12.0,4.8
6359d8ed-fe2d-41ce-8d2e-d23a1876b358,88fd1f10-d022-487f-aa2b-a4fe54f7191a,Savings,2020-08-10,Active,287477.62,0.0,0.0,0.0
305c164c-e172-4785-8689-7ce91d1c61f8,88fd1f10-d022-487f-aa2b-a4fe54f7191a,Loan,2024-09-21,Active,7359.13,19624.18,24.0,20.1
3eba027f-e467-4459-a013-b8bcdde89973,6e1dcf88-fcb3-446d-ad88-a80f5d16b100,Savings,2022-04-27,Active,297068.93,0.0,0.0,0.0
a66ae7cb-313f-4f59-a1cf-a7a69298c0a7,6e1dcf88-fcb3-446d-ad88-a80f5d16b100,Loan,2024-12-08,Inactive,0.0,6895.33,12.0,22.9
060faaea-a0d1-4b23-a141-3c2f523b11ba,6e1dcf88-fcb3-446d-ad88-a80f5d16b100,FixedDeposit,2023-12-29,Inactive,0.0,0.0,6.0,5.0
23d81c7b-6216-40db-8087-e8a991bbf17f,0b380004-e297-4530-b9cc-7ec7c2671aa4,Savings,2024-03-23,Active,103619.8,0.0,0.0,0.0
dc04de2a-c5f4-44fb-9928-9c9fc0152e10,0b380004-e297-4530-b9cc-7ec7c2671aa4,Loan,2024-04-12,Active,37785.83,56678.63,60.0,22.9
f21f1ef6-0721-4440-aae3-f52ee4621a0a,0b380004-e297-4530-b9cc-7ec7c2671aa4,Loan,2024-11-17,Inactive,0.0,21737.0,12.0,14.9
5ead8939-053a-4ed2-8c94-e90d3ec88d57,0b380004-e297-4530-b9cc-7ec7c2671aa4,FixedDeposit,2024-07-18,Inactive,0.0,0.0,6.0,5.1
8d48c17d-5a81-4208-baba-caafd56716c9,a13d9a3f-15aa-4226-82e6-1be95617ce11,Savings,2023-08-26,Active,285801.94,0.0,0.0,0.0
2c760935-09b6-42a1-ac79-6bfd758058da,a13d9a3f-15aa-4226-82e6-1be95617ce11,FixedDeposit,2024-02-03,Inactive,0.0,0.0,6.0,5.1
be11f912-777d-442a-a2f7-e0820cd4b6de,a13d9a3f-15aa-4226-82e6-1be95617ce11,FixedDeposit,2024-06-23,Inactive,0.0,0.0,6.0,5.1
9cbe36cf-6cad-4126-8431-dec1759350a7,a13d9a3f-15aa-4226-82e6-1be95617ce11,FixedDeposit,2024-11-08,Inactive,0.0,0.0,12.0,5.3
1cba578f-4de4-4195-9c66-96e61d7a31ce,6abcdf3a-b28d-48e3-98b5-47b735656d7f,Savings,2023-11-24,Active,115508.31,0.0,0.0,0.0
42ed22d1-955f-4283-805a-a14b8958e1ee,6abcdf3a-b28d-48e3-98b5-47b735656d7f,Loan,2024-04-23,Inactive,0.0,10681.54,12.0,8.5
4049ddeb-ac4a-4fd3-b587-f99ae563e9f2,6abcdf3a-b28d-48e3-98b5-47b735656d7f,FixedDeposit,2025-03-23,Active,44850.03,0.0,36.0,4.2
8f8bfd42-651d-41a7-9e08-775a85a6c84d,6abcdf3a-b28d-48e3-98b5-47b735656d7f,FixedDeposit,2024-08-20,Inactive,0.0,0.0,12.0,5.3
d965b2c0-9b7e-4495-953a-811ab7d62e78,3ceffc2d-ca21-4728-8fe2-d7330800545d,Savings,2021-07-29,Active,236789.2,0.0,0.0,0.0
148e63a1-c870-40a7-8e92-54251bf7f2a1,3ceffc2d-ca21-4728-8fe2-d7330800545d,Loan,2023-08-06,Inactive,0.0,4299.32,24.0,7.2
a349195c-3efa-43bf-8675-1e3e42986a5b,3ceffc2d-ca21-4728-8fe2-d7330800545d,Loan,2022-03-11,Active,482.64,11580.14,48.0,16.4
56f12565-784a-4bf0-95a8-23c0cfaeda1e,3ceffc2d-ca21-4728-8fe2-d7330800545d,FixedDeposit,2024-01-21,Inactive,0.0,0.0,12.0,5.3
a8f2f6a8-0470-446b-ad5e-301e79280473,3ceffc2d-ca21-4728-8fe2-d7330800545d,FixedDeposit,2022-07-07,Inactive,0.0,0.0,12.0,2.8
392ac1c8-66bd-4ecf-91f1-2f2f8dae6311,081cb3b7-07a5-47e3-ba40-3c584667498f,Savings,2020-06-23,Active,768696.85,0.0,0.0,0.0
0a1834b8-10bf-4260-aed6-ff0033cf22da,081cb3b7-07a5-47e3-ba40-3c584667498f,Loan,2023-07-16,Active,13423.37,69034.35,36.0,14.7
9aa31eb6-2680-4118-956f-b5a8134c1ebf,081cb3b7-07a5-47e3-ba40-3c584667498f,Loan,2025-10-11,Active,53321.65,56458.21,36.0,18.6
f6e453b4-7a99-48f7-8276-59c4adca5fef,fa6caa51-aa5b-4c06-9822-665356e76ed1,Savings,2021-01-13,Active,350663.16,0.0,0.0,0.0
3aa5dce7-773b-4972-a0cd-37a5ec4d6032,b58ae460-63a9-43d4-9be9-23b023a9a55e,Savings,2020-09-15,Active,173582.94,0.0,0.0,0.0
ec87b9fd-4643-464c-b812-2c249117b328,b58ae460-63a9-43d4-9be9-23b023a9a55e,Loan,2020-12-01,Inactive,0.0,18783.08,24.0,15.4
60fc766b-2658-433b-af5f-5088d828f6c5,b58ae460-63a9-43d4-9be9-23b023a9a55e,FixedDeposit,2023-08-15,Inactive,0.0,0.0,3.0,4.5
44ed2dda-d287-425b-a217-28868d1d2ab1,d8d7fd2a-b7e3-4fe0-9c87-f6ff030f3fab,Savings,2024-04-08,Active,105860.53,0.0,0.0,0.0
eb7096df-4b6a-4089-aa38-5f845430d5f7,d8d7fd2a-b7e3-4fe0-9c87-f6ff030f3fab,Loan,2025-07-12,Active,2155.36,3694.91,12.0,22.0
af414f1e-bbb0-4133-bc05-48e335c005d4,d8d7fd2a-b7e3-4fe0-9c87-f6ff030f3fab,Loan,2025-08-10,Active,18565.13,20252.85,48.0,13.6
a812f216-8d92-4478-9e90-1c4f3aa701be,d8d7fd2a-b7e3-4fe0-9c87-f6ff030f3fab,FixedDeposit,2025-01-16,Active,36409.41,0.0,24.0,4.5
9f9a767b-998e-4dc5-a10a-6b455ea91ca0,68901c7d-2c1a-4c17-b4c4-74a381a4ebcf,Savings,2023-02-28,Active,200843.73,0.0,0.0,0.0
4c8179ab-5413-4841-a138-a290057673bf,68901c7d-2c1a-4c17-b4c4-74a381a4ebcf,FixedDeposit,2025-03-28,Active,69292.65,0.0,36.0,4.2
b6f5c1ec-7779-434b-a23e-d46511eb362d,af645e35-b45e-4ad8-bffd-0e2dea2496f9,Savings,2023-07-02,Active,22923.59,0.0,0.0,0.0
8e5e0636-92ef-47ce-8550-3168686a462b,af645e35-b45e-4ad8-bffd-0e2dea2496f9,Loan,2025-05-25,Active,195140.85,468338.04,12.0,10.5
3639ea7e-effa-4629-8709-d4d01cf914aa,af645e35-b45e-4ad8-bffd-0e2dea2496f9,Loan,2025-08-24,Active,28182.57,33819.09,24.0,17.4
5873c6ae-0b47-4e5d-8492-7d5ea0d61744,036ebc85-d632-4697-b4b9-0ce40c8aa151,Savings,2021-11-12,Active,318388.89,0.0,0.0,0.0
5f576e5f-6368-475f-b9cf-79d72ac7e10e,036ebc85-d632-4697-b4b9-0ce40c8aa151,Loan,2024-08-04,Inactive,0.0,25570.45,12.0,17.6
03ce2934-c623-43a1-9656-6646068bdce6,036ebc85-d632-4697-b4b9-0ce40c8aa151,FixedDeposit,2025-03-13,Active,6924.3,0.0,24.0,4.5
53885615-037e-4109-8f27-c98253ac2f18,036ebc85-d632-4697-b4b9-0ce40c8aa151,FixedDeposit,2025-05-18,Active,1476.81,0.0,36.0,4.2
624bf133-f681-42df-bba2-2e3dfc770071,036ebc85-d632-4697-b4b9-0ce40c8aa151,FixedDeposit,2023-05-16,Inactive,0.0,0.0,3.0,4.5
d7279656-1a25-45a3-aa6f-1a7aa5adcf41,209d490c-f2de-42fb-be19-ff81de15c5a0,Savings,2021-03-13,Active,338017.61,0.0,0.0,0.0
6692ce62-68ab-4f80-9524-61fdc3159ff0,209d490c-f2de-42fb-be19-ff81de15c5a0,FixedDeposit,2022-04-30,Inactive,0.0,0.0,36.0,3.2
aac6d09c-e5cf-45ed-a926-e53b61da59ea,209d490c-f2de-42fb-be19-ff81de15c5a0,FixedDeposit,2022-10-24,Inactive,0.0,0.0,24.0,3.0
3f789579-51a0-40f9-babd-cc2bcf862465,209d490c-f2de-42fb-be19-ff81de15c5a0,FixedDeposit,2025-08-06,Active,34957.21,0.0,12.0,4.8
de6d484b-5eed-4bcc-a534-cf637201f090,33526715-6f38-4560-9cec-2faddb2e18cc,Savings,2025-05-31,Active,42652.74,0.0,0.0,0.0
97ba0cb0-5728-4734-b01c-0abc5a356e3c,33526715-6f38-4560-9cec-2faddb2e18cc,Loan,2025-06-20,Active,33608.42,38409.62,48.0,7.3
e6bcb76d-5b54-4a3f-b7a8-70eb88f0276a,33526715-6f38-4560-9cec-2faddb2e18cc,Loan,2025-10-23,Active,9958.58,10391.56,48.0,17.2
28a6b03c-cbf1-43e7-b109-f04fee7b3654,33526715-6f38-4560-9cec-2faddb2e18cc,FixedDeposit,2025-10-11,Active,8636.16,0.0,24.0,4.5
52e469e7-aa9d-41ec-b791-7c46a365b422,33526715-6f38-4560-9cec-2faddb2e18cc,FixedDeposit,2025-10-20,Active,21547.76,0.0,3.0,4.2
fdb27707-0a18-4bb3-a4f1-706e691da135,33526715-6f38-4560-9cec-2faddb2e18cc,FixedDeposit,2025-10-13,Active,97279.44,0.0,24.0,4.5
a9c48c80-db15-4b27-9272-89380a7b22c4,9a495dba-bde9-44c3-8145-d541ff7f00bb,Savings,2021-06-03,Active,15288.66,0.0,0.0,0.0
1632b68f-2ab3-4fcd-8199-cb8071659bdb,9a495dba-bde9-44c3-8145-d541ff7f00bb,Loan,2023-03-11,Active,30384.67,364616.7,12.0,6.8
bbc8ca45-d953-49df-8f3b-64c9509f9989,9a495dba-bde9-44c3-8145-d541ff7f00bb,FixedDeposit,2021-12-23,Inactive,0.0,0.0,36.0,1.4
69e896ad-4463-4df5-9d4c-28b7f4947f50,9a495dba-bde9-44c3-8145-d541ff7f00bb,FixedDeposit,2023-12-26,Inactive,0.0,0.0,12.0,5.2
1cf86bcf-1626-46c5-a5e5-5d10e63e61af,05d0c6aa-51af-4bef-aa13-51671ef3543b,Savings,2020-09-05,Active,72320.49,0.0,0.0,0.0
285b5464-071e-4872-9fe4-22937741d451,05d0c6aa-51af-4bef-aa13-51671ef3543b,Loan,2022-03-03,Inactive,0.0,14397.27,36.0,12.0
8db0274a-ae66-40cb-966b-607a58aae0b4,aa4cce8c-52c5-4028-a9a2-4e3d09c37945,Savings,2025-11-24,Active,7052.54,0.0,0.0,0.0
1d34dd8d-e5a4-470d-bef6-f4eef3ac53e0,aa4cce8c-52c5-4028-a9a2-4e3d09c37945,FixedDeposit,2025-12-01,Active,78508.2,0.0,6.0,4.5
8d0f86c0-084c-438e-8411-790b50deddb0,8777c81c-9bd2-4286-82e5-80d64b3dea49,Savings,2022-07-30,Active,453900.75,0.0,0.0,0.0
c8ce2167-f2d1-4ce0-b354-09e7951dafe2,8777c81c-9bd2-4286-82e5-80d64b3dea49,FixedDeposit,2022-09-18,Inactive,0.0,0.0,24.0,3.0
f00e5bf5-65fe-41c3-868c-3019d34ef8e1,8777c81c-9bd2-4286-82e5-80d64b3dea49,FixedDeposit,2023-06-17,Inactive,0.0,0.0,24.0,4.8
c79cf6f5-6aba-443e-913f-7fe359482830,8688cdb5-ddea-4a28-a01e-4c72e0a6db18,Savings,2023-08-15,Active,327148.7,0.0,0.0,0.0
ed9aad53-030c-4c49-8508-dca2df5d411c,8688cdb5-ddea-4a28-a01e-4c72e0a6db18,FixedDeposit,2024-01-14,Inactive,0.0,0.0,3.0,4.8
4ba6a6cc-2e31-486d-ba25-086418ab1c00,3a674f7e-a660-4890-ad70-cc6d6243b37f,Savings,2023-02-03,Active,562754.17,0.0,0.0,0.0
dcc94e7a-455a-4380-b8a2-03f2cb153357,9f313a5e-4364-4389-9ae3-aaa68d7b7fd4,Savings,2023-09-03,Active,766651.83,0.0,0.0,0.0
0d632d21-451f-43f0-80e0-017ec7b6a9e5,9f313a5e-4364-4389-9ae3-aaa68d7b7fd4,Loan,2025-09-07,Active,652463.12,695960.66,48.0,13.6
fa49156c-9d3d-4a48-90ef-e00725c58a0d,9f313a5e-4364-4389-9ae3-aaa68d7b7fd4,FixedDeposit,2024-03-26,Inactive,0.0,0.0,6.0,5.1
b899eec9-8e5b-430f-8873-d778c89ef290,9f313a5e-4364-4389-9ae3-aaa68d7b7fd4,FixedDeposit,2025-03-20,Active,68212.12,0.0,36.0,4.2
1351c146-5c7d-4388-a565-36003e3cc1ca,9f313a5e-4364-4389-9ae3-aaa68d7b7fd4,FixedDeposit,2024-10-04,Inactive,0.0,0.0,3.0,4.8
03eae5c7-9bdf-4ada-91a0-70f475d6650c,711d1a09-2c23-47cd-906d-36f21485d178,Savings,2025-11-26,Active,1809.17,0.0,0.0,0.0
f66f3f8e-7eb7-4d4c-a791-9bed908bdb2b,711d1a09-2c23-47cd-906d-36f21485d178,Loan,2025-11-26,Active,32813.26,33369.42,60.0,21.4
1eb5369a-8e15-43c6-992c-6164d5f7aefa,711d1a09-2c23-47cd-906d-36f21485d178,Loan,2025-11-26,Active,36559.62,39883.22,12.0,16.7
e1962a84-d2e0-47f2-9c3f-6e87b34e98a2,711d1a09-2c23-47cd-906d-36f21485d178,FixedDeposit,2025-12-01,Active,97057.88,0.0,12.0,4.8
ef66f48d-4bf6-41ca-b0e2-c4e78024f795,711d1a09-2c23-47cd-906d-36f21485d178,FixedDeposit,2025-11-28,Active,40932.31,0.0,24.0,4.5
a7b3b9ec-9ba1-40dc-b1bc-364caa3728b8,711d1a09-2c23-47cd-906d-36f21485d178,FixedDeposit,2025-11-30,Active,32223.35,0.0,36.0,4.2
63a8ddc7-3ea3-4682-bfcf-146b85fea4f6,851911fa-e90d-4143-8a2d-36c114606f7e,Savings,2023-11-15,Active,289882.89,0.0,0.0,0.0
5c1170fd-2bf8-41e9-a7d0-f26ca0554765,851911fa-e90d-4143-8a2d-36c114606f7e,Loan,2024-09-12,Inactive,0.0,16395.51,12.0,23.2
5a23856b-eb23-497d-9f36-869af171422c,851911fa-e90d-4143-8a2d-36c114606f7e,Loan,2025-09-13,Active,265825.64,354434.18,12.0,8.0
01a0eeb3-31c2-4524-af6c-4f789dad587c,d63d760e-8e35-45a7-8e5e-726780fc90ca,Savings,2025-05-20,Active,72311.1,0.0,0.0,0.0
38c78367-e063-4cd1-b8f1-da398921ea01,d63d760e-8e35-45a7-8e5e-726780fc90ca,FixedDeposit,2025-06-21,Active,48334.18,0.0,12.0,4.8
aa7f4b18-36b2-45c7-a1b4-a10b760dcbf0,d63d760e-8e35-45a7-8e5e-726780fc90ca,FixedDeposit,2025-07-28,Active,2044.52,0.0,36.0,4.2
8a12470c-45a3-4393-8e8d-1ffbbe9b5092,7d4858da-05d8-4db2-9cda-aaef3401ed6f,Savings,2024-07-11,Active,35766.51,0.0,0.0,0.0
b2d96fc0-ff2d-4aee-be3c-a81bfdb7335b,7d4858da-05d8-4db2-9cda-aaef3401ed6f,Loan,2025-03-25,Active,18370.25,73481.12,12.0,15.9
67006462-6c80-4e32-90d6-6618206c02bd,7d4858da-05d8-4db2-9cda-aaef3401ed6f,Loan,2025-02-05,Active,19906.0,25144.4,48.0,9.4
e0b9d7b8-e849-461d-8f78-f845f0fd8787,7d4858da-05d8-4db2-9cda-aaef3401ed6f,FixedDeposit,2025-01-14,Active,7671.34,0.0,12.0,4.8
5fb8a7a7-fcc3-4b7d-a7f9-368121e4af41,7d4858da-05d8-4db2-9cda-aaef3401ed6f,FixedDeposit,2024-12-02,Inactive,0.0,0.0,12.0,5.3
e8003427-e608-4d88-ac08-266d9d29d174,7d4858da-05d8-4db2-9cda-aaef3401ed6f,FixedDeposit,2025-06-08,Inactive,0.0,0.0,3.0,4.2
1c5f7684-7ce1-463c-aedc-9207cf6738ba,91e8018a-5410-4b8e-b774-79d502f10661,Savings,2021-10-23,Active,274243.12,0.0,0.0,0.0
b7466395-d45d-4c48-a042-3bc257484341,edab3b94-d559-471e-8a4f-baa4a82d2b87,Savings,2023-09-09,Active,47878.07,0.0,0.0,0.0
7ea515ea-0071-4cb4-bc36-364870be3aa7,edab3b94-d559-471e-8a4f-baa4a82d2b87,FixedDeposit,2025-03-23,Active,85122.79,0.0,24.0,4.5
786fb3cf-b021-4d21-8bfa-fd4e96650d36,727c36de-0126-4272-a349-dea3796e6cae,Savings,2020-02-22,Active,824606.89,0.0,0.0,0.0
eae35ffa-85f3-4f65-a005-61b675fa31ae,727c36de-0126-4272-a349-dea3796e6cae,Loan,2025-02-07,Active,14785.76,18676.76,48.0,15.3
142c67d7-4ccf-4faa-b37f-0444e11d8ed8,727c36de-0126-4272-a349-dea3796e6cae,FixedDeposit,2024-02-01,Inactive,0.0,0.0,12.0,5.3
2dc76682-e8b4-432b-86e4-67050c698154,727c36de-0126-4272-a349-dea3796e6cae,FixedDeposit,2024-04-18,Inactive,0.0,0.0,6.0,5.1
339a788d-8ad0-4207-a927-598759ac4cd6,8f4ea588-5a4f-40e3-ab56-9b3c57fb7ec1,Savings,2025-02-13,Active,132228.5,0.0,0.0,0.0
75b26b55-1482-4697-927b-14ae479daf5a,4e18786a-167a-4f53-85ba-c0094471ec40,Savings,2024-01-08,Active,123752.36,0.0,0.0,0.0
d447b7d6-cd4b-48ab-b2a2-a369bc65fae4,4e18786a-167a-4f53-85ba-c0094471ec40,Loan,2025-09-07,Active,10328.89,11017.48,48.0,17.8
851edae0-fe85-4799-a076-4825eab6dc30,4e18786a-167a-4f53-85ba-c0094471ec40,Loan,2024-02-01,Active,3221.99,8922.31,36.0,12.2
0a43d12e-3fb4-4c45-8769-af2e3e34c0be,ed154512-8b23-4841-802b-eddf6d91f2b0,Savings,2022-08-31,Active,336566.9,0.0,0.0,0.0
23017859-facf-4f2b-bf1a-5c71f3384d86,ed154512-8b23-4841-802b-eddf6d91f2b0,Loan,2024-01-09,Inactive,0.0,3954.76,24.0,21.5
949fb249-3020-44a2-9628-ecb5e4f124fc,ed154512-8b23-4841-802b-eddf6d91f2b0,Loan,2023-05-31,Active,16665.29,34480.06,60.0,16.1
cb506c3c-49d1-4a36-bbd6-61971dcff63e,ed154512-8b23-4841-802b-eddf6d91f2b0,FixedDeposit,2024-01-08,Inactive,0.0,0.0,3.0,4.8
5f3fdd90-c8cd-4140-a55f-166065e3ca0e,ed154512-8b23-4841-802b-eddf6d91f2b0,FixedDeposit,2023-07-03,Active,63889.65,0.0,36.0,4.5
1d11acd5-d927-45a7-85ea-725e5d071feb,ed154512-8b23-4841-802b-eddf6d91f2b0,FixedDeposit,2023-02-13,Inactive,0.0,0.0,12.0,5.2
ac67188f-1c13-478d-89bb-1586f6eaa833,e8a94fa8-9c7b-476a-ab27-e9d182725071,Savings,2021-07-22,Active,363816.28,0.0,0.0,0.0
2cc7e663-5e19-4bf3-bc3d-1f5eac1057de,e8a94fa8-9c7b-476a-ab27-e9d182725071,FixedDeposit,2024-05-30,Inactive,0.0,0.0,12.0,5.3
305ad0a8-9f4d-43e5-8138-91fa7528e596,e8a94fa8-9c7b-476a-ab27-e9d182725071,FixedDeposit,2022-09-21,Inactive,0.0,0.0,3.0,1.5
19e0caee-d5d4-4d99-a9f3-9755424359fe,e8a94fa8-9c7b-476a-ab27-e9d182725071,FixedDeposit,2022-09-15,Inactive,0.0,0.0,36.0,3.2
95cbcb35-f25d-4658-bfe0-e83be0b0c0e9,b0455f06-0c02-4714-a3ee-5782057e5744,Savings,2022-12-22,Active,563207.84,0.0,0.0,0.0
ad35cb68-1b53-44a9-af8a-88292e778f4b,b0455f06-0c02-4714-a3ee-5782057e5744,FixedDeposit,2023-01-09,Inactive,0.0,0.0,24.0,4.8
9cadce67-dc05-4364-a04a-366012c8a673,93adcbdc-9aca-4199-8e33-069a28ec60f1,Savings,2025-11-08,Active,14472.88,0.0,0.0,0.0
154b3665-6f58-43c8-ae18-171b7a9bca17,93adcbdc-9aca-4199-8e33-069a28ec60f1,FixedDeposit,2025-11-16,Active,19460.9,0.0,3.0,4.2
685bdfe7-6a92-44b2-9099-9f71668c0f5c,380e294c-c3de-4ef3-9a40-e62c64dc6aa6,Savings,2022-03-27,Active,210221.18,0.0,0.0,0.0
65cba897-7bc4-4ab4-b133-6b5ddda90fce,380e294c-c3de-4ef3-9a40-e62c64dc6aa6,FixedDeposit,2022-04-23,Inactive,0.0,0.0,6.0,2.2
babc3635-293f-4873-be9d-b5063221edce,395503e2-4d23-4a3a-b2e0-b5d8e9edc396,Savings,2025-11-17,Active,9411.62,0.0,0.0,0.0
f0e66329-815d-45f0-9973-73899e6dd73e,395503e2-4d23-4a3a-b2e0-b5d8e9edc396,FixedDeposit,2025-11-18,Active,55406.4,0.0,3.0,4.2
c64ae663-b3ed-4988-8caa-9be8958aee5e,83ac61c4-dfde-4fb8-bffa-a1bbb101fb65,Savings,2023-02-06,Active,91982.91,0.0,0.0,0.0
6f6ebe2a-8757-458e-b714-2e4753228a95,83ac61c4-dfde-4fb8-bffa-a1bbb101fb65,FixedDeposit,2025-07-07,Inactive,0.0,0.0,3.0,4.2
8107ac89-3fdc-4f8e-b2df-1a4f16361df4,83ac61c4-dfde-4fb8-bffa-a1bbb101fb65,FixedDeposit,2025-10-26,Active,53943.87,0.0,24.0,4.5
b189e8ef-e327-4d4e-9469-c9cee822d27a,83ac61c4-dfde-4fb8-bffa-a1bbb101fb65,FixedDeposit,2024-12-23,Inactive,0.0,0.0,6.0,5.1
6388ffa7-454b-4384-9688-363f09a38338,0e56cf30-2186-4f7e-a521-3a6174330fe4,Savings,2024-07-26,Active,445529.61,0.0,0.0,0.0
5746b3e3-1e3c-42aa-a5e1-9bff972e266e,0e56cf30-2186-4f7e-a521-3a6174330fe4,Loan,2024-12-03,Active,264409.02,362618.04,48.0,9.9
d96a9fac-c92c-4b03-b65b-9f5df51bc2f9,ee421b5d-31c7-4e3d-a8d9-7a2e629e29c0,Savings,2023-11-02,Active,219157.58,0.0,0.0,0.0
49203f77-ca38-4a1d-970c-a1c8a9b27c4a,ee421b5d-31c7-4e3d-a8d9-7a2e629e29c0,Loan,2024-05-02,Active,10671.97,24011.97,36.0,9.3
e4b947cd-b211-41b1-ba85-6b846c7c418b,943c8292-23af-41a9-8171-c597e5e75c00,Savings,2024-04-21,Active,45360.19,0.0,0.0,0.0
c93bb253-0af6-46ce-8eb3-0cf568774155,943c8292-23af-41a9-8171-c597e5e75c00,Loan,2025-07-20,Active,18723.25,23650.45,24.0,8.9
a25f8a13-8f28-42f9-b369-6efdb208e64d,943c8292-23af-41a9-8171-c597e5e75c00,Loan,2025-05-22,Active,7205.4,10172.35,24.0,23.6
e92f5ade-14ac-4029-8a30-1f0c341c9486,53c325c4-52bb-4bf0-a60d-dd5d46e2d00c,Savings,2020-03-17,Active,465626.28,0.0,0.0,0.0
659b026f-6a53-493f-855c-075e428bd660,53c325c4-52bb-4bf0-a60d-dd5d46e2d00c,Loan,2024-02-15,Active,9875.13,18231.17,48.0,17.0
f11e59fb-2d6d-4cbd-a92a-8fb4b98df4bc,53c325c4-52bb-4bf0-a60d-dd5d46e2d00c,FixedDeposit,2024-02-22,Inactive,0.0,0.0,6.0,5.1
ea239451-5c37-4097-a4a4-62012d1104c1,53c325c4-52bb-4bf0-a60d-dd5d46e2d00c,FixedDeposit,2022-07-14,Inactive,0.0,0.0,12.0,2.8
b69c25ea-97fd-45c1-a814-5d6b7bca91a4,53c325c4-52bb-4bf0-a60d-dd5d46e2d00c,FixedDeposit,2022-07-15,Inactive,0.0,0.0,36.0,3.2
ce16540f-23ed-4987-8d7f-2849715a6670,d6fa4b58-8f07-4e49-991f-7056829ab034,Savings,2023-01-22,Active,238363.16,0.0,0.0,0.0
4fb6d924-4e3f-440e-bf3c-8be5d68bd35c,d6fa4b58-8f07-4e49-991f-7056829ab034,FixedDeposit,2023-03-07,Inactive,0.0,0.0,12.0,5.2
7ce6b7ae-8967-4339-be87-f6a4d305afcb,d6fa4b58-8f07-4e49-991f-7056829ab034,FixedDeposit,2025-05-08,Inactive,0.0,0.0,3.0,4.2
978e8a33-e61e-48eb-a2a8-9b1146258566,d6fa4b58-8f07-4e49-991f-7056829ab034,FixedDeposit,2024-08-16,Inactive,0.0,0.0,12.0,5.3
fe9990d2-aed6-4c74-8acc-918a3718c72e,523a570c-b77a-4fdf-88b6-f5f914b4d929,Savings,2023-01-12,Active,51183.41,0.0,0.0,0.0
25805394-93cc-4329-8a35-edfba596ec2f,523a570c-b77a-4fdf-88b6-f5f914b4d929,Loan,2023-05-28,Inactive,0.0,49070.96,12.0,23.7
c13d0cc6-829a-4691-85ac-6336eb510a30,523a570c-b77a-4fdf-88b6-f5f914b4d929,FixedDeposit,2024-07-15,Active,47660.54,0.0,36.0,4.7
a055046b-6161-4341-bdd5-d53d2d6a346f,0da17aa7-5e8b-4ffd-9fee-e0fff0135025,Savings,2024-03-19,Active,180615.6,0.0,0.0,0.0
59e25fde-dd8f-4a51-9157-11445d525604,0da17aa7-5e8b-4ffd-9fee-e0fff0135025,Loan,2024-05-23,Active,33479.0,55413.55,48.0,20.1
6ebd86d0-53bb-48ba-b18f-37257a8e6e6a,0da17aa7-5e8b-4ffd-9fee-e0fff0135025,Loan,2025-01-28,Active,124619.71,152595.57,60.0,13.0
5a83fbe5-5be3-4bfa-9933-2985a3db5df4,0da17aa7-5e8b-4ffd-9fee-e0fff0135025,FixedDeposit,2025-07-15,Active,10159.97,0.0,12.0,4.8
ebd6b1d2-9283-478b-8978-1877430fb57a,0da17aa7-5e8b-4ffd-9fee-e0fff0135025,FixedDeposit,2025-10-31,Active,48201.04,0.0,3.0,4.2
63762fdc-7e48-49e6-aa58-4dc63cdc3458,398e41d9-1069-47f7-8d13-244b8077c658,Savings,2021-11-11,Active,232222.67,0.0,0.0,0.0
af15b15b-1ec4-4f18-ba40-084bb7a1d2aa,398e41d9-1069-47f7-8d13-244b8077c658,Loan,2022-10-27,Active,9727.18,21616.09,60.0,16.9
0338cfee-8f7c-4806-bc44-5548cfdf5180,398e41d9-1069-47f7-8d13-244b8077c658,Loan,2023-02-24,Active,6810.65,35025.62,36.0,8.1
56e2f317-b815-4643-b9b1-087d1ea78f85,398e41d9-1069-47f7-8d13-244b8077c658,FixedDeposit,2023-06-29,Inactive,0.0,0.0,24.0,4.8
baac229e-eb23-4643-99c5-06043e34e938,398e41d9-1069-47f7-8d13-244b8077c658,FixedDeposit,2024-03-28,Inactive,0.0,0.0,6.0,5.1
b2bbf698-a9a8-4951-b9fd-688dbbe74dc2,89296cf4-3444-4f2c-b9e2-3d587d41846d,Savings,2020-04-26,Active,2482.27,0.0,0.0,0.0
14e0aa46-a5b3-48a6-9a2a-5428ebda64d6,89296cf4-3444-4f2c-b9e2-3d587d41846d,Loan,2023-10-28,Active,100895.79,403583.25,12.0,18.7
7025ccdb-30dd-43de-8df4-2bde9682fcb9,89296cf4-3444-4f2c-b9e2-3d587d41846d,FixedDeposit,2022-09-06,Inactive,0.0,0.0,6.0,2.2
2bc4ee6e-10e2-4ad1-810b-a96d22c74c99,81c6a055-492a-4430-959a-2b110fa6820b,Savings,2025-01-26,Active,45833.49,0.0,0.0,0.0
3b667077-7eac-4c64-9065-a6c4c72b81c4,81c6a055-492a-4430-959a-2b110fa6820b,FixedDeposit,2025-10-26,Active,7505.05,0.0,24.0,4.5
983cf7d7-cdd6-457b-a86f-94d74fd0e99b,81c6a055-492a-4430-959a-2b110fa6820b,FixedDeposit,2025-06-26,Active,46622.93,0.0,12.0,4.8
7f069c54-2f16-4c35-8358-d996bedd675e,81c6a055-492a-4430-959a-2b110fa6820b,FixedDeposit,2025-08-02,Active,87854.33,0.0,36.0,4.2
6ca2ed1d-fc27-423f-8568-845219bbe48d,5c422707-d31d-48da-abd4-995d13d5504d,Savings,2025-04-02,Active,113106.31,0.0,0.0,0.0
bb36bf8c-d72f-490e-b20c-2dd21bd862e9,5c422707-d31d-48da-abd4-995d13d5504d,Loan,2025-06-01,Active,97420.03,137534.16,24.0,11.3
4fdf6424-ad0d-4413-b04b-5016d28d4a92,5c422707-d31d-48da-abd4-995d13d5504d,Loan,2025-08-08,Active,16100.29,17563.97,48.0,18.1
61491fc2-7ce4-4f92-8557-f4a59a5abfda,f989d4cf-c8ed-4f7c-a59c-dcf26773f1f7,Savings,2022-12-29,Active,202668.99,0.0,0.0,0.0
2b746b75-97ea-4e80-b5e7-4a2cfbb42749,f989d4cf-c8ed-4f7c-a59c-dcf26773f1f7,FixedDeposit,2024-08-11,Active,22611.35,0.0,24.0,5.0
bc0a0848-446e-49a5-9a68-b6f49f666b85,e8702b31-08a2-4085-ab36-5c6459b0bbe0,Savings,2023-06-08,Active,243748.53,0.0,0.0,0.0
45a6734c-5373-4662-b4c3-db1a68ff155f,e8702b31-08a2-4085-ab36-5c6459b0bbe0,FixedDeposit,2025-01-14,Inactive,0.0,0.0,6.0,4.5
3ffd204a-8321-4d8c-828d-6e775d012d42,e8702b31-08a2-4085-ab36-5c6459b0bbe0,FixedDeposit,2025-05-03,Inactive,0.0,0.0,6.0,4.5
94397517-8d50-4e8a-a0c2-4d0aa475df7e,4762e5c1-5423-4a10-84bb-b5f0e06d84c9,Savings,2023-11-10,Active,168574.02,0.0,0.0,0.0
b5a5cd06-459d-4bca-afd0-8ff6534a5893,4762e5c1-5423-4a10-84bb-b5f0e06d84c9,Loan,2024-04-14,Active,3767.47,22605.27,24.0,11.5
b58db493-979a-43aa-9525-6c71ca225a95,4762e5c1-5423-4a10-84bb-b5f0e06d84c9,Loan,2025-02-22,Active,7590.44,45542.64,12.0,16.0
9daac27f-48e5-4ea2-84d3-c50c50a104ef,2c715b26-1a54-4b39-9074-e692e269a7a6,Savings,2020-11-25,Active,70678.55,0.0,0.0,0.0
d1cbcc68-3f37-4733-9394-b856daab9721,2c715b26-1a54-4b39-9074-e692e269a7a6,Loan,2022-09-09,Inactive,0.0,43146.54,12.0,8.3
854fda76-a037-4626-bb03-99400aaaa13c,d8553b54-782a-402e-ba3e-79c4ed789d76,Savings,2023-08-30,Active,444310.27,0.0,0.0,0.0
b7fb3a1f-5a7c-41a6-a5a4-e15f99f99ea0,d8553b54-782a-402e-ba3e-79c4ed789d76,Loan,2024-09-03,Active,261167.37,783501.93,24.0,22.6
6f58f5c2-0ddd-4302-b0ef-2ecd03a8fa29,d8553b54-782a-402e-ba3e-79c4ed789d76,Loan,2024-10-04,Inactive,0.0,541358.03,12.0,12.1
7c2d0246-849b-42a5-83a6-01d1cf36d41b,d8553b54-782a-402e-ba3e-79c4ed789d76,FixedDeposit,2025-01-19,Inactive,0.0,0.0,6.0,4.5
829620b5-437c-4231-a78c-d1101081e12a,d8553b54-782a-402e-ba3e-79c4ed789d76,FixedDeposit,2023-09-26,Inactive,0.0,0.0,6.0,5.0
30075f8f-a949-4cbb-a634-138e3799d43f,e4cb057c-aa62-4c5b-94ae-7025e17d7cc5,Savings,2023-02-02,Active,106150.83,0.0,0.0,0.0
1b69802d-28b3-4f96-aecf-9216ae9a74ea,e4cb057c-aa62-4c5b-94ae-7025e17d7cc5,FixedDeposit,2023-10-16,Inactive,0.0,0.0,6.0,5.0
c081a4d7-e1b9-49d5-97c2-85eb57637334,e6ceed96-b539-471c-933b-5c9acd7fcd7c,Savings,2022-11-03,Active,634887.89,0.0,0.0,0.0
728a4152-f47b-4ab5-9da0-060b6fd5b51d,e6ceed96-b539-471c-933b-5c9acd7fcd7c,Loan,2024-02-28,Inactive,0.0,51662.08,12.0,7.3
2a4e37dd-bfed-404e-b7bd-0e49b56dab02,e6ceed96-b539-471c-933b-5c9acd7fcd7c,FixedDeposit,2024-01-11,Inactive,0.0,0.0,24.0,5.0
5eb4f38a-971d-4695-9317-f5380da909aa,e6ceed96-b539-471c-933b-5c9acd7fcd7c,FixedDeposit,2024-09-19,Inactive,0.0,0.0,12.0,5.3
6787b2c9-85bf-400b-9a13-e091aaef9392,e6ceed96-b539-471c-933b-5c9acd7fcd7c,FixedDeposit,2024-03-21,Inactive,0.0,0.0,6.0,5.1
0e755709-c18f-4239-b7f9-65941b75e9e7,53b63cc7-b45b-44c9-83c4-85eaf8d2efe1,Savings,2023-03-12,Active,508344.12,0.0,0.0,0.0
445fcd9a-e0d6-462a-87c7-e60c2f75d3eb,53b63cc7-b45b-44c9-83c4-85eaf8d2efe1,FixedDeposit,2025-02-03,Inactive,0.0,0.0,6.0,4.5
c1b4a53f-446b-4868-afa6-e28ee15f7816,53b63cc7-b45b-44c9-83c4-85eaf8d2efe1,FixedDeposit,2025-01-02,Inactive,0.0,0.0,6.0,4.5
a446b264-6a94-4cb3-8eef-bd612fde08f5,53b63cc7-b45b-44c9-83c4-85eaf8d2efe1,FixedDeposit,2023-05-04,Inactive,0.0,0.0,12.0,5.2
c43f3230-6e38-4d3f-babc-a6bd110ee8e4,8ad5bee5-7c74-475a-837f-cace96dd7ce7,Savings,2025-03-02,Active,65054.66,0.0,0.0,0.0
8f04031e-718e-439f-8edd-3a6055baf22e,8ad5bee5-7c74-475a-837f-cace96dd7ce7,Loan,2025-03-02,Active,8760.45,10512.55,60.0,23.7
dbca4cd4-c8ce-4062-9161-8ed11be49cf6,8ad5bee5-7c74-475a-837f-cace96dd7ce7,FixedDeposit,2025-03-05,Inactive,0.0,0.0,3.0,4.2
966ef194-d647-4399-b919-329d3120516a,d08b8625-8735-41b3-a5b9-ec8d38586394,Savings,2023-05-12,Active,298221.57,0.0,0.0,0.0
3baf62e2-2a58-458b-b6e8-7b2717ac505d,d08b8625-8735-41b3-a5b9-ec8d38586394,Loan,2024-10-23,Active,11172.84,18282.74,36.0,21.1
d69c0374-ab3e-4b0f-b158-1ec600c424f5,d08b8625-8735-41b3-a5b9-ec8d38586394,FixedDeposit,2024-02-05,Inactive,0.0,0.0,12.0,5.3
f926c48b-5037-44af-98c1-936c20880ca0,d08b8625-8735-41b3-a5b9-ec8d38586394,FixedDeposit,2024-10-09,Active,18901.34,0.0,36.0,4.7
3f9bc411-f2ee-4358-a0f1-2a2841646082,ba20febc-5f02-45ba-9ec9-d04e07e77ffa,Savings,2021-01-07,Active,27422.18,0.0,0.0,0.0
3943fc81-8050-4ccb-b1dd-c4b1f4edc332,ba20febc-5f02-45ba-9ec9-d04e07e77ffa,Loan,2024-09-10,Inactive,0.0,15974.27,12.0,12.4
8c08ccf3-6eec-41de-bca6-5836c751458a,d0d5f9fe-7956-4ef1-b891-7c4a09a344dc,Savings,2020-08-02,Active,458211.99,0.0,0.0,0.0
eaadfee9-2a32-41cd-a2ae-87b638daf3ed,d0d5f9fe-7956-4ef1-b891-7c4a09a344dc,FixedDeposit,2021-08-26,Inactive,0.0,0.0,6.0,0.8
3c38e535-925e-4233-a225-f2debe95957b,bf0cbf48-35df-47b8-bb1b-180b4e2d7b19,Savings,2023-06-04,Active,42829.82,0.0,0.0,0.0
25ef0cc6-4ed4-49c2-bc84-64ab8fd6f1eb,bf0cbf48-35df-47b8-bb1b-180b4e2d7b19,Loan,2024-08-10,Active,5050.71,15152.15,24.0,9.4
a8df25c8-20ec-4bd0-8482-0f3479ac675b,bf0cbf48-35df-47b8-bb1b-180b4e2d7b19,FixedDeposit,2025-01-23,Active,13955.17,0.0,12.0,4.8
8b36392d-b79b-43ec-8786-64a894bd3d8e,9ad16f05-ddee-429b-befb-e7bb770b57b5,Savings,2020-02-06,Active,330061.07,0.0,0.0,0.0
4c005446-0b9d-4714-b37b-24b6c819e01c,9ad16f05-ddee-429b-befb-e7bb770b57b5,FixedDeposit,2023-04-01,Inactive,0.0,0.0,24.0,4.8
5af24093-6eea-404f-be7b-db8feefb637a,9ad16f05-ddee-429b-befb-e7bb770b57b5,FixedDeposit,2022-08-26,Inactive,0.0,0.0,3.0,1.5
745e845e-c313-4517-8884-50a3f70cb02f,9ad16f05-ddee-429b-befb-e7bb770b57b5,FixedDeposit,2024-01-03,Inactive,0.0,0.0,3.0,4.8
56046d87-cb2b-403c-af53-9ca6506654fb,89ec2520-8577-4f60-95ed-7d8fdcb2ed47,Savings,2022-05-02,Active,158869.87,0.0,0.0,0.0
84ebc640-05d9-40e0-99a8-68ded725cb9c,89ec2520-8577-4f60-95ed-7d8fdcb2ed47,Loan,2022-09-07,Active,11348.02,34044.42,60.0,9.0
7888ccc6-6b13-458a-8747-513a2e22e5bb,66f9b9a3-9cb7-4a42-a5da-d2f1d02ba65c,Savings,2024-12-01,Active,121930.21,0.0,0.0,0.0
b393fea6-e362-4e35-becf-733df0895c55,66f9b9a3-9cb7-4a42-a5da-d2f1d02ba65c,Loan,2025-02-14,Active,9388.21,56329.31,12.0,7.0
6b33bdf4-13fe-40de-b14d-f0dbbbed87f5,a2df4517-6bd6-462a-9833-5662008bba5f,Savings,2024-05-18,Active,204580.81,0.0,0.0,0.0
e78f9449-bffd-4f36-abe1-ce235c05dc71,a2df4517-6bd6-462a-9833-5662008bba5f,Loan,2025-06-10,Active,44100.47,52920.59,36.0,19.5
eed8b11f-ab13-4d13-ad33-bc3866668169,a2df4517-6bd6-462a-9833-5662008bba5f,Loan,2024-06-15,Active,11502.15,46008.33,24.0,18.3
64739d8f-3914-4f49-a375-2363850c6802,a2df4517-6bd6-462a-9833-5662008bba5f,FixedDeposit,2025-11-29,Active,17732.33,0.0,12.0,4.8
2c7d3663-5a64-4bb6-9eee-93ae5e72027d,a2df4517-6bd6-462a-9833-5662008bba5f,FixedDeposit,2024-10-12,Inactive,0.0,0.0,12.0,5.3
565f2256-a20f-4451-9897-401d9a44fa6b,a2df4517-6bd6-462a-9833-5662008bba5f,FixedDeposit,2025-01-19,Inactive,0.0,0.0,3.0,4.2
7411d46d-f4f2-4b7e-80ba-5e3c8e2c9f9a,5fa5d764-7a07-4cfa-9e59-056f58fbfb2c,Savings,2025-08-07,Active,112680.67,0.0,0.0,0.0
43183cd5-3352-4fe3-bd25-c78c488de862,5fa5d764-7a07-4cfa-9e59-056f58fbfb2c,Loan,2025-09-25,Active,11212.44,14949.93,12.0,16.1
e360268a-248f-460c-ab91-9daa40a37bd6,5fa5d764-7a07-4cfa-9e59-056f58fbfb2c,Loan,2025-08-19,Active,5717.95,6432.71,36.0,12.2
75c961db-6c97-4b81-84bd-102f5f79e5fa,5fa5d764-7a07-4cfa-9e59-056f58fbfb2c,FixedDeposit,2025-09-27,Active,29490.07,0.0,24.0,4.5
cbdd9386-dd83-479b-a5ba-a51a6c67da75,5fa5d764-7a07-4cfa-9e59-056f58fbfb2c,FixedDeposit,2025-11-15,Active,30773.13,0.0,24.0,4.5
0729da3b-89f5-42d9-90e4-19fde2f6159f,5fa5d764-7a07-4cfa-9e59-056f58fbfb2c,FixedDeposit,2025-10-21,Active,76001.15,0.0,3.0,4.2
5fbcc6c6-ac2c-425e-b669-1b8ae0e9b6bd,6d63c25a-2eb9-4b7a-a6f6-120cba15e047,Savings,2023-09-04,Active,316947.26,0.0,0.0,0.0
106d670c-5d2e-48a4-8a9c-fdffc92a8652,6d63c25a-2eb9-4b7a-a6f6-120cba15e047,FixedDeposit,2023-09-23,Inactive,0.0,0.0,6.0,5.0
56d81326-4877-46f2-a29a-79060dd818cf,6d63c25a-2eb9-4b7a-a6f6-120cba15e047,FixedDeposit,2024-05-04,Inactive,0.0,0.0,3.0,4.8
3802349d-34e9-408b-b456-986554acb2ed,6d63c25a-2eb9-4b7a-a6f6-120cba15e047,FixedDeposit,2024-11-17,Inactive,0.0,0.0,3.0,4.8
7e05682c-e335-4f82-b89e-236868638d4d,d6b5ecd9-c1ac-4c69-a886-e547416cdea4,Savings,2020-03-30,Active,154730.73,0.0,0.0,0.0
f2c5fef6-56a9-4b3a-bb7b-1635428f30fb,d6b5ecd9-c1ac-4c69-a886-e547416cdea4,Loan,2020-12-09,Inactive,0.0,530244.29,12.0,13.1
eba2f9ca-c0d7-4040-9b79-93a5820c34f5,d6b5ecd9-c1ac-4c69-a886-e547416cdea4,FixedDeposit,2025-11-29,Active,54089.38,0.0,12.0,4.8
5b1040e0-9d0b-4ca8-804e-3c43f26051b9,d6b5ecd9-c1ac-4c69-a886-e547416cdea4,FixedDeposit,2025-02-12,Active,89174.37,0.0,24.0,4.5
c8a39274-ebfd-40fd-9829-f0b396c3c05e,d6b5ecd9-c1ac-4c69-a886-e547416cdea4,FixedDeposit,2020-11-13,Inactive,0.0,0.0,24.0,1.2
05949752-8462-4840-93ac-3f742bc3289c,0c260fe3-5e7d-4e48-917a-8da0087f5ac4,Savings,2025-10-06,Active,12022.65,0.0,0.0,0.0
309011d7-5ad9-4f37-8835-374ca3ebb76e,6e9136e4-8059-46dd-b4bf-c19715804c75,Savings,2024-10-01,Active,4201.89,0.0,0.0,0.0
44f83d66-5e78-4ec7-9450-e91f18d1a7e6,6e9136e4-8059-46dd-b4bf-c19715804c75,FixedDeposit,2025-09-22,Active,84084.46,0.0,24.0,4.5
5dff1cde-3909-46f6-acd2-c00421dafed8,e44e9374-bb60-403c-a215-729f20c30185,Savings,2022-06-27,Active,457914.14,0.0,0.0,0.0
b0ebe388-b746-4015-b27f-d25750eea3c3,e44e9374-bb60-403c-a215-729f20c30185,Loan,2022-08-23,Inactive,0.0,48859.52,12.0,22.0
39bd274b-5450-4155-8c3f-ad6289b26d0d,c71bd27c-f360-4a2d-98ae-8b6c03635a17,Savings,2023-07-14,Active,315322.45,0.0,0.0,0.0
767136b0-69e5-43cf-9dfb-2371a5171c96,c71bd27c-f360-4a2d-98ae-8b6c03635a17,Loan,2024-12-17,Active,15203.4,20271.12,48.0,18.4
7abc574b-1374-4993-a57a-ce1aaa8c62d7,0b003667-bc67-46b1-bc02-2ba9ddd1346a,Savings,2024-07-02,Active,77609.38,0.0,0.0,0.0
0f423457-de81-4468-a9dd-0ea7c1f96ac3,0b003667-bc67-46b1-bc02-2ba9ddd1346a,FixedDeposit,2025-02-07,Active,84649.2,0.0,24.0,4.5
f7563444-6eb1-4679-8438-abefd8b8ba4b,0b003667-bc67-46b1-bc02-2ba9ddd1346a,FixedDeposit,2024-09-29,Active,99178.17,0.0,24.0,5.0
457837a1-b62f-41de-838a-aa29aeb34395,adbcdc30-7514-4486-919f-617e1549ea39,Savings,2024-08-29,Active,225745.12,0.0,0.0,0.0
8cd9841e-dc29-4566-a7e8-6180fe8a5905,adbcdc30-7514-4486-919f-617e1549ea39,FixedDeposit,2025-08-16,Active,78661.42,0.0,6.0,4.5
5e162ca6-0997-48b1-a301-1d065e0e0d6f,adbcdc30-7514-4486-919f-617e1549ea39,FixedDeposit,2024-09-23,Inactive,0.0,0.0,12.0,5.3
e7797f58-c505-4573-b0c9-78bebe98e8d3,3c6b8b90-e83e-4f6d-95f2-faff1d9dc837,Savings,2020-08-13,Active,380982.98,0.0,0.0,0.0
1f111e19-4303-483e-bfec-f29f8c44d387,3c6b8b90-e83e-4f6d-95f2-faff1d9dc837,FixedDeposit,2021-10-18,Inactive,0.0,0.0,24.0,1.2
b6c57ca7-0f9f-46d6-af90-295f55b65dc0,139b360a-7725-4a4d-a229-eab80be8d4fa,Savings,2024-11-19,Active,105749.21,0.0,0.0,0.0
fc16a5c4-6baf-4002-b0e3-92524e56f897,139b360a-7725-4a4d-a229-eab80be8d4fa,Loan,2025-08-20,Active,28821.33,34585.61,24.0,19.3
95a0938d-4f55-4b08-af95-190fca1d43ab,139b360a-7725-4a4d-a229-eab80be8d4fa,FixedDeposit,2025-05-17,Active,17964.74,0.0,12.0,4.8
12fc8841-1f94-4a81-8040-90463bfb109a,17bdf970-f6e1-4e55-b21e-1bf00743809c,Savings,2025-06-03,Active,1105138.52,0.0,0.0,0.0
ff860063-d7bb-49b5-97ee-e97a5dc65697,17bdf970-f6e1-4e55-b21e-1bf00743809c,Loan,2025-10-26,Active,316741.05,335372.87,36.0,6.9
009749b4-7c3e-4d88-8d83-92c78e5582a8,17bdf970-f6e1-4e55-b21e-1bf00743809c,Loan,2025-06-26,Active,517185.97,689581.27,24.0,23.3
4fb68647-c939-4cc3-b5ee-3cda17b80a3d,88b9d5fb-84ba-4a6a-b6a4-fcb2847902d7,Savings,2021-07-05,Active,279647.45,0.0,0.0,0.0
c56ac5f4-67d6-45e8-a4c1-404fea03e2b6,88b9d5fb-84ba-4a6a-b6a4-fcb2847902d7,FixedDeposit,2023-08-30,Inactive,0.0,0.0,6.0,5.0
e6e8475e-d76f-4bc5-ada3-5550541c6aac,bb8b5eef-dc0d-480d-8836-70af23349963,Savings,2020-09-29,Active,438738.26,0.0,0.0,0.0
6f302f00-94b0-4544-82cf-8439162a8303,bb8b5eef-dc0d-480d-8836-70af23349963,FixedDeposit,2025-07-16,Active,53350.03,0.0,12.0,4.8
0d9e9605-cd07-4c68-a675-c106ae50e7ed,bb8b5eef-dc0d-480d-8836-70af23349963,FixedDeposit,2024-06-05,Active,25920.17,0.0,24.0,5.0
5d389af9-1f69-4d58-a59a-bd2f92377fa7,bb8b5eef-dc0d-480d-8836-70af23349963,FixedDeposit,2022-02-28,Inactive,0.0,0.0,36.0,3.2
e71db519-a4f8-4fff-8517-a2143055c263,14fc0cad-0cd2-4f8e-9a1a-f77df333e580,Savings,2021-11-30,Active,15170.02,0.0,0.0,0.0
e0c17113-4fca-413e-b436-57eec31d52e7,14fc0cad-0cd2-4f8e-9a1a-f77df333e580,Loan,2024-09-21,Active,128919.45,773516.55,12.0,11.2
da128839-9cea-40c6-b621-8fb4ebcc2cee,14fc0cad-0cd2-4f8e-9a1a-f77df333e580,Loan,2024-09-22,Inactive,0.0,40920.72,12.0,24.0
77a7588f-2b3d-401a-b0e6-aa7025057a73,9b7c4c38-9658-4f45-ab30-683eb7d6df70,Savings,2024-03-06,Active,313050.06,0.0,0.0,0.0
66be620c-1617-4a6c-bf9c-10e92dbbca97,9b7c4c38-9658-4f45-ab30-683eb7d6df70,Loan,2024-07-17,Active,327713.03,507426.66,48.0,13.7
0d7c550c-39e8-4e88-88b5-a82e208ef7e2,07f4208d-7218-4070-85b7-2b540a1bddbe,Savings,2021-06-14,Active,462036.37,0.0,0.0,0.0
6a14c253-6dcd-4df9-a1b6-29878340200e,07f4208d-7218-4070-85b7-2b540a1bddbe,Loan,2021-07-24,Inactive,0.0,12382.33,12.0,7.9
718302c2-856d-4fe0-abed-2c9c2d332aa3,07f4208d-7218-4070-85b7-2b540a1bddbe,Loan,2025-10-28,Active,343889.91,358841.65,48.0,8.8
4a49791a-ca12-461e-8e22-8395d82a93be,07f4208d-7218-4070-85b7-2b540a1bddbe,FixedDeposit,2024-08-10,Active,62750.39,0.0,36.0,4.7
2e0e89dd-03b7-4e9c-8ae8-74dbce6fe198,07f4208d-7218-4070-85b7-2b540a1bddbe,FixedDeposit,2024-04-05,Active,97996.82,0.0,24.0,5.0
43e29aaa-65bf-4555-85c5-0c6e8d53489d,a022e20c-033f-416a-a1e8-3f1dd45ea49c,Savings,2021-02-21,Active,253714.5,0.0,0.0,0.0
1f547dc7-1d06-4c65-9da4-efdee27990a6,a022e20c-033f-416a-a1e8-3f1dd45ea49c,Loan,2022-11-21,Inactive,0.0,10906.99,36.0,20.1
93ab8af8-6cbf-4265-bb7f-01cc55205fe4,a022e20c-033f-416a-a1e8-3f1dd45ea49c,FixedDeposit,2025-10-08,Active,60169.1,0.0,12.0,4.8
643ba77d-1f59-48fa-8825-1108212b9e6c,a022e20c-033f-416a-a1e8-3f1dd45ea49c,FixedDeposit,2022-06-01,Inactive,0.0,0.0,36.0,3.2
7c3fe193-9eab-4931-b75a-121972d9a599,50fe4fbc-766c-4207-a0a0-8b7e21f8bd9b,Savings,2020-08-27,Active,99396.38,0.0,0.0,0.0
27763eb9-f0f4-47d4-8ba7-f526cc4d204e,50fe4fbc-766c-4207-a0a0-8b7e21f8bd9b,Loan,2022-09-25,Inactive,0.0,77570.96,12.0,17.1
7285fb41-78b4-427c-b4a0-54345e79dbef,bcf581fb-ab12-4345-afcb-703db1f0c016,Savings,2020-02-26,Active,467495.18,0.0,0.0,0.0
b27d91e4-12f5-40f2-a057-f3b312981c9f,bcf581fb-ab12-4345-afcb-703db1f0c016,Loan,2021-11-12,Active,56214.62,337286.62,60.0,15.4
a32dd775-5a95-41d6-8e18-427bbf4764fb,bcf581fb-ab12-4345-afcb-703db1f0c016,Loan,2021-11-24,Inactive,0.0,53754.74,48.0,16.9
2cf5d965-367b-4910-a56f-5d870fb69424,bcf581fb-ab12-4345-afcb-703db1f0c016,FixedDeposit,2023-08-28,Inactive,0.0,0.0,6.0,5.0
3e6366b1-4383-4860-b5f9-b368287fe564,bcf581fb-ab12-4345-afcb-703db1f0c016,FixedDeposit,2021-10-03,Inactive,0.0,0.0,12.0,1.0
9eb32560-f7a9-41ea-be8c-3a11afdd8df6,bcf581fb-ab12-4345-afcb-703db1f0c016,FixedDeposit,2020-06-15,Inactive,0.0,0.0,36.0,1.4
be6d45a6-2f12-4ff8-a728-10a89f088629,1a87c5f3-a932-4852-ac0c-b0ac5a2627b1,Savings,2024-04-30,Active,27186.91,0.0,0.0,0.0
ab6dee35-93cc-4809-b32e-335604992d3f,1a87c5f3-a932-4852-ac0c-b0ac5a2627b1,FixedDeposit,2025-06-23,Active,69501.12,0.0,12.0,4.8
ca1b6b11-a79d-400a-95f6-ff487f96ba00,65f1d124-89c9-4f73-85e9-7e41168a6d2f,Savings,2020-10-14,Active,296905.45,0.0,0.0,0.0
7f935674-235d-4400-939f-0ff151c19612,65f1d124-89c9-4f73-85e9-7e41168a6d2f,FixedDeposit,2025-09-29,Active,70284.15,0.0,36.0,4.2
2d03f832-5080-413b-8fe5-251bbdb33a61,65f1d124-89c9-4f73-85e9-7e41168a6d2f,FixedDeposit,2024-11-30,Inactive,0.0,0.0,6.0,5.1
73794010-2246-4034-b906-7f7997d2141e,65f1d124-89c9-4f73-85e9-7e41168a6d2f,FixedDeposit,2022-04-16,Inactive,0.0,0.0,3.0,1.5
4245cd27-71bf-4da8-bb6c-135dcb7dd66f,53134493-9a0c-41b3-bd02-be331b94746a,Savings,2024-11-09,Active,123465.37,0.0,0.0,0.0
37c593ea-f915-43eb-8a87-c5155057a6d9,53134493-9a0c-41b3-bd02-be331b94746a,Loan,2025-04-27,Active,6074.49,18223.37,12.0,18.3
33e645bc-527b-4bc9-b534-40cc7b382b53,53134493-9a0c-41b3-bd02-be331b94746a,FixedDeposit,2024-12-10,Inactive,0.0,0.0,3.0,4.8
df891a39-3098-4080-a489-21c6f2e1a64c,53134493-9a0c-41b3-bd02-be331b94746a,FixedDeposit,2025-07-12,Active,25696.33,0.0,12.0,4.8
fafbd24c-3ba3-46d9-90b5-4f5115d81fe6,c6230195-dc16-48e3-9f61-a81c49caa3bb,Savings,2022-05-17,Active,155801.46,0.0,0.0,0.0
6c8ca934-7954-4f12-9995-2e74d91128d8,14554bec-65be-44b9-b013-2964f1e5d644,Savings,2021-11-19,Active,205477.72,0.0,0.0,0.0
7a97998b-2477-47d2-844a-0154a141eed0,14554bec-65be-44b9-b013-2964f1e5d644,FixedDeposit,2025-09-04,Inactive,0.0,0.0,3.0,4.2
33e0ae80-668e-40fa-b7d4-e558a7c8159f,14554bec-65be-44b9-b013-2964f1e5d644,FixedDeposit,2023-08-03,Active,42415.49,0.0,36.0,4.5
209ac7de-6719-490f-a197-299dfda288ad,14554bec-65be-44b9-b013-2964f1e5d644,FixedDeposit,2025-01-24,Inactive,0.0,0.0,3.0,4.2
dbda7b30-5718-4346-8635-7c55372c70c0,ad1d31b1-3abe-4f5f-b70b-2c588b09be69,Savings,2022-08-22,Active,357353.28,0.0,0.0,0.0
56a10073-0514-43e1-b9ca-a5a3437b0688,ad1d31b1-3abe-4f5f-b70b-2c588b09be69,Loan,2024-08-04,Active,193612.55,299787.07,48.0,8.1
8eb5bfed-59a8-4af7-a97c-5f6753904f1f,ad1d31b1-3abe-4f5f-b70b-2c588b09be69,FixedDeposit,2023-07-16,Inactive,0.0,0.0,3.0,4.5
cf249795-3312-40f2-8f95-e11cefa6d0d4,49088e52-2653-421d-9e75-61713203308d,Savings,2020-11-05,Active,250010.55,0.0,0.0,0.0
5978f9d8-b02a-42a7-8484-884ddb278d9e,49088e52-2653-421d-9e75-61713203308d,Loan,2021-10-15,Active,14442.6,231080.7,48.0,9.2
ea30e1d4-5a73-4cf9-bf96-777c2b157ebb,49088e52-2653-421d-9e75-61713203308d,Loan,2022-09-02,Inactive,0.0,58843.57,12.0,19.4
69368bf2-44f5-415f-8fea-92b575f98546,49088e52-2653-421d-9e75-61713203308d,FixedDeposit,2023-04-07,Inactive,0.0,0.0,12.0,5.2
ddbb6ab9-ab1f-4866-aa00-045c7268c852,49088e52-2653-421d-9e75-61713203308d,FixedDeposit,2023-06-02,Inactive,0.0,0.0,6.0,5.0
5e366f02-52d4-400b-9b58-b1d4b69770cc,49088e52-2653-421d-9e75-61713203308d,FixedDeposit,2022-10-24,Inactive,0.0,0.0,36.0,3.2
8720941d-61fc-4ae6-a099-dcfcb37d2a2b,00ca63ec-4ba0-45f9-9525-251368ca7e7a,Savings,2025-09-28,Active,15813.19,0.0,0.0,0.0
d320fd38-f943-4eb5-9228-308ac341cc2f,00ca63ec-4ba0-45f9-9525-251368ca7e7a,Loan,2025-10-29,Active,14498.34,15816.36,24.0,11.9
5d2f8284-dcf3-4d74-a8dc-70adebf7af36,00ca63ec-4ba0-45f9-9525-251368ca7e7a,FixedDeposit,2025-11-21,Active,9910.85,0.0,6.0,4.5
e1016a9e-c132-4f60-91b2-78506b4d534e,00ca63ec-4ba0-45f9-9525-251368ca7e7a,FixedDeposit,2025-10-09,Active,4442.15,0.0,3.0,4.2
5e925ed4-222a-4928-b1ef-7fe1a361d26b,00ca63ec-4ba0-45f9-9525-251368ca7e7a,FixedDeposit,2025-11-23,Active,87151.97,0.0,36.0,4.2
f85b41cd-8e1e-4afb-aa8b-97cee44aa389,7493b6cf-51fc-4216-843f-916d259a311c,Savings,2020-12-11,Active,584451.78,0.0,0.0,0.0
65809bc5-2182-4ebd-8dde-7f07dbc984ec,7493b6cf-51fc-4216-843f-916d259a311c,Loan,2020-12-19,Inactive,0.0,10449.32,24.0,7.6
6f88985b-4fcc-4871-8399-4aaca180d61e,7493b6cf-51fc-4216-843f-916d259a311c,Loan,2024-04-17,Active,1078.12,6468.52,24.0,22.7
6c31e530-277b-44d2-8515-54a9a455a063,7493b6cf-51fc-4216-843f-916d259a311c,FixedDeposit,2023-11-28,Active,4737.46,0.0,36.0,4.5
4a1ecf76-709d-471f-a005-97eae00665d4,7493b6cf-51fc-4216-843f-916d259a311c,FixedDeposit,2023-06-27,Active,64593.93,0.0,36.0,4.5
c782e187-0842-4c7d-857a-d6ea1a4629ac,7493b6cf-51fc-4216-843f-916d259a311c,FixedDeposit,2022-07-30,Inactive,0.0,0.0,24.0,3.0
1bb36b65-d027-4b3e-b578-03de60cdb549,06982117-6075-4ea3-80f3-211f891caa7f,Savings,2022-10-10,Active,247385.44,0.0,0.0,0.0
b2c847d3-06d2-4032-b319-87db32e3c123,06982117-6075-4ea3-80f3-211f891caa7f,Loan,2025-05-22,Active,5078.76,6304.67,36.0,16.4
37115a29-bf11-4692-9082-ac20818a71da,06982117-6075-4ea3-80f3-211f891caa7f,Loan,2025-10-20,Active,4750.89,5030.35,36.0,15.9
e4a7bf13-8b7b-402e-9a86-d071d117dc82,06982117-6075-4ea3-80f3-211f891caa7f,FixedDeposit,2024-08-18,Active,77753.98,0.0,36.0,4.7
97bc9882-713f-4376-aaa5-b23e8473c90c,06982117-6075-4ea3-80f3-211f891caa7f,FixedDeposit,2023-11-20,Active,95429.25,0.0,36.0,4.5
6f7748a5-5a23-4863-b2f6-78cca478356b,06982117-6075-4ea3-80f3-211f891caa7f,FixedDeposit,2024-12-30,Active,40756.47,0.0,24.0,5.0
d26f5cf2-6543-4692-84ed-a8e9d9635afc,2fea3e9e-2f1b-404c-9b00-e28c28fe292c,Savings,2022-11-08,Active,42810.66,0.0,0.0,0.0
fa375dd7-d680-4301-85b4-56bf04721324,2fea3e9e-2f1b-404c-9b00-e28c28fe292c,Loan,2025-08-31,Active,12264.46,18396.7,12.0,23.9
85e34444-f3c2-4ba1-82f4-2b1ca0c8057a,2fea3e9e-2f1b-404c-9b00-e28c28fe292c,Loan,2025-07-24,Active,15087.87,16842.27,48.0,23.0
4b7b9245-3a88-4d85-8e9d-21e100f3329e,2fea3e9e-2f1b-404c-9b00-e28c28fe292c,FixedDeposit,2024-12-20,Active,79992.88,0.0,24.0,5.0
c73f84da-b9f5-4ea4-80c8-9459641d4fee,2fea3e9e-2f1b-404c-9b00-e28c28fe292c,FixedDeposit,2023-12-13,Inactive,0.0,0.0,3.0,4.5
eea1f255-7155-40ee-8bf9-fcf9b980c109,2fea3e9e-2f1b-404c-9b00-e28c28fe292c,FixedDeposit,2025-10-28,Active,59525.5,0.0,3.0,4.2
6840bbb7-934c-4587-8b47-6b8abee40de0,b726e148-4a35-421f-a13e-ff5e0940f2b2,Savings,2023-03-10,Active,93421.83,0.0,0.0,0.0
12b303b4-92cf-440c-8ce6-1d75a7a525b2,b726e148-4a35-421f-a13e-ff5e0940f2b2,Loan,2024-08-31,Active,914.01,1246.33,60.0,22.2
5b52f01e-c1eb-4a3c-9de9-9fc8d36c72d4,b726e148-4a35-421f-a13e-ff5e0940f2b2,FixedDeposit,2025-02-09,Inactive,0.0,0.0,3.0,4.2
6a7d8996-66f2-415c-96aa-85b9e9bbe2cc,b726e148-4a35-421f-a13e-ff5e0940f2b2,FixedDeposit,2025-10-03,Active,67027.21,0.0,24.0,4.5
e85980ea-ca81-4df4-a82c-5cfae8e360bf,b726e148-4a35-421f-a13e-ff5e0940f2b2,FixedDeposit,2025-05-09,Active,9679.19,0.0,24.0,4.5
6f47dfae-605e-4bd9-a9c7-5d9cbcc3f0e8,6d8c63c2-6618-4086-803d-7ae51ca12e77,Savings,2020-06-06,Active,538403.81,0.0,0.0,0.0
2e2ff572-6cd9-43bc-bfee-908e6f80e3b9,6d8c63c2-6618-4086-803d-7ae51ca12e77,FixedDeposit,2025-08-29,Inactive,0.0,0.0,3.0,4.2
7a84c98d-8e68-41b3-a93a-b61bdd429187,6d8c63c2-6618-4086-803d-7ae51ca12e77,FixedDeposit,2023-06-14,Active,27904.19,0.0,36.0,4.5
38a97337-52a7-4f05-8dee-de5e35e03971,90ebe80a-b125-4a4d-ad48-472d78573152,Savings,2024-12-30,Active,26944.43,0.0,0.0,0.0
b15919d8-1318-40aa-854b-14446d01f42c,90ebe80a-b125-4a4d-ad48-472d78573152,FixedDeposit,2025-11-27,Active,97412.63,0.0,6.0,4.5
838ea7e8-a682-4729-b5bd-922ec2c52e17,90ebe80a-b125-4a4d-ad48-472d78573152,FixedDeposit,2025-10-03,Active,56099.18,0.0,3.0,4.2
416691d3-873d-4f82-b901-43e1e15cc476,9cbadf30-f568-4d8e-a52c-7c99e85856e6,Savings,2021-06-18,Active,597732.32,0.0,0.0,0.0
124d5b1c-6e20-43ce-b03a-8091d6c6f295,9cbadf30-f568-4d8e-a52c-7c99e85856e6,Loan,2025-05-31,Active,341629.55,399956.56,48.0,21.7
6b0b0f26-fc08-49ca-96c3-a5df6a95b4b9,9cbadf30-f568-4d8e-a52c-7c99e85856e6,Loan,2024-01-24,Active,5740.27,15896.15,36.0,21.9
a93a0d36-8e15-457b-b3fe-21e133667718,9cbadf30-f568-4d8e-a52c-7c99e85856e6,FixedDeposit,2021-11-18,Inactive,0.0,0.0,36.0,1.4
1f2303c3-3c3b-4459-8132-f0cb5ef6fe94,9cbadf30-f568-4d8e-a52c-7c99e85856e6,FixedDeposit,2022-09-09,Inactive,0.0,0.0,36.0,3.2
5f406e03-bfb3-4754-bf56-ecd8766477cf,9cbadf30-f568-4d8e-a52c-7c99e85856e6,FixedDeposit,2024-04-24,Inactive,0.0,0.0,3.0,4.8
e422e7f5-351a-41fe-a9dd-91a3505c072b,a0ca1a73-c166-4130-b256-6dbe4251d4dd,Savings,2024-04-15,Active,183207.86,0.0,0.0,0.0
fedba6cc-8f96-436e-90f1-e4fd886b871f,a0ca1a73-c166-4130-b256-6dbe4251d4dd,FixedDeposit,2024-06-06,Inactive,0.0,0.0,6.0,5.1
346ff51c-01b9-45e0-addc-469fa166e651,b414bf0d-9dea-435c-bc11-aa91a4f44152,Savings,2023-12-10,Active,377664.39,0.0,0.0,0.0
522d8459-c2a2-4d18-a7b9-001267524f3c,b414bf0d-9dea-435c-bc11-aa91a4f44152,Loan,2025-03-28,Active,3211.58,12846.44,12.0,17.9
9b8b85e2-0b00-48f6-ab82-7f28677faba6,b414bf0d-9dea-435c-bc11-aa91a4f44152,Loan,2024-12-25,Active,6037.79,8050.43,48.0,18.3
29c34ae8-4e7b-4bc2-8df2-274cbd3cb1a7,b414bf0d-9dea-435c-bc11-aa91a4f44152,FixedDeposit,2024-08-02,Inactive,0.0,0.0,6.0,5.1
1c63f3be-6e4d-4ef2-90f0-af153f572250,b414bf0d-9dea-435c-bc11-aa91a4f44152,FixedDeposit,2023-12-27,Inactive,0.0,0.0,12.0,5.2
aac1e41f-8cd5-4684-91ab-6a89e5006737,b414bf0d-9dea-435c-bc11-aa91a4f44152,FixedDeposit,2024-09-26,Inactive,0.0,0.0,6.0,5.1
4e85b2bc-81fd-48d4-befe-973b48c91fd1,f05280df-c788-40f4-8911-12a866163969,Savings,2020-11-07,Active,625806.98,0.0,0.0,0.0
a00098d6-f1e4-4d66-9635-540ac205415f,f05280df-c788-40f4-8911-12a866163969,Loan,2022-08-15,Active,4483.58,14159.17,60.0,20.3
24ccc42b-e5af-4137-b84e-af5d69079ce7,f05280df-c788-40f4-8911-12a866163969,Loan,2025-01-26,Active,11936.0,14615.49,60.0,21.8
b1849b41-efc5-46f8-a073-abaccb362736,f05280df-c788-40f4-8911-12a866163969,FixedDeposit,2025-06-01,Active,84115.07,0.0,24.0,4.5
b4458340-18cd-4cee-b05f-2e5978e63a11,f05280df-c788-40f4-8911-12a866163969,FixedDeposit,2023-01-04,Inactive,0.0,0.0,3.0,4.5
cdee8cb6-df5e-4eb7-9f72-2747872a6ad9,f05280df-c788-40f4-8911-12a866163969,FixedDeposit,2022-02-14,Inactive,0.0,0.0,6.0,2.2
26ec1b5c-c3dd-478c-9188-9ede53f4f817,7568c9f4-07b0-48dd-8f00-177a33c476be,Savings,2023-08-06,Active,107594.88,0.0,0.0,0.0
55a8fff9-b43c-4b89-8797-2cca42a14022,7568c9f4-07b0-48dd-8f00-177a33c476be,Loan,2023-11-06,Inactive,0.0,5504.54,24.0,10.8
dddae6d1-94d1-46bd-931f-e8428ab2e707,b280db7e-22de-489f-8501-5eec39279217,Savings,2024-02-11,Active,346376.68,0.0,0.0,0.0
27a218fd-49cc-4072-899f-02257d425b97,b280db7e-22de-489f-8501-5eec39279217,Loan,2024-10-24,Active,14211.82,18537.12,60.0,16.7
8df441ad-fb43-4d5b-b9d1-db7674504807,b12c681e-a038-46cd-81aa-5df0ca1b039b,Savings,2022-01-23,Active,145004.13,0.0,0.0,0.0
864f1a74-7d01-4692-af53-ca6b995453b7,b12c681e-a038-46cd-81aa-5df0ca1b039b,Loan,2022-10-20,Inactive,0.0,32661.35,24.0,8.0
ecdaca09-1a66-4cc0-b7d7-e54e97dbb8ca,b12c681e-a038-46cd-81aa-5df0ca1b039b,Loan,2025-01-02,Inactive,0.0,221351.12,12.0,15.0
f05ca309-ca44-4718-a7b8-7df2cdaeb198,b12c681e-a038-46cd-81aa-5df0ca1b039b,FixedDeposit,2024-08-18,Inactive,0.0,0.0,3.0,4.8
33a1deef-039d-4d7c-8878-575749e51455,b12c681e-a038-46cd-81aa-5df0ca1b039b,FixedDeposit,2024-07-30,Inactive,0.0,0.0,12.0,5.3
619869d0-c3e8-491d-8172-691be4b425a1,fdbad7a9-ba1e-400f-bca7-c129bf9ce3d6,Savings,2023-07-09,Active,118534.91,0.0,0.0,0.0
66430c3f-db51-49be-befe-743dded11177,b55d80b0-f93f-4229-8d64-2cf81dd98d1b,Savings,2024-08-03,Active,158226.11,0.0,0.0,0.0
0a0a54bb-9d2d-4226-aded-d8f7537dc9fa,b55d80b0-f93f-4229-8d64-2cf81dd98d1b,Loan,2025-09-06,Active,13544.31,18059.07,12.0,22.3
8e366caa-8f9a-4c75-836f-728e3733f4a8,b55d80b0-f93f-4229-8d64-2cf81dd98d1b,FixedDeposit,2024-09-23,Inactive,0.0,0.0,3.0,4.8
73072f7b-3d4e-499d-960e-a512dd9d1a5d,b55d80b0-f93f-4229-8d64-2cf81dd98d1b,FixedDeposit,2025-01-12,Active,34132.09,0.0,36.0,4.2
c932e070-76d1-4c54-8f3f-ea18d38ebbea,1842e120-1fe8-4b3a-87a2-c70ebccc8948,Savings,2025-10-22,Active,14011.36,0.0,0.0,0.0
4fc9d26b-f121-48ce-b452-c74d022c9494,1842e120-1fe8-4b3a-87a2-c70ebccc8948,FixedDeposit,2025-11-17,Active,23390.87,0.0,36.0,4.2
4bdb70f0-98be-4a2b-bbf6-f7661c13a3be,1842e120-1fe8-4b3a-87a2-c70ebccc8948,FixedDeposit,2025-10-23,Active,79419.42,0.0,6.0,4.5
9ec989a1-88cc-41b8-bb1f-2215ba7c8333,1842e120-1fe8-4b3a-87a2-c70ebccc8948,FixedDeposit,2025-10-24,Active,84790.94,0.0,24.0,4.5
8ef09e48-81c0-47ba-a28e-9a44ca2f5b97,c6b25a39-306d-4cd6-abd1-8c5df98dcd53,Savings,2024-03-07,Active,17201.16,0.0,0.0,0.0
58b85db1-56dd-4bcc-969c-2e79ed7a99ef,6cd11371-2739-4ded-b960-be9b249e4f8d,Savings,2020-04-28,Active,593662.8,0.0,0.0,0.0
1d57a1c8-1384-4e7b-84eb-7572c5e666aa,6cd11371-2739-4ded-b960-be9b249e4f8d,FixedDeposit,2023-01-23,Inactive,0.0,0.0,3.0,4.5
8bec835a-7183-4aa2-b8c7-7f58ab8c1ce2,6cd11371-2739-4ded-b960-be9b249e4f8d,FixedDeposit,2022-10-15,Inactive,0.0,0.0,12.0,2.8
57427bb1-e7cc-407d-abfa-4c83660fab6f,c1433db9-3fd5-4936-bb7d-64c7ab41788d,Savings,2020-07-08,Active,675075.16,0.0,0.0,0.0
b0c7745a-3744-462a-a590-7b14620a1e5e,26063cb4-a9d3-49ab-8075-264aabf9bd52,Savings,2020-06-25,Active,251619.75,0.0,0.0,0.0
8f191b22-b08d-41d3-b3c8-64af88dc0f93,26063cb4-a9d3-49ab-8075-264aabf9bd52,Loan,2021-04-09,Inactive,0.0,65305.34,36.0,19.7
1c5455bb-cd55-4734-b8d2-e4b8a361b906,26063cb4-a9d3-49ab-8075-264aabf9bd52,FixedDeposit,2022-05-22,Inactive,0.0,0.0,3.0,1.5
9718c061-3add-44eb-8abe-8d02bada45b4,26063cb4-a9d3-49ab-8075-264aabf9bd52,FixedDeposit,2023-08-14,Inactive,0.0,0.0,3.0,4.5
3423a23b-812f-4ab7-938f-c85c5c5f057a,26063cb4-a9d3-49ab-8075-264aabf9bd52,FixedDeposit,2023-01-29,Inactive,0.0,0.0,6.0,5.0
6a8c244f-19d4-44e7-8c53-b625a8d0cdd7,b3022ba9-ab3a-4639-8635-590ecebc44a3,Savings,2024-10-05,Active,55441.85,0.0,0.0,0.0
a23dc6a3-8d4a-48ce-9657-7f72dbfc0476,b3022ba9-ab3a-4639-8635-590ecebc44a3,Loan,2025-05-10,Active,47043.6,55075.4,48.0,16.9
824a68a2-0d18-41f3-a924-66f4302900cc,b3022ba9-ab3a-4639-8635-590ecebc44a3,FixedDeposit,2025-08-16,Active,81954.08,0.0,12.0,4.8
670b3199-4480-4fcd-8e12-69f0d572bb95,b3022ba9-ab3a-4639-8635-590ecebc44a3,FixedDeposit,2025-10-20,Active,21073.21,0.0,36.0,4.2
95eba42f-7749-4490-8b93-eb9c35d58547,2a67c751-e6ff-4e94-89c2-c4bfa63ba494,Savings,2020-09-14,Active,447454.51,0.0,0.0,0.0
f109a4ad-216b-4ac6-9268-b6c523f7b9b8,2a67c751-e6ff-4e94-89c2-c4bfa63ba494,Loan,2021-04-05,Inactive,0.0,384659.07,24.0,10.1
96b4a157-da75-498f-9d7d-7b8ac69b0eec,2a67c751-e6ff-4e94-89c2-c4bfa63ba494,Loan,2021-05-12,Inactive,0.0,21179.51,36.0,7.3
e10ff95c-779b-4adb-ace4-e8b0222cf849,2a67c751-e6ff-4e94-89c2-c4bfa63ba494,FixedDeposit,2024-08-09,Inactive,0.0,0.0,12.0,5.3
d62d13fb-27a4-4798-9a9e-9ec9bed4f7ec,2a67c751-e6ff-4e94-89c2-c4bfa63ba494,FixedDeposit,2025-06-28,Active,28721.56,0.0,24.0,4.5
a1bbbe67-3110-4c9b-ad2f-8cacd548ddce,c9dadb2f-4aa1-4ab4-931f-5a8786743b12,Savings,2025-05-01,Active,69773.68,0.0,0.0,0.0
1e8f4ee5-50c6-4702-9232-0b65721cd94a,c9dadb2f-4aa1-4ab4-931f-5a8786743b12,Loan,2025-05-19,Active,8641.3,9782.58,60.0,20.9
35f3c1ee-0b8f-42ac-a74e-5f2582f2ebb0,c9dadb2f-4aa1-4ab4-931f-5a8786743b12,Loan,2025-09-05,Active,14877.5,16229.99,36.0,15.8
39b34aab-10dc-4f48-ad99-33092de14931,c9dadb2f-4aa1-4ab4-931f-5a8786743b12,FixedDeposit,2025-09-14,Active,73554.14,0.0,12.0,4.8
e590a8ab-a053-43f5-91bc-3fdc043ae3be,c9dadb2f-4aa1-4ab4-931f-5a8786743b12,FixedDeposit,2025-07-01,Inactive,0.0,0.0,3.0,4.2
1fac2306-e67d-4b7d-bde2-653365eb9d19,c9dadb2f-4aa1-4ab4-931f-5a8786743b12,FixedDeposit,2025-08-07,Active,36933.78,0.0,36.0,4.2
43b7bb10-aa56-47a9-8515-24983df0839a,0e445b51-c4ef-4469-b5bc-0b5aac6a46b0,Savings,2021-12-03,Active,308838.74,0.0,0.0,0.0
26192e9a-f823-4366-9e7b-459f88d0d80f,0e445b51-c4ef-4469-b5bc-0b5aac6a46b0,Loan,2022-12-09,Inactive,0.0,32785.89,24.0,16.0
c884d41a-b828-4769-81f7-908a54623f53,0e445b51-c4ef-4469-b5bc-0b5aac6a46b0,FixedDeposit,2025-06-12,Active,13363.42,0.0,24.0,4.5
57f86b28-bf5f-46ec-b302-2bb71e350ff1,0e445b51-c4ef-4469-b5bc-0b5aac6a46b0,FixedDeposit,2025-11-08,Active,21947.63,0.0,36.0,4.2
cf7af3ba-945f-4c45-a931-6d77600f9bc3,2a35e642-e8d8-45fe-95d5-fa66bc326571,Savings,2022-08-05,Active,164766.59,0.0,0.0,0.0
6d9dca17-b603-4eec-891e-1dfe030ace7d,2a35e642-e8d8-45fe-95d5-fa66bc326571,Loan,2023-10-21,Active,1079.04,2354.34,48.0,23.3
41e6a773-4e18-4dc1-82fb-844a596ff386,2a35e642-e8d8-45fe-95d5-fa66bc326571,FixedDeposit,2023-11-25,Inactive,0.0,0.0,6.0,5.0
c2a10794-ef73-4231-89e4-e619bc10ebd6,2a35e642-e8d8-45fe-95d5-fa66bc326571,FixedDeposit,2025-06-30,Active,94252.83,0.0,12.0,4.8
1060c5a6-cba2-4b72-ae45-5b4f1f6a2a36,2a35e642-e8d8-45fe-95d5-fa66bc326571,FixedDeposit,2022-10-27,Inactive,0.0,0.0,36.0,3.2
5122a597-72c9-46c3-8e30-79e9ce9375bd,5f6c4a37-9c57-4280-8228-70443a2c05cc,Savings,2021-01-28,Active,728307.52,0.0,0.0,0.0
785eedae-57bb-450c-849b-3c60c6be399f,5f6c4a37-9c57-4280-8228-70443a2c05cc,FixedDeposit,2021-02-09,Inactive,0.0,0.0,3.0,0.5
c840361b-a9a7-48fd-be98-793e61b0291c,5f6c4a37-9c57-4280-8228-70443a2c05cc,FixedDeposit,2023-10-05,Inactive,0.0,0.0,24.0,4.8
0155cb23-472e-41ee-ac8f-efd455fc932f,95a305b2-874c-4be6-af3c-fae4bf43eead,Savings,2021-11-24,Active,470698.6,0.0,0.0,0.0
1f6ba90e-a7bd-459a-8f67-fef9a3057df6,95a305b2-874c-4be6-af3c-fae4bf43eead,FixedDeposit,2022-03-28,Inactive,0.0,0.0,36.0,3.2
7cfce640-d61b-406b-bd5c-6500fa2696cd,95a305b2-874c-4be6-af3c-fae4bf43eead,FixedDeposit,2023-04-29,Inactive,0.0,0.0,12.0,5.2
681930c0-8a7e-47a9-87a0-f02737f02f53,95a305b2-874c-4be6-af3c-fae4bf43eead,FixedDeposit,2022-04-04,Inactive,0.0,0.0,3.0,1.5
ea09e8a0-b173-4d45-8f33-25e43bdace52,20bc2587-694f-475b-869d-25b4f492a97a,Savings,2022-01-07,Active,314148.4,0.0,0.0,0.0
214bc995-f4b4-44a7-9778-6d223c3b2b18,20bc2587-694f-475b-869d-25b4f492a97a,Loan,2022-04-29,Active,3300.29,39602.93,48.0,8.3
6d1c12f2-85ee-4e33-a0ec-e069fd4d1f63,fa2e0e1b-e5bc-4936-9b50-878e97cbc694,Savings,2022-04-28,Active,51899.74,0.0,0.0,0.0
dd935e94-9d7b-4ad7-b6b6-cc1970034950,fa2e0e1b-e5bc-4936-9b50-878e97cbc694,Loan,2024-02-18,Inactive,0.0,12699.73,12.0,12.8
a564877c-40fc-4e9e-a8a7-6909451317cb,fa2e0e1b-e5bc-4936-9b50-878e97cbc694,Loan,2023-07-13,Active,648.86,3893.96,36.0,7.7
e2696077-bc61-4d44-9d7f-08730ae5dce0,fa2e0e1b-e5bc-4936-9b50-878e97cbc694,FixedDeposit,2025-10-17,Active,73101.38,0.0,3.0,4.2
b989f5a4-68f8-4c55-a644-f022d73128fd,3c761e7e-10b0-455d-8508-be93a61e4ccd,Savings,2023-09-19,Active,93571.38,0.0,0.0,0.0
b105c860-8dea-4a0b-be02-6fa959c84485,3c761e7e-10b0-455d-8508-be93a61e4ccd,FixedDeposit,2025-07-11,Active,88533.82,0.0,12.0,4.8
6a39bb49-397b-46a2-85c7-e118ee2070a7,3c761e7e-10b0-455d-8508-be93a61e4ccd,FixedDeposit,2024-01-21,Inactive,0.0,0.0,3.0,4.8
62df3702-f3c3-492d-857f-2759bac416c1,72f48c58-58cf-466b-8bdf-83f9a713b695,Savings,2025-03-05,Active,44874.85,0.0,0.0,0.0
a1bbef63-8c5c-42f5-9333-be2327d370da,72f48c58-58cf-466b-8bdf-83f9a713b695,FixedDeposit,2025-08-09,Active,75818.72,0.0,36.0,4.2
04de0cee-dc3a-4318-92c0-7129d8745d03,72f48c58-58cf-466b-8bdf-83f9a713b695,FixedDeposit,2025-07-23,Active,21421.4,0.0,6.0,4.5
966c8e78-775a-49da-8d6e-93c02c6aeaac,9e298291-7258-42b2-b6d1-bb7e8ac7084b,Savings,2024-10-11,Active,74543.85,0.0,0.0,0.0
94275d80-36f8-44a9-8f6f-f9c09066959f,9e298291-7258-42b2-b6d1-bb7e8ac7084b,Loan,2025-10-27,Active,12801.21,15361.45,12.0,21.3
39d6a5d3-dd58-4bde-b38f-d8191e97838c,9e298291-7258-42b2-b6d1-bb7e8ac7084b,FixedDeposit,2025-11-08,Active,96056.05,0.0,6.0,4.5
1fa56e09-7bc3-4cc3-9d4c-0686d23b7f8a,9e298291-7258-42b2-b6d1-bb7e8ac7084b,FixedDeposit,2025-05-04,Active,65420.98,0.0,12.0,4.8
99385cb1-1cb8-4c6e-aa67-4bb80dab6c85,fee20058-176b-43e5-966a-07c191909efe,Savings,2025-02-07,Active,30120.48,0.0,0.0,0.0
494b1f4b-40fc-436f-923e-711ab8758345,fee20058-176b-43e5-966a-07c191909efe,Loan,2025-04-28,Active,5091.63,15274.99,12.0,14.0
9cd09994-47dc-4602-942e-817474e96b13,a5b80758-c67d-41b9-af4c-ec2acd7a1d9e,Savings,2023-12-20,Active,92324.94,0.0,0.0,0.0
6e037383-d6ef-4614-8c2b-191b45b14622,a5b80758-c67d-41b9-af4c-ec2acd7a1d9e,FixedDeposit,2025-08-27,Active,87465.66,0.0,12.0,4.8
9fb07519-4024-4f01-a8c8-a30bc1f1b46e,a5b80758-c67d-41b9-af4c-ec2acd7a1d9e,FixedDeposit,2024-07-17,Active,66227.3,0.0,36.0,4.7
3b886a76-36eb-4bdc-848b-4c06980d1f80,1552d5c6-c3db-4ad2-bb52-cd7046abe57c,Savings,2020-05-27,Active,743749.66,0.0,0.0,0.0
45e6c08a-2346-4313-9533-f2019491b2b9,1552d5c6-c3db-4ad2-bb52-cd7046abe57c,Loan,2025-10-31,Active,33834.42,35824.68,36.0,8.3
9b57de6f-0335-471f-ada7-02f957ffa6a9,1552d5c6-c3db-4ad2-bb52-cd7046abe57c,FixedDeposit,2020-08-04,Inactive,0.0,0.0,24.0,1.2
1df58d7b-e21f-4bea-87c8-cbe0fa84853a,1552d5c6-c3db-4ad2-bb52-cd7046abe57c,FixedDeposit,2023-06-27,Inactive,0.0,0.0,3.0,4.5
90a9699d-db63-4352-8b96-67e3aea25393,1552d5c6-c3db-4ad2-bb52-cd7046abe57c,FixedDeposit,2024-01-12,Inactive,0.0,0.0,3.0,4.8
4abaa678-0bcf-40e6-a5b6-beaee0523700,0efb2dd1-5e13-46aa-b8c6-97f2df63c6b4,Savings,2023-09-10,Active,337519.64,0.0,0.0,0.0
ad726c36-b4f5-438b-ba5f-1866ee860006,0efb2dd1-5e13-46aa-b8c6-97f2df63c6b4,Loan,2025-07-16,Active,68626.43,79695.23,36.0,19.3
584a52c2-7a6c-48da-b729-1a2057d29cb3,0efb2dd1-5e13-46aa-b8c6-97f2df63c6b4,FixedDeposit,2024-09-07,Active,83074.14,0.0,36.0,4.7
acdff234-272e-453f-b74d-2ad5d5e5491c,0efb2dd1-5e13-46aa-b8c6-97f2df63c6b4,FixedDeposit,2025-06-26,Inactive,0.0,0.0,3.0,4.2
2d908bcd-cdb4-4c62-9d4d-1ac9d66c3eb6,f53e3127-62fd-42c6-adc8-23e0eb71c150,Savings,2023-03-04,Active,434047.64,0.0,0.0,0.0
9d60d663-722e-4a9a-94a7-7fdde42486a7,f53e3127-62fd-42c6-adc8-23e0eb71c150,Loan,2025-06-19,Active,316797.37,351997.09,60.0,7.5
7f35e474-751a-4377-b5f1-0ae20aafa480,f53e3127-62fd-42c6-adc8-23e0eb71c150,FixedDeposit,2023-07-29,Inactive,0.0,0.0,24.0,4.8
8eeca636-a1ef-41ba-9289-b3a78c3b7819,f53e3127-62fd-42c6-adc8-23e0eb71c150,FixedDeposit,2024-12-19,Inactive,0.0,0.0,12.0,5.3
5fee33a1-6d41-4f76-ab02-15c1b36b1207,f53e3127-62fd-42c6-adc8-23e0eb71c150,FixedDeposit,2023-10-02,Inactive,0.0,0.0,24.0,4.8
4d8f6867-14a1-4f44-9dce-565e6a1dd37b,5353ca22-036b-44cc-ac64-557c4078f81b,Savings,2025-01-22,Active,1351797.42,0.0,0.0,0.0
c59b89b2-da0a-4370-b24e-c7a74ca594c5,5353ca22-036b-44cc-ac64-557c4078f81b,Loan,2025-05-02,Active,596419.4,715703.24,48.0,17.1
aed940fe-9db7-4e63-a467-daad1544db76,5353ca22-036b-44cc-ac64-557c4078f81b,Loan,2025-03-03,Active,661757.8,794109.4,60.0,23.5
b6a8deb1-a539-4d3d-b733-7c45bfdbc796,5353ca22-036b-44cc-ac64-557c4078f81b,FixedDeposit,2025-06-09,Inactive,0.0,0.0,6.0,4.5
18c56e1b-da21-47d5-aec0-755a31f41255,a238952a-de45-4590-bf89-024b852dcde7,Savings,2024-11-19,Active,98745.87,0.0,0.0,0.0
862c9cc5-532e-4990-97c2-9a9661b3676a,a238952a-de45-4590-bf89-024b852dcde7,Loan,2025-01-02,Active,8599.53,12899.25,36.0,14.1
eae21ee9-5d21-4491-9f84-27f49e793931,a238952a-de45-4590-bf89-024b852dcde7,FixedDeposit,2024-11-23,Inactive,0.0,0.0,3.0,4.8
b76aab52-16dd-46f1-84cd-0ed690059e07,a238952a-de45-4590-bf89-024b852dcde7,FixedDeposit,2025-03-15,Active,19257.05,0.0,12.0,4.8
57e87512-d18a-4a54-9754-9f1b95f18b75,5fbd82b2-730a-41ac-b0a0-4c5cb681cfdb,Savings,2022-04-07,Active,62113.15,0.0,0.0,0.0
a24890f2-175c-4bc1-8ce4-6ecd23cd8485,5fbd82b2-730a-41ac-b0a0-4c5cb681cfdb,FixedDeposit,2025-07-20,Active,57540.54,0.0,24.0,4.5
3d9425dd-73f7-4e63-ab56-cc62b217380e,5fbd82b2-730a-41ac-b0a0-4c5cb681cfdb,FixedDeposit,2025-05-07,Inactive,0.0,0.0,6.0,4.5
3c516e93-c48d-4686-ae5b-5d4b81d68309,5fbd82b2-730a-41ac-b0a0-4c5cb681cfdb,FixedDeposit,2022-10-01,Inactive,0.0,0.0,36.0,3.2
ea39f017-4a0c-4e61-aa6b-3f4d630d5f72,0380e6b8-a1dd-487f-a274-94ec1c641e42,Savings,2025-08-21,Active,357103.52,0.0,0.0,0.0
22bb7ae8-0b46-46ef-8dd3-5cbbe073a33f,0380e6b8-a1dd-487f-a274-94ec1c641e42,Loan,2025-10-28,Active,337919.6,368639.56,24.0,20.4
60fbd310-c808-48d1-8574-4f05a520b0d2,0380e6b8-a1dd-487f-a274-94ec1c641e42,Loan,2025-10-11,Active,38419.03,46102.83,12.0,11.6
3d6caba6-a66b-413f-9593-25289d4b7c35,0380e6b8-a1dd-487f-a274-94ec1c641e42,FixedDeposit,2025-10-27,Active,41580.02,0.0,24.0,4.5
dd711a6a-950a-4d01-a8ee-68142965666e,ad90d9e3-15cc-4f09-b946-afbb69c507d6,Savings,2025-01-17,Active,90204.4,0.0,0.0,0.0
272040f6-f583-4a51-a9ed-ffe2950e1fb2,ad90d9e3-15cc-4f09-b946-afbb69c507d6,Loan,2025-07-07,Active,3410.83,5847.18,12.0,15.1
19ef6914-3c3b-4c10-886f-52d3a9a910ef,ad90d9e3-15cc-4f09-b946-afbb69c507d6,FixedDeposit,2025-09-11,Inactive,0.0,0.0,3.0,4.2
340e7756-25df-4719-b798-fde9e1bae26d,52b00dc5-4aa8-4192-b5b2-7d30c8d53bb2,Savings,2020-12-16,Active,94782.67,0.0,0.0,0.0
26965704-d41f-40a0-80f5-0a92f877f5cd,52b00dc5-4aa8-4192-b5b2-7d30c8d53bb2,Loan,2021-05-05,Inactive,0.0,242574.96,24.0,18.3
74836403-cc50-40ab-b1fc-dc903153bd11,52b00dc5-4aa8-4192-b5b2-7d30c8d53bb2,Loan,2023-08-10,Active,16292.54,41160.04,48.0,21.4
48b105ab-323a-4408-a6d6-4f6a6f335307,52b00dc5-4aa8-4192-b5b2-7d30c8d53bb2,FixedDeposit,2023-12-12,Inactive,0.0,0.0,3.0,4.5
dfa3b924-5902-491d-aa47-5cf716c2502e,52b00dc5-4aa8-4192-b5b2-7d30c8d53bb2,FixedDeposit,2025-03-28,Active,58321.2,0.0,12.0,4.8
bcdc6033-e8f8-4ba2-bf6a-7d93631d52c9,784fba88-c04c-4ec2-a894-ef6eab6b6fe7,Savings,2022-07-09,Active,195401.37,0.0,0.0,0.0
8a76a4ba-a794-4d38-a791-34008231c252,784fba88-c04c-4ec2-a894-ef6eab6b6fe7,Loan,2024-02-19,Active,16907.43,43476.39,36.0,18.7
74590a4a-d236-44cf-9b02-db2af2e7ba83,784fba88-c04c-4ec2-a894-ef6eab6b6fe7,Loan,2024-11-03,Active,16602.6,21655.48,60.0,14.2
4c294dca-ad2f-4561-a125-a5cc2dcb5ec3,784fba88-c04c-4ec2-a894-ef6eab6b6fe7,FixedDeposit,2024-06-21,Active,32265.3,0.0,36.0,4.7
2a498c9e-de13-4a8b-8ecb-de9bf7019b71,784fba88-c04c-4ec2-a894-ef6eab6b6fe7,FixedDeposit,2025-05-31,Active,8357.47,0.0,24.0,4.5
2d4b5a92-9d4b-4ff9-af59-3a5c1def81a9,84bccf29-3add-47b6-b27d-aa536e42dee1,Savings,2020-02-18,Active,251393.4,0.0,0.0,0.0
c4b685ec-83d3-48ca-bbe3-e74ad9394a0a,84bccf29-3add-47b6-b27d-aa536e42dee1,FixedDeposit,2023-03-24,Inactive,0.0,0.0,12.0,5.2
500bf045-1868-474c-b2cb-47fcb713e7d6,84bccf29-3add-47b6-b27d-aa536e42dee1,FixedDeposit,2024-05-30,Inactive,0.0,0.0,3.0,4.8
adbcf8d3-db06-4c00-8797-7950d4d77ef3,84bccf29-3add-47b6-b27d-aa536e42dee1,FixedDeposit,2021-04-01,Inactive,0.0,0.0,24.0,1.2
067040db-830b-4028-9d58-1f718fa9ebeb,ecb40181-4919-4d84-8560-9d9b525c12da,Savings,2024-05-10,Active,182229.42,0.0,0.0,0.0
7eba2521-3641-4ba8-9f6e-66ecc0a07355,ecb40181-4919-4d84-8560-9d9b525c12da,FixedDeposit,2025-07-02,Active,42772.7,0.0,36.0,4.2
38783d63-8de7-48a8-867f-4528c051497b,ecb40181-4919-4d84-8560-9d9b525c12da,FixedDeposit,2024-06-01,Inactive,0.0,0.0,3.0,4.8
4e4b8029-28e2-4829-832d-649fe4ad5f3b,ecb40181-4919-4d84-8560-9d9b525c12da,FixedDeposit,2025-03-19,Inactive,0.0,0.0,3.0,4.2
8ec64449-32ed-486a-9cf9-5b6b8d0c913d,268592a1-becf-42cf-8faa-729787abf72a,Savings,2025-04-20,Active,641236.7,0.0,0.0,0.0
50508625-91e3-47bc-ac8c-b3fb6e465875,268592a1-becf-42cf-8faa-729787abf72a,Loan,2025-08-11,Active,399716.89,479660.25,24.0,14.3
d4841054-a3c8-484d-8078-62517a05a60d,268592a1-becf-42cf-8faa-729787abf72a,Loan,2025-07-22,Active,201627.37,345646.92,12.0,15.0
555a936c-240b-460e-ae0a-95df78760c38,268592a1-becf-42cf-8faa-729787abf72a,FixedDeposit,2025-04-30,Active,35335.72,0.0,24.0,4.5
630bb214-f45a-4052-b82b-19e1596ba434,268592a1-becf-42cf-8faa-729787abf72a,FixedDeposit,2025-07-05,Active,44337.79,0.0,12.0,4.8
54f8bc08-1b49-4c2f-b08a-663636a6427d,b78abea0-0d1d-46eb-a20b-d5bc29990205,Savings,2021-09-05,Active,169866.52,0.0,0.0,0.0
c133f571-626a-489f-8070-a6ed72c3a974,b78abea0-0d1d-46eb-a20b-d5bc29990205,Loan,2025-03-08,Active,37160.02,49546.72,36.0,12.3
5cb7d272-4e39-4db7-8e0c-5e66f3504d58,b78abea0-0d1d-46eb-a20b-d5bc29990205,Loan,2023-03-12,Active,3326.02,59867.0,36.0,13.3
2239e126-3c2b-421a-b403-d765d2fb157d,b78abea0-0d1d-46eb-a20b-d5bc29990205,FixedDeposit,2023-01-22,Inactive,0.0,0.0,12.0,5.2
f8ef1cf8-0f74-47ea-921a-ff0203b8bb9d,b78abea0-0d1d-46eb-a20b-d5bc29990205,FixedDeposit,2024-01-10,Inactive,0.0,0.0,12.0,5.3
456d1567-19f5-4f26-a1d9-73044188dc3c,b78abea0-0d1d-46eb-a20b-d5bc29990205,FixedDeposit,2023-12-07,Inactive,0.0,0.0,12.0,5.2
6b2e12b4-cc2f-4e0a-afbf-68a7f9a94a0b,4dd3943c-6db5-4356-9963-c9e13e6d6bf0,Savings,2021-01-17,Active,10818.8,0.0,0.0,0.0
54149bee-b695-4ee6-81c7-762624dfc7b9,4dd3943c-6db5-4356-9963-c9e13e6d6bf0,Loan,2022-01-07,Active,224161.61,584769.16,60.0,21.7
c3c21b53-ef29-4f5e-88bf-0f29540dfb15,4dd3943c-6db5-4356-9963-c9e13e6d6bf0,Loan,2024-11-23,Active,25127.49,33503.25,48.0,22.9
9949f59c-9126-47d0-bc53-a675ce5599de,4dd3943c-6db5-4356-9963-c9e13e6d6bf0,FixedDeposit,2021-03-05,Inactive,0.0,0.0,36.0,1.4
73eca80b-3579-4694-a1d6-89f8447fb0f9,4dd3943c-6db5-4356-9963-c9e13e6d6bf0,FixedDeposit,2025-07-19,Active,63526.24,0.0,36.0,4.2
4343db38-104c-4f00-932d-cfd72b1d8c35,4dd3943c-6db5-4356-9963-c9e13e6d6bf0,FixedDeposit,2022-06-28,Inactive,0.0,0.0,3.0,1.5
ad5f7caf-b99c-4d76-bfcc-ab98c4e71630,4dddb481-8040-49ad-9d13-25ce0f16f88b,Savings,2023-09-26,Active,371527.5,0.0,0.0,0.0
867329c8-3846-4e8b-83d5-5fc9a53938fc,4dddb481-8040-49ad-9d13-25ce0f16f88b,FixedDeposit,2025-01-04,Active,71419.14,0.0,24.0,4.5
1abae517-3a47-4712-9d35-8039ee27b640,4dddb481-8040-49ad-9d13-25ce0f16f88b,FixedDeposit,2025-04-13,Inactive,0.0,0.0,6.0,4.5
fc2f5c45-de80-482d-9012-a13a09b2751d,4dddb481-8040-49ad-9d13-25ce0f16f88b,FixedDeposit,2025-11-16,Active,43860.73,0.0,6.0,4.5
2cf8d83a-f4d3-4862-a26c-6a088d8d9879,812e522c-3b2d-4d0c-acc1-0fd8262528c3,Savings,2022-12-31,Active,152940.17,0.0,0.0,0.0
16bb791a-b2dc-4f6c-98a0-cfd6fafa6875,812e522c-3b2d-4d0c-acc1-0fd8262528c3,Loan,2024-06-21,Active,14709.33,23534.91,48.0,6.8
68eeb500-9863-4735-8b84-4f70aecfff5a,812e522c-3b2d-4d0c-acc1-0fd8262528c3,FixedDeposit,2025-06-03,Inactive,0.0,0.0,6.0,4.5
fed6b319-0a00-4946-8be5-2223d34236e7,812e522c-3b2d-4d0c-acc1-0fd8262528c3,FixedDeposit,2023-11-08,Active,47499.17,0.0,36.0,4.5
b155280c-8418-4047-b482-101278accbd5,812e522c-3b2d-4d0c-acc1-0fd8262528c3,FixedDeposit,2023-09-30,Inactive,0.0,0.0,24.0,4.8
aee3da5e-26c6-4c74-a1b4-6f3608b5757d,51f34610-df75-46ea-b9c1-93e08d606a71,Savings,2022-12-10,Active,144546.44,0.0,0.0,0.0
761d21d8-951f-43a3-a391-52e748d06b61,51f34610-df75-46ea-b9c1-93e08d606a71,Loan,2024-06-01,Active,28820.72,47703.3,48.0,21.7
3eb88971-5b59-4b75-bbcb-a587073c929c,51f34610-df75-46ea-b9c1-93e08d606a71,Loan,2023-04-14,Active,20326.81,45170.86,60.0,21.6
deadd531-97c1-44f3-98c4-6181eefa102f,51f34610-df75-46ea-b9c1-93e08d606a71,FixedDeposit,2025-04-24,Active,92760.51,0.0,24.0,4.5
94710d59-d02e-4fa0-8218-505bf1ef47fd,51f34610-df75-46ea-b9c1-93e08d606a71,FixedDeposit,2022-12-12,Inactive,0.0,0.0,3.0,1.5
351b7dc7-4230-4381-87f0-ae254d8f4436,c7b96c2e-f383-4531-83b5-ee17636abe2c,Savings,2025-03-21,Active,401484.17,0.0,0.0,0.0
adb63ff8-5acd-4d7c-a25c-e858583b83fa,c7b96c2e-f383-4531-83b5-ee17636abe2c,Loan,2025-10-31,Active,7437.73,8113.89,24.0,17.8
85096570-d28b-45ba-a703-05b12deca339,c7b96c2e-f383-4531-83b5-ee17636abe2c,FixedDeposit,2025-11-22,Active,70283.34,0.0,6.0,4.5
65ed49fd-e59b-4404-bfd9-ccda37fdef5a,c7b96c2e-f383-4531-83b5-ee17636abe2c,FixedDeposit,2025-09-01,Active,83783.67,0.0,12.0,4.8
aae99697-131b-46f1-9e6e-8700918d12f5,9bcc759a-fd8f-4067-8539-b0aeed63768f,Savings,2025-01-29,Active,373586.31,0.0,0.0,0.0
3cbcb0d1-9caa-4c26-ae75-2ebbee2df00c,9bcc759a-fd8f-4067-8539-b0aeed63768f,Loan,2025-09-29,Active,194608.19,212299.85,36.0,13.5
5620b583-54fa-48f5-af5b-16b2d63c9670,9bcc759a-fd8f-4067-8539-b0aeed63768f,FixedDeposit,2025-03-27,Inactive,0.0,0.0,3.0,4.2
d92aa520-62d1-49b3-aa5e-81e0fa9d0cc2,9bcc759a-fd8f-4067-8539-b0aeed63768f,FixedDeposit,2025-10-14,Active,15671.07,0.0,36.0,4.2
2f1bf4b9-af9b-45c7-bcba-8084f06050b4,9bcc759a-fd8f-4067-8539-b0aeed63768f,FixedDeposit,2025-07-28,Inactive,0.0,0.0,3.0,4.2
17c4fd58-4c0d-4f0b-9d97-5800d024ae8c,d48f125f-9533-49ee-9e4f-e208d8c94f66,Savings,2025-08-10,Active,1014010.31,0.0,0.0,0.0
f81e2c59-3579-4f6e-8945-1c60ab36c001,d48f125f-9533-49ee-9e4f-e208d8c94f66,Loan,2025-08-27,Active,399861.48,599792.24,12.0,11.5
3a6e1c0d-af5f-4155-acfa-2f384e56f009,d48f125f-9533-49ee-9e4f-e208d8c94f66,Loan,2025-09-11,Active,573657.78,655608.9,24.0,18.9
eb08464c-94ad-466a-9325-99a56e1bf73e,aadbf331-4ef8-48d8-853e-1de8e2b28b57,Savings,2023-08-10,Active,65231.27,0.0,0.0,0.0
4085941a-9cfa-40fe-b531-89ae8236375e,aadbf331-4ef8-48d8-853e-1de8e2b28b57,Loan,2025-10-28,Active,17623.53,21148.23,12.0,20.2
3ca97294-ef20-4bf2-bc81-1767ff0539df,aadbf331-4ef8-48d8-853e-1de8e2b28b57,Loan,2024-02-01,Active,14749.43,28318.97,48.0,10.3
ea0fbffc-8870-4de2-9855-c606a24b933a,aadbf331-4ef8-48d8-853e-1de8e2b28b57,FixedDeposit,2023-12-07,Inactive,0.0,0.0,3.0,4.5
92605842-0e38-476c-991f-2d1d3e3cc638,3981f81d-de51-4dfd-b9f5-44a2e2bec63a,Savings,2025-08-24,Active,47334.79,0.0,0.0,0.0
8b695528-4664-42cd-9661-b4e5576ce2b1,3981f81d-de51-4dfd-b9f5-44a2e2bec63a,Loan,2025-09-09,Active,5199.39,6932.52,12.0,15.3
4a244e13-6eaf-4a08-86a2-2b6f59b6241a,677b4ace-29b1-4608-bd17-92605e5c81c5,Savings,2024-03-29,Active,153139.54,0.0,0.0,0.0
1878cad7-e8f3-45bf-865f-89e6500fbb26,677b4ace-29b1-4608-bd17-92605e5c81c5,Loan,2025-10-22,Active,20551.38,21260.04,60.0,11.2
4911e049-8010-4344-9596-c321798abd5f,677b4ace-29b1-4608-bd17-92605e5c81c5,Loan,2024-06-16,Active,24133.8,48267.48,36.0,16.0
d46fdfd8-dbb6-4cb4-89b1-774f48cc9a19,677b4ace-29b1-4608-bd17-92605e5c81c5,FixedDeposit,2025-09-15,Active,25546.69,0.0,12.0,4.8
8de49ac8-2e56-4b76-8786-d86d48cc0b96,f644f6e1-4e84-4b0b-88cf-9442095fa509,Savings,2021-08-10,Active,132337.5,0.0,0.0,0.0
ba3fda3a-ac2b-4b21-85b1-e7b0858dad06,f644f6e1-4e84-4b0b-88cf-9442095fa509,Loan,2023-12-02,Active,15680.42,26880.67,60.0,18.1
f105c055-37f0-45ac-9342-f050e7c91cbc,f644f6e1-4e84-4b0b-88cf-9442095fa509,Loan,2025-09-04,Active,23104.85,30806.48,12.0,22.2
29812908-46ec-4ffa-bc9a-3975a8bf5497,f644f6e1-4e84-4b0b-88cf-9442095fa509,FixedDeposit,2025-06-16,Inactive,0.0,0.0,3.0,4.2
c59a4065-3633-44d2-8be2-9c26dfd829b3,f644f6e1-4e84-4b0b-88cf-9442095fa509,FixedDeposit,2024-07-18,Inactive,0.0,0.0,12.0,5.3
646e1a68-ae38-4013-a6fd-0fe91c434463,f644f6e1-4e84-4b0b-88cf-9442095fa509,FixedDeposit,2024-04-29,Active,34358.04,0.0,24.0,5.0
edb03123-de8d-4c54-838c-d69b10279f66,66658745-c3c6-4bcc-b147-a32b7469ac2d,Savings,2021-01-21,Active,194490.32,0.0,0.0,0.0
fd975456-6635-4d94-b7bd-34e22a449201,66658745-c3c6-4bcc-b147-a32b7469ac2d,FixedDeposit,2022-10-02,Inactive,0.0,0.0,6.0,2.2
5b163de4-20a3-4baa-9a56-d6fd85e8844d,66658745-c3c6-4bcc-b147-a32b7469ac2d,FixedDeposit,2022-12-03,Inactive,0.0,0.0,24.0,3.0
73aea7c9-8e88-4379-867d-2c10c53b5ab5,4df612da-ef79-4bb0-9a81-e874dc6c458e,Savings,2020-11-19,Active,500714.87,0.0,0.0,0.0
2475f528-47c2-4216-be09-c66bf04b8252,4df612da-ef79-4bb0-9a81-e874dc6c458e,Loan,2025-07-19,Active,29770.54,32476.94,60.0,21.6
9c1db21f-0ac4-4e2b-8324-7a5365be14c5,4df612da-ef79-4bb0-9a81-e874dc6c458e,Loan,2024-05-25,Active,17047.13,28216.09,48.0,17.2
f4a578c3-edcf-4ef0-9780-df7a01098516,4df612da-ef79-4bb0-9a81-e874dc6c458e,FixedDeposit,2022-05-23,Inactive,0.0,0.0,24.0,3.0
f17ad35b-7969-4e72-9ee8-b7a11a76b4fc,4df612da-ef79-4bb0-9a81-e874dc6c458e,FixedDeposit,2022-04-04,Inactive,0.0,0.0,3.0,1.5
ffabb71a-83df-40d8-97b7-0d48bedf6747,0e753b39-69c6-477c-afb4-d1c132631f66,Savings,2021-10-16,Active,38567.93,0.0,0.0,0.0
9ddfa8b5-7269-46af-8a5e-44dbf98e1f2b,0e753b39-69c6-477c-afb4-d1c132631f66,Loan,2024-02-04,Active,18495.13,47558.67,36.0,11.5
cdc5a145-207a-4fdd-b283-e75af94412c8,0e753b39-69c6-477c-afb4-d1c132631f66,Loan,2023-07-19,Active,1128.15,27073.76,24.0,13.5
b0aba4bd-0fa6-499f-8201-497f4c1a2e0f,0e753b39-69c6-477c-afb4-d1c132631f66,FixedDeposit,2024-04-07,Inactive,0.0,0.0,6.0,5.1
a066fe3b-6e49-4b57-bb98-e6ccef66a54d,0e753b39-69c6-477c-afb4-d1c132631f66,FixedDeposit,2022-09-28,Inactive,0.0,0.0,3.0,1.5
cff3e2ca-339a-46c9-ab4f-5445530c6852,a1bf481b-e23a-4a82-aa39-b8aa66533afd,Savings,2020-08-19,Active,534337.57,0.0,0.0,0.0
71ccb9b0-f453-492c-a158-ddcf63d082ad,a1bf481b-e23a-4a82-aa39-b8aa66533afd,Loan,2025-07-28,Active,345760.35,385965.05,48.0,14.7
86cf2986-b4d9-43cd-8768-a2c2476548b7,1b96a254-9f71-4b97-8ca6-a17f04d615fa,Savings,2024-12-05,Active,143438.92,0.0,0.0,0.0
4b0c20a1-6861-4e60-bb70-70d478bb8e95,1b96a254-9f71-4b97-8ca6-a17f04d615fa,FixedDeposit,2025-07-20,Active,16307.31,0.0,6.0,4.5
41d2ddfe-deb9-4254-9429-dc6b2a2c4518,1b96a254-9f71-4b97-8ca6-a17f04d615fa,FixedDeposit,2025-02-26,Active,80490.73,0.0,12.0,4.8
b00d47ea-c25b-4183-a13b-37ba823ed8b2,1b96a254-9f71-4b97-8ca6-a17f04d615fa,FixedDeposit,2024-12-28,Inactive,0.0,0.0,12.0,5.3
a78888b0-aad2-4a42-bbd5-fb9e3a0962a9,80f4a5d5-7b26-407d-a1df-2f7734bc2283,Savings,2024-01-08,Active,151269.21,0.0,0.0,0.0
5dbc7bb7-8b66-4d91-8e4c-0d0b7dc930a2,80f4a5d5-7b26-407d-a1df-2f7734bc2283,Loan,2025-03-17,Active,25805.95,41289.55,24.0,11.5
5c46533f-2bd7-4ac2-885a-05df91ba2bad,80f4a5d5-7b26-407d-a1df-2f7734bc2283,Loan,2024-07-30,Active,10076.29,34547.11,24.0,8.7
60acef44-35a0-431d-b03c-8a9d34fa5ca1,80f4a5d5-7b26-407d-a1df-2f7734bc2283,FixedDeposit,2025-05-25,Active,57653.2,0.0,12.0,4.8
98557cc2-b993-4b3e-8493-eaa6311277a3,23c10878-4a5a-481b-8b74-7f58494c689b,Savings,2025-06-17,Active,10286.83,0.0,0.0,0.0
8900bfe7-cdc1-46db-940e-fdc82bf228bf,23c10878-4a5a-481b-8b74-7f58494c689b,FixedDeposit,2025-09-07,Active,4896.43,0.0,12.0,4.8
ce1ab417-2686-48c6-ab90-47e5e741f5c5,23c10878-4a5a-481b-8b74-7f58494c689b,FixedDeposit,2025-11-03,Active,18358.56,0.0,6.0,4.5
30ae9dd9-8796-4e4d-b753-a2944b9c0a38,633e22f8-fdfc-4fba-ae33-d855c3dd4d5d,Savings,2022-06-29,Active,643536.59,0.0,0.0,0.0
00c5a3b0-68e0-49eb-8cc8-83c9e8a64993,633e22f8-fdfc-4fba-ae33-d855c3dd4d5d,Loan,2022-06-29,Active,3037.8,10126.14,60.0,6.9
8d62306b-e1b7-49a9-b814-1a92083dc29d,633e22f8-fdfc-4fba-ae33-d855c3dd4d5d,Loan,2022-11-28,Active,1776.66,7752.53,48.0,23.3
2810c5df-3cb7-45ad-a879-a3ff471d1cef,633e22f8-fdfc-4fba-ae33-d855c3dd4d5d,FixedDeposit,2024-01-30,Inactive,0.0,0.0,12.0,5.3
19664788-a08a-4e84-9da7-079e0ff94a9a,633e22f8-fdfc-4fba-ae33-d855c3dd4d5d,FixedDeposit,2022-07-23,Inactive,0.0,0.0,12.0,2.8
5d09dc16-fb63-4d83-997e-8fc3675b7cf8,633e22f8-fdfc-4fba-ae33-d855c3dd4d5d,FixedDeposit,2024-11-08,Active,3122.87,0.0,24.0,5.0
5787d239-d2c2-4732-b4d1-d057afacb6f9,b4c7ebd1-ea9b-4616-81fd-fd9869ac2869,Savings,2020-05-05,Active,630112.54,0.0,0.0,0.0
1dff8f6b-5733-4d8d-bb82-6ce3f366fd51,b4c7ebd1-ea9b-4616-81fd-fd9869ac2869,Loan,2020-06-08,Inactive,0.0,68744.48,60.0,21.3
26c873ad-13b6-412b-8cc6-8599df209856,b4c7ebd1-ea9b-4616-81fd-fd9869ac2869,FixedDeposit,2021-03-28,Inactive,0.0,0.0,3.0,0.5
f5fc9856-2447-4f84-bc68-196990d825e9,3eade460-20d5-4b43-a26d-cbc41e5c72e7,Savings,2022-10-20,Active,803592.44,0.0,0.0,0.0
c2731fd5-efcd-4b81-8586-50c302c26d7c,3eade460-20d5-4b43-a26d-cbc41e5c72e7,FixedDeposit,2023-04-03,Inactive,0.0,0.0,12.0,5.2
68e6a1bc-ff08-48c8-85fb-7d6a28c4b443,3eade460-20d5-4b43-a26d-cbc41e5c72e7,FixedDeposit,2023-03-24,Inactive,0.0,0.0,3.0,4.5
2f79f9fc-ba4e-45b7-97d9-bd00a6bd66f9,3eade460-20d5-4b43-a26d-cbc41e5c72e7,FixedDeposit,2023-04-27,Active,35918.57,0.0,36.0,4.5
c97c0f6d-6954-4bf1-872a-80526e879f43,eda8ad38-d11a-48bf-8343-842553e029e1,Savings,2025-06-11,Active,4109.1,0.0,0.0,0.0
eeb68b1a-15e0-4c5d-a200-83771a7c948e,eda8ad38-d11a-48bf-8343-842553e029e1,FixedDeposit,2025-10-02,Active,15278.85,0.0,6.0,4.5
3949f9bb-dad3-4447-963a-d2c25a2e9437,eda8ad38-d11a-48bf-8343-842553e029e1,FixedDeposit,2025-11-17,Active,16343.48,0.0,24.0,4.5
3ca9fa65-4d51-4a08-b25c-7534c0ac42bc,86353ea1-8070-4d0e-beb9-34bceff93de9,Savings,2022-06-26,Active,210457.36,0.0,0.0,0.0
e24e1ff6-6ae7-4087-bda3-9b8907ab5aec,86353ea1-8070-4d0e-beb9-34bceff93de9,FixedDeposit,2024-10-23,Active,20783.58,0.0,24.0,5.0
6222bf04-547d-4c80-a387-de205b4614ca,86353ea1-8070-4d0e-beb9-34bceff93de9,FixedDeposit,2022-07-15,Inactive,0.0,0.0,36.0,3.2
33a97c8d-5651-47ed-b793-5c0f5c524533,9b776521-eb49-442c-a18e-b0f1aca4bceb,Savings,2020-10-10,Active,197066.71,0.0,0.0,0.0
e4788dd4-29c7-49c4-b511-9408a452b7ff,9b776521-eb49-442c-a18e-b0f1aca4bceb,Loan,2024-10-17,Active,27858.39,39329.57,48.0,21.4
9c872caf-34db-4099-b004-4ece1641356f,9b776521-eb49-442c-a18e-b0f1aca4bceb,FixedDeposit,2024-10-17,Active,87363.09,0.0,24.0,5.0
727c5879-e679-4ae7-8f5c-cdbf206e4012,9b776521-eb49-442c-a18e-b0f1aca4bceb,FixedDeposit,2025-05-08,Inactive,0.0,0.0,6.0,4.5
f6485ae9-c320-4c3e-be03-739fe810774e,9b776521-eb49-442c-a18e-b0f1aca4bceb,FixedDeposit,2021-03-16,Inactive,0.0,0.0,12.0,1.0
a2d9fc3f-0e97-42f1-bcd5-6c3b3c621a5e,93b1b215-2296-40cb-9dce-9c82597b9ade,Savings,2020-12-23,Active,46824.78,0.0,0.0,0.0
5d11c646-8b30-4574-99fa-3181f810bf64,93b1b215-2296-40cb-9dce-9c82597b9ade,FixedDeposit,2025-11-11,Active,36283.77,0.0,3.0,4.2
22b6aeb6-17f5-41e5-89cb-09814eb8dc8a,1f968366-e95f-49a4-8d09-e8c202f41029,Savings,2022-11-10,Active,237767.04,0.0,0.0,0.0
1193f2c8-d65d-46f0-9193-c6ff0e6ffb75,1f968366-e95f-49a4-8d09-e8c202f41029,Loan,2023-12-10,Active,5523.64,11527.64,48.0,7.3
e5c09983-69ce-4528-b2f9-c64eaea41ea5,1f968366-e95f-49a4-8d09-e8c202f41029,FixedDeposit,2022-11-30,Inactive,0.0,0.0,24.0,3.0
cfb4fc0f-b16a-424b-b657-2025dc2444da,ac41840e-d13c-4a2e-8b50-64e3b6e6b8a9,Savings,2020-01-29,Active,179960.89,0.0,0.0,0.0
49bd59a2-0c05-4e84-9289-01721c233b79,f6f6c7d2-f491-49f0-b151-e5c1d6256042,Savings,2022-07-14,Active,195302.32,0.0,0.0,0.0
1d9faa7c-a508-468f-ae01-1fe3345211f9,f6f6c7d2-f491-49f0-b151-e5c1d6256042,FixedDeposit,2024-05-10,Active,23523.92,0.0,24.0,5.0
025b76af-5c7a-4423-9a9d-8c16ddee6aa2,f2c3997e-0854-469a-b9fa-fb020623ce6c,Savings,2020-03-27,Active,319046.74,0.0,0.0,0.0
e1707896-bbe9-4678-b16a-0d3c920d4d6b,f2c3997e-0854-469a-b9fa-fb020623ce6c,Loan,2025-03-13,Active,5982.3,7976.43,36.0,10.4
a9a7469b-fd23-4dda-8e82-fdea1729e27e,f2c3997e-0854-469a-b9fa-fb020623ce6c,FixedDeposit,2023-03-19,Inactive,0.0,0.0,3.0,4.5
e8e58723-f4d1-46e1-bca7-711fd5752d70,56f94a75-1b67-45b6-8a64-7f169a4cd83b,Savings,2024-08-13,Active,98329.57,0.0,0.0,0.0
1b1aaff3-2deb-4ddc-a0df-a2177a145778,56f94a75-1b67-45b6-8a64-7f169a4cd83b,Loan,2025-06-24,Active,10118.95,20237.95,12.0,19.2
e6a263a4-7238-4cc3-8cd4-f6e809dcbd8b,fe4f8c97-f727-4226-9422-f0a11c8a5798,Savings,2020-04-16,Active,372525.41,0.0,0.0,0.0
59a80495-1021-4a45-bf7d-11c4effe9548,fe4f8c97-f727-4226-9422-f0a11c8a5798,FixedDeposit,2023-09-30,Active,35014.19,0.0,36.0,4.5
e2a718f4-7f76-4534-a1f8-2e40f1bdd4d9,fe4f8c97-f727-4226-9422-f0a11c8a5798,FixedDeposit,2023-09-24,Inactive,0.0,0.0,24.0,4.8
d93f97cb-33da-4734-8167-0f3118b169f1,44f58f4e-dc82-429b-b2fe-59ea81d9c78f,Savings,2022-12-18,Active,168471.59,0.0,0.0,0.0
e4f6f787-7fed-464a-9e45-126a0851d4ef,44f58f4e-dc82-429b-b2fe-59ea81d9c78f,Loan,2023-07-20,Active,819.23,4213.68,36.0,11.6
8b1f5337-6188-434e-b14b-401ebc08563b,44f58f4e-dc82-429b-b2fe-59ea81d9c78f,Loan,2024-11-05,Active,11984.05,15631.33,60.0,14.9
fa9c5895-808a-42f9-993e-d1f9d1db22c3,44f58f4e-dc82-429b-b2fe-59ea81d9c78f,FixedDeposit,2023-06-16,Active,28932.79,0.0,36.0,4.5
bcbc6a88-e2bb-426c-8b6a-03075ec23f48,209d4295-5c30-4fc8-935a-1c0a850a1b83,Savings,2025-07-30,Active,28805.63,0.0,0.0,0.0
b26ea814-e3de-4ab1-b584-0159cd3d7bd0,209d4295-5c30-4fc8-935a-1c0a850a1b83,Loan,2025-09-08,Active,58665.75,78220.98,12.0,21.8
02b4a27c-cba3-4a75-aa18-639c1567d809,209d4295-5c30-4fc8-935a-1c0a850a1b83,FixedDeposit,2025-11-23,Active,79608.55,0.0,3.0,4.2
41c4390a-0890-4d9f-8cab-3b9372202368,209d4295-5c30-4fc8-935a-1c0a850a1b83,FixedDeposit,2025-11-08,Active,65112.02,0.0,24.0,4.5
ce85df73-70d5-4595-be49-f6849cfd42dc,4f4412c2-06f1-4904-9d42-0ab915fc18ba,Savings,2024-12-01,Active,62017.74,0.0,0.0,0.0
49497225-fb1b-4760-a62d-ff52e1a37624,4f4412c2-06f1-4904-9d42-0ab915fc18ba,Loan,2025-05-18,Active,8022.53,9392.22,48.0,15.4
87db149c-8deb-4c69-b856-70cf5ca08ad9,17cac573-3a6f-430c-88e3-2c09d3e38683,Savings,2022-02-08,Active,263335.83,0.0,0.0,0.0
322ec40c-0622-4e59-bfdc-3cbb2b556905,c231947c-98fc-406e-9f29-8776ade6bc5f,Savings,2024-12-13,Active,140544.46,0.0,0.0,0.0
f571e802-f1c5-4bc8-8678-2697b96a017d,c231947c-98fc-406e-9f29-8776ade6bc5f,Loan,2025-10-11,Active,6900.83,7528.17,24.0,20.6
9825900d-4841-4dc2-a03a-dce733a3f1c0,c231947c-98fc-406e-9f29-8776ade6bc5f,Loan,2025-09-13,Active,22732.54,23929.0,60.0,23.5
bdd8830a-570d-467f-abfa-64c658826e9c,9fc04204-244d-4904-863e-9d10fcad9327,Savings,2025-02-03,Active,85341.69,0.0,0.0,0.0
f3821177-24b7-4fff-bf2a-8c1cfb089a5d,9fc04204-244d-4904-863e-9d10fcad9327,Loan,2025-08-15,Active,24650.78,36976.18,12.0,22.6
3df2c561-6e25-40f2-b427-c40c8c512707,9fc04204-244d-4904-863e-9d10fcad9327,FixedDeposit,2025-02-26,Active,80780.71,0.0,12.0,4.8
5d8d2c67-7898-45fd-8f6b-b5d7552ef621,9fc04204-244d-4904-863e-9d10fcad9327,FixedDeposit,2025-09-08,Active,62404.11,0.0,6.0,4.5
96a9bd94-07b2-422c-9613-723ce7e5240f,9fc04204-244d-4904-863e-9d10fcad9327,FixedDeposit,2025-04-13,Inactive,0.0,0.0,6.0,4.5
e4d8351c-b6ca-48d1-9f3e-fbd8416e3b8b,bebedbd2-5140-4ba4-8a45-80cd2fdbfeab,Savings,2022-07-31,Active,49131.48,0.0,0.0,0.0
635777b7-5840-47d6-ac70-c227731b278e,bebedbd2-5140-4ba4-8a45-80cd2fdbfeab,FixedDeposit,2022-08-06,Inactive,0.0,0.0,6.0,2.2
18260270-350a-4edb-87d2-4856e93be153,bebedbd2-5140-4ba4-8a45-80cd2fdbfeab,FixedDeposit,2022-10-24,Inactive,0.0,0.0,3.0,1.5
107fb2db-db28-47a0-8fef-e3b66812cef7,bebedbd2-5140-4ba4-8a45-80cd2fdbfeab,FixedDeposit,2024-04-06,Active,92071.32,0.0,36.0,4.7
d756256c-a85a-48e1-8ca5-fc91a4f352b9,0e18ab33-89a3-4fc7-bd31-49e18c338769,Savings,2023-09-29,Active,174068.2,0.0,0.0,0.0
b49bf713-a4ab-40c4-a89e-a8f4bd4b4423,0e18ab33-89a3-4fc7-bd31-49e18c338769,FixedDeposit,2025-06-06,Active,70224.93,0.0,36.0,4.2
7aaa841d-e294-481b-8f31-6fe0f6b72cdd,0e18ab33-89a3-4fc7-bd31-49e18c338769,FixedDeposit,2023-10-12,Inactive,0.0,0.0,12.0,5.2
2e30c17a-3074-48c3-b2e9-2b7e32934de8,e5bbaa17-3164-4c9e-9c1a-aaf1294cef85,Savings,2025-02-16,Active,165050.75,0.0,0.0,0.0
fdebc436-fa07-466d-8244-1e029c3487e4,e5bbaa17-3164-4c9e-9c1a-aaf1294cef85,Loan,2025-05-19,Active,106153.74,124277.58,48.0,14.1
02d4d2ff-ec9d-45da-b16e-392ebe462bdd,e5bbaa17-3164-4c9e-9c1a-aaf1294cef85,FixedDeposit,2025-04-20,Active,71667.54,0.0,12.0,4.8
100289bc-8bf5-4bb9-a4ac-c13356f2d56a,31a152be-00e5-4d14-aca4-ebba9701603e,Savings,2024-04-07,Active,31629.66,0.0,0.0,0.0
be833395-4d93-43c7-bcc9-ddf33a94f411,31a152be-00e5-4d14-aca4-ebba9701603e,Loan,2024-06-28,Active,7814.86,10904.44,60.0,20.1
4eceead8-6300-4dd3-87d0-66d3216190a7,31a152be-00e5-4d14-aca4-ebba9701603e,FixedDeposit,2025-03-03,Active,20395.97,0.0,36.0,4.2
1bb08e35-bce3-4bd8-9f27-a14d75f3f25b,31a152be-00e5-4d14-aca4-ebba9701603e,FixedDeposit,2024-08-12,Active,69140.02,0.0,24.0,5.0
a71bf056-a091-4eb4-9a8a-df1c9c4503bd,21988c67-7574-41e1-8a25-46efd60a1a24,Savings,2023-02-27,Active,288288.77,0.0,0.0,0.0
c1f77c38-66d5-4294-9935-3866e9c3d014,21988c67-7574-41e1-8a25-46efd60a1a24,Loan,2025-01-11,Active,20110.79,24625.41,60.0,7.8
1e6a613d-5bba-475f-bbdb-45f117501085,21988c67-7574-41e1-8a25-46efd60a1a24,FixedDeposit,2024-09-03,Inactive,0.0,0.0,3.0,4.8
f5b8ada4-157e-40fd-a829-1226c3a9ddc6,21988c67-7574-41e1-8a25-46efd60a1a24,FixedDeposit,2024-12-10,Active,10960.5,0.0,24.0,5.0
26a37fd5-3e3d-4258-aca0-1c6ec96eeed5,21988c67-7574-41e1-8a25-46efd60a1a24,FixedDeposit,2024-03-17,Active,35688.97,0.0,36.0,4.7
80cccbe9-6cf2-4c40-ba62-6482565136df,3d23c6d5-dd16-4d4b-97e8-9d6136b85d39,Savings,2024-01-15,Active,147869.64,0.0,0.0,0.0
ee556df7-0482-4de1-8910-71e5c71617c5,3d23c6d5-dd16-4d4b-97e8-9d6136b85d39,Loan,2024-07-03,Active,9349.34,14958.86,48.0,14.8
715d7a56-8dc7-42c6-b330-a9a303d142ff,3d23c6d5-dd16-4d4b-97e8-9d6136b85d39,Loan,2025-05-05,Active,5240.77,15722.21,12.0,11.6
9d46c8cd-1205-4ec6-9b71-7e7cf4357c56,3d23c6d5-dd16-4d4b-97e8-9d6136b85d39,FixedDeposit,2024-10-06,Inactive,0.0,0.0,12.0,5.3
ae320b74-6bf8-426f-902f-589f98c24e71,3d23c6d5-dd16-4d4b-97e8-9d6136b85d39,FixedDeposit,2024-09-05,Inactive,0.0,0.0,3.0,4.8
1605a67e-eb8e-4072-b131-f682433d85a5,312e91cc-5a82-42aa-a8cc-6b2220a344ba,Savings,2024-03-30,Active,421038.23,0.0,0.0,0.0
7d6d11d6-5853-4347-b4c7-2fae930cbcd5,312e91cc-5a82-42aa-a8cc-6b2220a344ba,Loan,2025-06-02,Active,33951.69,39748.32,48.0,19.2
ce673cfb-cdbf-4c59-a459-c71d8d078311,312e91cc-5a82-42aa-a8cc-6b2220a344ba,Loan,2025-10-11,Active,338581.18,350256.4,60.0,22.5
8772a742-adf6-4aa7-8998-638b15f64191,312e91cc-5a82-42aa-a8cc-6b2220a344ba,FixedDeposit,2024-06-09,Inactive,0.0,0.0,3.0,4.8
f4d218a3-f96c-471f-b154-d6f3670760bb,312e91cc-5a82-42aa-a8cc-6b2220a344ba,FixedDeposit,2025-06-10,Inactive,0.0,0.0,3.0,4.2
9b5edc52-cdf2-4bb1-8add-27732b9150b9,63085581-9fb8-4e4f-8e08-6a28384f95dd,Savings,2021-04-13,Active,134987.09,0.0,0.0,0.0
23a6bfe2-4265-4567-ae4e-de71ff91ef45,63085581-9fb8-4e4f-8e08-6a28384f95dd,FixedDeposit,2023-10-21,Inactive,0.0,0.0,12.0,5.2
14791f91-392f-482b-a1b0-da97b2b1f80b,63085581-9fb8-4e4f-8e08-6a28384f95dd,FixedDeposit,2023-10-13,Inactive,0.0,0.0,12.0,5.2
639d69b5-0846-466a-8900-6211e1bdeb92,63085581-9fb8-4e4f-8e08-6a28384f95dd,FixedDeposit,2024-04-20,Inactive,0.0,0.0,6.0,5.1
006109e7-0e4a-4fb9-9b98-355faf3dc5be,31822449-44da-4140-8663-ae1595d20dfb,Savings,2020-07-26,Active,113428.0,0.0,0.0,0.0
3aa8a23d-9d23-4bf5-a703-944e3d5ee097,763b434e-edc7-4116-9d8f-a5a00ca60d24,Savings,2023-01-15,Active,250345.18,0.0,0.0,0.0
927e5b94-4bce-486d-8a7b-45e2da2e0662,763b434e-edc7-4116-9d8f-a5a00ca60d24,Loan,2024-09-30,Active,4521.81,6029.01,60.0,22.5
cfd67192-5980-4719-aecc-4cb85059d991,763b434e-edc7-4116-9d8f-a5a00ca60d24,Loan,2024-07-10,Active,5452.16,18692.95,24.0,23.5
bb7afcf2-6a5c-4fa8-b0e6-9f7657a51476,763b434e-edc7-4116-9d8f-a5a00ca60d24,FixedDeposit,2023-08-11,Active,20095.07,0.0,36.0,4.5
da566f1f-ec58-45ba-9a34-9dce0817a1fd,763b434e-edc7-4116-9d8f-a5a00ca60d24,FixedDeposit,2024-05-11,Active,99342.71,0.0,24.0,5.0
4e530ca0-fcc7-4567-90dc-6095c22c25b0,88a88e8f-c151-4f20-8d41-7c97c0872ba9,Savings,2024-07-08,Active,60823.56,0.0,0.0,0.0
d47c99c6-9a64-4948-af11-b56e5970d104,88a88e8f-c151-4f20-8d41-7c97c0872ba9,Loan,2025-08-27,Active,16108.7,17573.14,48.0,18.5
a43c1873-a3df-4beb-a6c2-25ca250fdaee,88a88e8f-c151-4f20-8d41-7c97c0872ba9,Loan,2025-05-04,Active,15861.93,23792.89,24.0,22.8
13ba9577-2982-43cd-b17d-85b0a191a547,88a88e8f-c151-4f20-8d41-7c97c0872ba9,FixedDeposit,2025-10-23,Active,54622.63,0.0,24.0,4.5
690b822d-30be-442b-8964-bd2fddf58c6d,88a88e8f-c151-4f20-8d41-7c97c0872ba9,FixedDeposit,2025-06-14,Active,97737.97,0.0,24.0,4.5
d20c7861-b37e-496f-98da-5a95203c6b22,88a88e8f-c151-4f20-8d41-7c97c0872ba9,FixedDeposit,2024-10-11,Active,34745.73,0.0,36.0,4.7
4a4b03fe-114d-4b37-bae8-8610e0091c50,d96618ea-53ae-4965-81ec-73ab2a12dea0,Savings,2021-09-23,Active,42855.08,0.0,0.0,0.0
0b543fd2-3868-43da-83ea-ea8c2dd5bab8,d96618ea-53ae-4965-81ec-73ab2a12dea0,FixedDeposit,2024-11-17,Active,3315.71,0.0,24.0,5.0
9b0abd72-e602-414e-b973-0a0d1ad771e4,d96618ea-53ae-4965-81ec-73ab2a12dea0,FixedDeposit,2025-09-04,Active,99342.86,0.0,24.0,4.5
c28cf6d1-9483-40da-a1f7-0d413e5413f5,d96618ea-53ae-4965-81ec-73ab2a12dea0,FixedDeposit,2025-01-17,Inactive,0.0,0.0,6.0,4.5
aef9f450-bdc3-43b4-9181-f9372f73013f,6ecc370c-14d0-4a2f-8bba-2db185ec98b3,Savings,2022-12-16,Active,114168.07,0.0,0.0,0.0
6dcc12a8-a069-4b79-bb7b-87aeea055428,6ecc370c-14d0-4a2f-8bba-2db185ec98b3,FixedDeposit,2025-05-12,Active,76907.01,0.0,24.0,4.5
723c5207-7f21-49cd-bf6c-01f5e84dbfc9,6ecc370c-14d0-4a2f-8bba-2db185ec98b3,FixedDeposit,2024-03-29,Active,76216.28,0.0,24.0,5.0
31326855-56cc-4816-89a8-0f706f0ac8f9,58e4ccbd-4f6d-4ffc-a5c8-bfaabf9992c6,Savings,2021-12-19,Active,257427.87,0.0,0.0,0.0
081171e2-daee-4686-9be2-59e5745999c6,58e4ccbd-4f6d-4ffc-a5c8-bfaabf9992c6,Loan,2024-07-05,Inactive,0.0,8409.24,12.0,9.4
5ac87344-06aa-4321-9dc1-7a9c540dcd44,58e4ccbd-4f6d-4ffc-a5c8-bfaabf9992c6,Loan,2023-08-12,Inactive,0.0,20830.3,12.0,7.6
b127fd52-fa0e-455a-bd35-1198558b2644,c4a269c6-9efc-492a-bdcf-0d027c754873,Savings,2024-04-10,Active,23192.74,0.0,0.0,0.0
6dae8789-c76a-4fce-a6f6-a67b6f7a1860,c4a269c6-9efc-492a-bdcf-0d027c754873,FixedDeposit,2024-09-08,Active,92677.79,0.0,36.0,4.7
12adfd7a-cd52-4c77-9b95-9e6a88efbf29,a6ff42ba-c39a-4fbd-884b-35d07b5ab40f,Savings,2024-01-10,Active,136755.18,0.0,0.0,0.0
4b5bfb20-42e1-4691-92a7-1c3b17374801,a6ff42ba-c39a-4fbd-884b-35d07b5ab40f,Loan,2024-12-26,Active,4769.51,9539.03,24.0,21.7
51a00d4f-b409-4405-b9b6-8add524b84e1,a6ff42ba-c39a-4fbd-884b-35d07b5ab40f,FixedDeposit,2024-02-28,Inactive,0.0,0.0,3.0,4.8
538e5cef-9088-46ea-a442-768ec7ede78b,a6ff42ba-c39a-4fbd-884b-35d07b5ab40f,FixedDeposit,2025-09-11,Active,13307.57,0.0,12.0,4.8
185f7fba-ec87-42c1-a8a5-052798344299,e8ab8789-ceca-4456-b2cf-d2943bfee93b,Savings,2023-08-30,Active,11330.41,0.0,0.0,0.0
247613fd-4367-4a75-9b26-3feaf3843e58,e8ab8789-ceca-4456-b2cf-d2943bfee93b,FixedDeposit,2025-10-17,Active,98680.42,0.0,36.0,4.2
68779ad0-473d-4618-9af4-e504023eb1c1,e8ab8789-ceca-4456-b2cf-d2943bfee93b,FixedDeposit,2023-11-24,Inactive,0.0,0.0,6.0,5.0
2e693074-ff6b-4377-8744-7811a48352b6,0122c7cd-2330-47bc-9e42-6d6d65286bca,Savings,2023-08-23,Active,542183.23,0.0,0.0,0.0
ac092e44-b4d0-46f0-a254-f76783dbfed7,0122c7cd-2330-47bc-9e42-6d6d65286bca,FixedDeposit,2023-12-02,Inactive,0.0,0.0,6.0,5.0
056bdaec-01d8-42ab-b900-8955e5c66222,119cb3fc-ac3b-4458-9202-a5875c354fac,Savings,2024-01-29,Active,97422.18,0.0,0.0,0.0
fb984e24-73b7-4194-b722-fde603520353,119cb3fc-ac3b-4458-9202-a5875c354fac,Loan,2024-04-25,Active,107657.29,184555.29,48.0,17.3
54e7cb57-0e57-4570-a0df-964d6aa713bb,119cb3fc-ac3b-4458-9202-a5875c354fac,Loan,2025-04-11,Active,3077.12,3956.32,36.0,7.8
13059a2e-361e-455a-a549-b045cd3b17dc,119cb3fc-ac3b-4458-9202-a5875c354fac,FixedDeposit,2024-04-22,Inactive,0.0,0.0,3.0,4.8
1982e8b6-d542-436b-9f5b-190e7ca899df,b5c10fce-7348-4197-ac22-4cb4ddab4aa0,Savings,2024-03-11,Active,145808.57,0.0,0.0,0.0
d69549ca-8e5b-4ce5-b642-e8dcce493645,b5c10fce-7348-4197-ac22-4cb4ddab4aa0,FixedDeposit,2025-06-22,Active,37924.07,0.0,24.0,4.5
1a695cf3-4080-4f6c-a95e-1edb5d91b7b1,b5c10fce-7348-4197-ac22-4cb4ddab4aa0,FixedDeposit,2024-07-14,Active,18615.63,0.0,36.0,4.7
a66e8ef6-927b-40ac-9c9b-043dfbed2d22,ac8096f6-9976-465a-b67b-40da1c63ca84,Savings,2025-05-01,Active,117115.92,0.0,0.0,0.0
a7497cd8-fb55-4078-9f9a-cf80e8c42ded,ac8096f6-9976-465a-b67b-40da1c63ca84,Loan,2025-06-04,Active,8020.12,9956.04,36.0,22.7
6992b89d-a8a0-421c-856e-51ed9d1f7690,ac8096f6-9976-465a-b67b-40da1c63ca84,FixedDeposit,2025-05-29,Active,95829.39,0.0,36.0,4.2
1693c283-5be8-4af6-a014-900d5f71e7c1,ac8096f6-9976-465a-b67b-40da1c63ca84,FixedDeposit,2025-06-03,Inactive,0.0,0.0,6.0,4.5
45a6dac7-bc86-46e2-980e-486ce3af9ee3,ac8096f6-9976-465a-b67b-40da1c63ca84,FixedDeposit,2025-09-10,Active,48437.15,0.0,6.0,4.5
f8a99a09-ddcc-40a1-88f8-a5f0d5522d9e,dbae6c69-ca52-4d15-8683-e9b600dd20bc,Savings,2024-02-15,Active,54636.06,0.0,0.0,0.0
d17d1d34-5706-4381-b444-59d08a35b5c9,dbae6c69-ca52-4d15-8683-e9b600dd20bc,Loan,2024-07-14,Active,17728.74,60783.96,24.0,10.0
3387bda2-2e47-4770-8805-adffa97486df,3afcd865-ced9-4387-9dfd-1e5e890e50e4,Savings,2021-02-20,Active,402979.52,0.0,0.0,0.0
22376047-715c-4323-a8a0-34dc89d07a1c,3afcd865-ced9-4387-9dfd-1e5e890e50e4,Loan,2021-04-24,Active,1222.81,24457.15,60.0,21.6
85ea7ed5-4a4c-4ab1-b8f9-4d574364545f,3afcd865-ced9-4387-9dfd-1e5e890e50e4,FixedDeposit,2022-09-02,Inactive,0.0,0.0,24.0,3.0
06daf1e2-f154-4d1a-ac74-f197b62bdd4c,49dc1417-baeb-4122-914d-2f2b7f712763,Savings,2020-03-23,Active,1167667.98,0.0,0.0,0.0
f940856c-fc88-4f76-beef-0a7158aa9898,49dc1417-baeb-4122-914d-2f2b7f712763,FixedDeposit,2024-04-24,Inactive,0.0,0.0,3.0,4.8
30d4feff-fb8b-46c1-83b4-6399edb0e3a8,49dc1417-baeb-4122-914d-2f2b7f712763,FixedDeposit,2022-04-23,Inactive,0.0,0.0,12.0,2.8
9c11b751-4d22-4172-ab5a-5d2f81b4aa5e,07a270e3-f1ab-4c20-838d-e98b90f9594f,Savings,2020-07-13,Active,313650.86,0.0,0.0,0.0
8854d5ee-a6fa-40ad-b7f5-9d1f1e0d494e,07a270e3-f1ab-4c20-838d-e98b90f9594f,FixedDeposit,2021-04-03,Inactive,0.0,0.0,12.0,1.0
7a4ebbbf-c84f-4de5-b5fe-dafa2eb530d9,07a270e3-f1ab-4c20-838d-e98b90f9594f,FixedDeposit,2023-01-09,Inactive,0.0,0.0,36.0,4.5
2d1a5e27-e079-4914-8349-0a51f5469e28,07a270e3-f1ab-4c20-838d-e98b90f9594f,FixedDeposit,2025-11-30,Active,32895.71,0.0,36.0,4.2
c0bc9811-d685-43b3-adff-1e55b1587789,5406beb2-7fd1-4d75-a28e-d22d6e0784e3,Savings,2022-02-22,Active,250081.51,0.0,0.0,0.0
bbc330d7-a916-415b-897c-df2dd6fe939d,6c20813f-3709-4279-9289-6b6116ec3563,Savings,2023-08-02,Active,99083.71,0.0,0.0,0.0
d537ccdf-253f-4eca-9e81-e3a8d56bfccc,9b480d79-d200-48b9-a205-fa0409e2a2c8,Savings,2024-03-02,Active,110246.88,0.0,0.0,0.0
14f5e3fd-9cbf-42ba-aa26-a89ee597f1d2,9b480d79-d200-48b9-a205-fa0409e2a2c8,Loan,2024-08-31,Active,7266.07,9908.31,60.0,14.4
b6d702ac-09db-48c6-88e5-c7e4de601bff,9b480d79-d200-48b9-a205-fa0409e2a2c8,Loan,2024-07-24,Active,9553.7,13330.76,60.0,17.3
ca476595-c3ec-46d2-bd2d-cbd7e6309811,0184898f-78e0-44b8-b257-a7c6d792b689,Savings,2024-04-22,Active,298787.42,0.0,0.0,0.0
0bf793bb-2bed-416b-be83-b3736ee1d9fd,0184898f-78e0-44b8-b257-a7c6d792b689,Loan,2024-09-12,Inactive,0.0,436111.31,12.0,17.9
fb0a4b97-c64d-4bdc-8975-3cb4a0a05271,0184898f-78e0-44b8-b257-a7c6d792b689,FixedDeposit,2024-10-01,Inactive,0.0,0.0,6.0,5.1
4d86c344-321e-424f-8e8b-c4a2b29829f4,0184898f-78e0-44b8-b257-a7c6d792b689,FixedDeposit,2025-03-19,Inactive,0.0,0.0,6.0,4.5
df7982a3-9032-4ae9-8b21-585fe004eeff,4c4d16a4-ff37-4baa-96af-0553f3706e1a,Savings,2022-10-12,Active,510204.72,0.0,0.0,0.0
cac4f1f5-71cc-4110-b329-06c2d941879b,4c4d16a4-ff37-4baa-96af-0553f3706e1a,Loan,2024-06-22,Active,3764.93,5378.45,60.0,19.2
fc6c47b4-d7ca-4412-a8b5-250ec144a58c,4c4d16a4-ff37-4baa-96af-0553f3706e1a,FixedDeposit,2023-11-17,Inactive,0.0,0.0,12.0,5.2
97818779-a6ab-4c65-a350-3e8556f89618,c2023cb3-63a9-4402-b06b-254742c60b19,Savings,2021-09-28,Active,14321.27,0.0,0.0,0.0
7706d546-d119-42d6-9076-1921b4297ced,c2023cb3-63a9-4402-b06b-254742c60b19,Loan,2023-02-19,Inactive,0.0,76979.15,24.0,19.2
aa46d1c0-e3a4-495f-84d8-533668db3095,c2023cb3-63a9-4402-b06b-254742c60b19,Loan,2023-08-07,Active,28513.94,342167.17,12.0,7.5
398e7b86-04e5-4e87-b47d-258769e1364e,83669f3b-73d0-4db3-aca0-2049212e20db,Savings,2024-07-03,Active,652071.49,0.0,0.0,0.0
3b210d6e-9f4b-4fea-88a9-d4f567313846,83669f3b-73d0-4db3-aca0-2049212e20db,FixedDeposit,2025-10-25,Active,92513.09,0.0,3.0,4.2
a560ebf4-3752-4727-b086-181c3fbac6b5,83669f3b-73d0-4db3-aca0-2049212e20db,FixedDeposit,2024-12-01,Active,91260.28,0.0,24.0,5.0
e087944c-b15d-4701-8813-dd95007f1742,edc513c7-7afa-4440-a3d3-abc8e4ecdb69,Savings,2021-02-04,Active,449027.86,0.0,0.0,0.0
a5fa869a-ac5e-42f5-bc52-207434f3729a,edc513c7-7afa-4440-a3d3-abc8e4ecdb69,Loan,2025-01-03,Active,18275.7,22844.58,60.0,17.9
1207b8b5-3f5e-47f4-970d-297a3d40e38b,edc513c7-7afa-4440-a3d3-abc8e4ecdb69,FixedDeposit,2025-10-01,Active,15328.41,0.0,6.0,4.5
7bb2f3db-59fa-4c34-9886-652b80091d91,0efb53aa-df00-4003-b0c6-b132ae6e78e6,Savings,2025-05-13,Active,150602.36,0.0,0.0,0.0
1d8034ca-5646-43cb-a5c2-74ef2b37a015,0efb53aa-df00-4003-b0c6-b132ae6e78e6,Loan,2025-06-02,Active,13687.08,32849.02,12.0,10.6
247d69ae-9cca-438b-820c-54032366e302,0efb53aa-df00-4003-b0c6-b132ae6e78e6,FixedDeposit,2025-10-30,Active,49146.68,0.0,24.0,4.5
f6cf9900-6bb9-4b33-9049-2661790f0198,0efb53aa-df00-4003-b0c6-b132ae6e78e6,FixedDeposit,2025-08-14,Active,12998.91,0.0,36.0,4.2
bb016ccc-119d-4346-b7ac-b0cd2596e66d,0efb53aa-df00-4003-b0c6-b132ae6e78e6,FixedDeposit,2025-06-29,Inactive,0.0,0.0,6.0,4.5
6b442ba5-00a0-4037-b575-9342ed03ae45,987ff92d-66d9-4bdf-b8be-c2b83d3c1b42,Savings,2021-06-09,Active,366211.4,0.0,0.0,0.0
f1697ca0-6745-47c2-b8fd-93df258eb5a3,987ff92d-66d9-4bdf-b8be-c2b83d3c1b42,Loan,2024-08-18,Active,31351.63,56433.07,36.0,19.9
16dc6f32-bf04-432c-a456-b90dfa7677ed,987ff92d-66d9-4bdf-b8be-c2b83d3c1b42,FixedDeposit,2022-08-21,Inactive,0.0,0.0,24.0,3.0
0dd7bed5-e7c1-4cff-b0fc-97f4e1ea0aba,987ff92d-66d9-4bdf-b8be-c2b83d3c1b42,FixedDeposit,2024-05-30,Inactive,0.0,0.0,6.0,5.1
46eb6890-a87c-47df-aa29-1bb95780eb9d,019e2665-f34e-488f-9eb1-1982bd6df805,Savings,2023-10-24,Active,99995.54,0.0,0.0,0.0
b155d093-c925-41b1-b284-cc5994320c9c,019e2665-f34e-488f-9eb1-1982bd6df805,Loan,2025-08-09,Active,2486.05,2796.81,36.0,23.5
85357632-b763-4600-98a4-7f343af3d2f7,019e2665-f34e-488f-9eb1-1982bd6df805,FixedDeposit,2023-11-18,Inactive,0.0,0.0,24.0,4.8
d54eab47-a0cf-4717-97e0-7bc1cd61517b,2d500fd8-b08d-4c64-9fbb-be2c8bd4f071,Savings,2021-05-29,Active,243165.13,0.0,0.0,0.0
9cf7fd7d-08f4-415c-be1c-cf0a6a4a90a9,2d500fd8-b08d-4c64-9fbb-be2c8bd4f071,FixedDeposit,2024-07-28,Inactive,0.0,0.0,3.0,4.8
0468fd02-aaa3-467e-8098-aa52462c9251,2fda89d0-234f-4d6c-944b-40d81676c3ff,Savings,2020-06-19,Active,281651.28,0.0,0.0,0.0
9e43ed7c-e135-4612-972e-281b8238124a,2fda89d0-234f-4d6c-944b-40d81676c3ff,Loan,2022-09-27,Active,6648.22,18994.84,60.0,23.4
222aa499-38f4-4815-966b-58c109bb2c9f,2fda89d0-234f-4d6c-944b-40d81676c3ff,Loan,2025-05-11,Active,13077.72,16234.37,36.0,10.8
db6d8b5f-4555-47fe-b29b-853d8ff18e4d,2fda89d0-234f-4d6c-944b-40d81676c3ff,FixedDeposit,2021-08-16,Inactive,0.0,0.0,12.0,1.0
b795aa36-d09c-40e9-8efb-5e3343e09324,9aed5899-7cbe-4b17-929c-7a36f97f145f,Savings,2023-10-24,Active,279107.3,0.0,0.0,0.0
6bb21eee-9a41-4f7e-a914-5893ec5622f9,9aed5899-7cbe-4b17-929c-7a36f97f145f,Loan,2025-02-17,Active,18578.9,31849.5,24.0,11.4
d79a2f10-8693-4d3d-8076-6257afe1806f,9aed5899-7cbe-4b17-929c-7a36f97f145f,Loan,2025-07-02,Active,42073.56,46748.4,60.0,11.1
e7e0029c-bed3-4152-a7d8-45a6a5ce91a5,9aed5899-7cbe-4b17-929c-7a36f97f145f,FixedDeposit,2023-11-18,Inactive,0.0,0.0,24.0,4.8
258b6dcc-bf9c-4eb6-ab2d-dc807dec29a4,32744eb8-2a42-49b6-841b-9b958b67b29e,Savings,2021-05-16,Active,279074.29,0.0,0.0,0.0
34a9d828-e702-4351-9a1b-ba5af2ff224c,32744eb8-2a42-49b6-841b-9b958b67b29e,Loan,2023-06-11,Inactive,0.0,4376.38,24.0,23.0
5055c105-6cd3-498e-9f9c-fe7edf486bdf,32744eb8-2a42-49b6-841b-9b958b67b29e,FixedDeposit,2025-05-11,Active,37290.57,0.0,24.0,4.5
95abab04-13be-4bda-a61c-a78430417f4e,32744eb8-2a42-49b6-841b-9b958b67b29e,FixedDeposit,2022-07-26,Inactive,0.0,0.0,3.0,1.5
56d57a83-880b-4438-a45d-ff841efcaa26,cf0d9d01-99ef-4d12-9745-8d310e41320e,Savings,2023-08-12,Active,137424.17,0.0,0.0,0.0
6a3711a8-d77f-49af-988b-2c2eb0dd9e21,cf0d9d01-99ef-4d12-9745-8d310e41320e,FixedDeposit,2025-07-29,Active,11475.66,0.0,6.0,4.5
1e45fac0-758b-495a-a46d-2a157ae87d88,cf0d9d01-99ef-4d12-9745-8d310e41320e,FixedDeposit,2025-07-06,Active,69483.28,0.0,36.0,4.2
f21d8a1d-bcae-4a50-8987-d7ae89b5544f,cf0d9d01-99ef-4d12-9745-8d310e41320e,FixedDeposit,2024-08-16,Active,80487.81,0.0,24.0,5.0
e2e6005c-cfea-4d3b-8915-840174b16491,59ae8e3d-6d4b-4d0a-82fd-4ad6e22a64ee,Savings,2021-02-21,Active,560794.3,0.0,0.0,0.0
3a4e2008-3f8d-4612-99d9-31f7ca955683,59ae8e3d-6d4b-4d0a-82fd-4ad6e22a64ee,Loan,2024-06-01,Active,143195.42,687337.75,24.0,13.7
64296467-b7fd-4e09-98ff-fb29ad447949,59ae8e3d-6d4b-4d0a-82fd-4ad6e22a64ee,FixedDeposit,2021-06-08,Inactive,0.0,0.0,6.0,0.8
0f684949-bf15-4b46-bbef-ad4be6c1cf67,676f7454-2e1a-468a-873c-f73fb1ee4109,Savings,2022-08-04,Active,385776.25,0.0,0.0,0.0
7e5a47d6-9653-4d71-afa2-c8fa4a89857f,676f7454-2e1a-468a-873c-f73fb1ee4109,FixedDeposit,2025-03-16,Active,70911.65,0.0,36.0,4.2
3370cbd2-f01a-48a8-9d47-4bcc5f486fdc,7e3ee5d6-ce4d-4e62-932f-28899ad65807,Savings,2022-09-03,Active,532844.11,0.0,0.0,0.0
19687ca4-dc54-4779-92f8-bcdfd7771c9f,7e3ee5d6-ce4d-4e62-932f-28899ad65807,FixedDeposit,2025-05-31,Inactive,0.0,0.0,3.0,4.2
ce988d39-ba52-47f6-8cd4-3e8b0f91987d,7e3ee5d6-ce4d-4e62-932f-28899ad65807,FixedDeposit,2023-12-09,Inactive,0.0,0.0,6.0,5.0
41a4e16d-fc1b-49a1-91c5-5ad99651a4cf,7e3ee5d6-ce4d-4e62-932f-28899ad65807,FixedDeposit,2023-07-03,Inactive,0.0,0.0,24.0,4.8
593a4c42-3fc8-41ae-9998-57214227651b,8c0a451d-c3be-4146-8ed7-031842cd039e,Savings,2020-12-25,Active,386402.01,0.0,0.0,0.0
e628afca-498d-4e3a-9d19-a91a09cc6835,8c0a451d-c3be-4146-8ed7-031842cd039e,Loan,2025-02-19,Active,44139.84,55755.54,48.0,22.0
fabcd9be-3f7b-495d-935c-524d74a8a105,8c0a451d-c3be-4146-8ed7-031842cd039e,Loan,2023-11-15,Inactive,0.0,18803.86,12.0,20.7
689f6608-7fbe-498e-9636-43ab6d5b06ac,94e369ef-5a7f-4b4d-b439-0aa55ac8d148,Savings,2025-05-13,Active,391205.4,0.0,0.0,0.0
83cef132-6f32-470a-9a1c-0ebc868c5692,94e369ef-5a7f-4b4d-b439-0aa55ac8d148,Loan,2025-10-05,Active,492028.38,513420.92,48.0,21.9
3e364f12-d18f-4ea4-93e1-bba93f78dd90,94e369ef-5a7f-4b4d-b439-0aa55ac8d148,Loan,2025-08-17,Active,53021.34,57841.46,48.0,7.5
1ae31fcc-0dce-4b3a-9cc9-9f349bacbe51,94e369ef-5a7f-4b4d-b439-0aa55ac8d148,FixedDeposit,2025-11-26,Active,88611.88,0.0,3.0,4.2
38d60518-ae02-40f8-958f-eac4f7f1557f,94e369ef-5a7f-4b4d-b439-0aa55ac8d148,FixedDeposit,2025-07-15,Active,56350.74,0.0,12.0,4.8
37288880-5480-4d99-8485-107695f34202,0d38cd5c-a40a-48b0-a893-aa1764930c76,Savings,2021-10-12,Active,745822.7,0.0,0.0,0.0
602e2ef7-57fd-470a-8f34-ace6da3096ba,0d38cd5c-a40a-48b0-a893-aa1764930c76,FixedDeposit,2024-01-29,Inactive,0.0,0.0,12.0,5.3
de257736-7e54-4189-94fb-787eda32739e,0d38cd5c-a40a-48b0-a893-aa1764930c76,FixedDeposit,2023-02-10,Inactive,0.0,0.0,12.0,5.2
c572935f-56e4-4fa6-b868-c4fa5b484602,0d38cd5c-a40a-48b0-a893-aa1764930c76,FixedDeposit,2022-04-14,Inactive,0.0,0.0,3.0,1.5
9cd4637a-86cf-4364-a29e-5ad9d7a45a92,6c0bc228-18d6-409e-970b-9229096836b9,Savings,2023-09-10,Active,249630.82,0.0,0.0,0.0
52b975fb-66d7-444b-b9a6-ae8c7abf6c61,6c0bc228-18d6-409e-970b-9229096836b9,FixedDeposit,2025-02-17,Inactive,0.0,0.0,6.0,4.5
d6e7fd15-b452-4512-b49c-ba83dbc33699,6c0bc228-18d6-409e-970b-9229096836b9,FixedDeposit,2024-03-30,Active,56894.79,0.0,36.0,4.7
540b7292-0405-4333-b2d6-2bce202b8f0d,1d4b2566-47dc-49e6-98b3-e6cc934f2800,Savings,2023-05-05,Active,112279.73,0.0,0.0,0.0
be7819fa-b6be-4fd8-930c-9b1f08de0665,1d4b2566-47dc-49e6-98b3-e6cc934f2800,FixedDeposit,2024-02-01,Active,27569.5,0.0,36.0,4.7
1da20bc4-cbda-4f6b-b22d-f4973c065551,1d4b2566-47dc-49e6-98b3-e6cc934f2800,FixedDeposit,2023-09-09,Inactive,0.0,0.0,3.0,4.5
84235d6a-fcec-4dfa-99f0-b6c67334fccf,1d4b2566-47dc-49e6-98b3-e6cc934f2800,FixedDeposit,2025-07-11,Active,35384.2,0.0,6.0,4.5
54137697-59b4-46c8-909d-2a297248218c,d531be04-d868-4819-9b93-0dd485d7d347,Savings,2024-02-16,Active,106287.74,0.0,0.0,0.0
cef15759-0b6d-43da-8efa-eb9bb4663e4e,d531be04-d868-4819-9b93-0dd485d7d347,FixedDeposit,2025-10-08,Active,61666.9,0.0,12.0,4.8
7a791f32-1954-4a39-90ab-43c222c8c138,d531be04-d868-4819-9b93-0dd485d7d347,FixedDeposit,2024-03-16,Inactive,0.0,0.0,3.0,4.8
1bb8b4a8-222a-4baa-98fd-158e5bc44ccf,1b8b1d54-0ba7-4c72-beee-485a025f4cf5,Savings,2023-10-04,Active,250516.48,0.0,0.0,0.0
543556e8-f8d7-4ef9-bfdb-4b892d38bc67,1b8b1d54-0ba7-4c72-beee-485a025f4cf5,Loan,2023-11-30,Inactive,0.0,40745.34,12.0,6.8
f817f3a9-e356-417c-93e6-d87636844798,1b8b1d54-0ba7-4c72-beee-485a025f4cf5,Loan,2024-06-20,Active,21698.76,30998.28,60.0,9.6
1805cd67-2652-4c41-ab2f-b40afd4f4a4f,1b8b1d54-0ba7-4c72-beee-485a025f4cf5,FixedDeposit,2024-04-21,Inactive,0.0,0.0,12.0,5.3
ed4cbfdf-79b4-493b-a8c4-289b1ebf514b,1b8b1d54-0ba7-4c72-beee-485a025f4cf5,FixedDeposit,2025-01-16,Active,6058.13,0.0,12.0,4.8
21a849f0-d8d4-4939-8cb4-1ab376d0ff0b,1b8b1d54-0ba7-4c72-beee-485a025f4cf5,FixedDeposit,2024-05-07,Active,22544.0,0.0,24.0,5.0
bdc268b9-5eff-4a63-84ce-f859d91e384b,c1e99218-02a0-459a-aaee-840aa36a413d,Savings,2023-08-28,Active,184434.44,0.0,0.0,0.0
5a095a9f-497d-4234-9fc1-3b066a6fea21,c1e99218-02a0-459a-aaee-840aa36a413d,Loan,2025-08-21,Active,16571.42,18077.9,48.0,20.9
5ffe9af3-bb05-4c6c-917c-bfc92f619e7f,ebc435d6-c874-40e8-85ff-0601c799bae5,Savings,2022-03-06,Active,125259.52,0.0,0.0,0.0
cf3938bf-119c-4cb5-8f58-d95683b52fda,213fbc23-6dc9-4595-8658-83fbd0483cb7,Savings,2023-10-21,Active,537572.12,0.0,0.0,0.0
46a8e5d0-c087-422b-b01e-eda354c1735f,213fbc23-6dc9-4595-8658-83fbd0483cb7,Loan,2024-08-01,Inactive,0.0,12639.75,12.0,9.2
173a4dd7-8c95-42b3-a861-1e10ced17c61,213fbc23-6dc9-4595-8658-83fbd0483cb7,FixedDeposit,2024-01-09,Inactive,0.0,0.0,12.0,5.3
b9c8054e-b766-4854-8b32-f17b39e17359,213fbc23-6dc9-4595-8658-83fbd0483cb7,FixedDeposit,2024-11-16,Inactive,0.0,0.0,12.0,5.3
9368016c-359a-453f-87fb-d04c51e1b806,c8bdab9f-0908-4144-ab4f-0c44a29d8ae9,Savings,2023-12-22,Active,96809.19,0.0,0.0,0.0
3d8f01c9-5fdf-49d0-9bc4-8c01515ccea9,d1354938-f3f7-4a2b-a925-0e4d387f5228,Savings,2020-10-14,Active,134223.96,0.0,0.0,0.0
9ba064fe-fcbe-466b-a9fb-f03f9d5b4479,d1354938-f3f7-4a2b-a925-0e4d387f5228,Loan,2023-12-25,Active,39909.18,64717.44,60.0,19.6
2b703077-b3de-4cf3-bd1a-a465103b6e22,d1354938-f3f7-4a2b-a925-0e4d387f5228,Loan,2022-01-27,Active,68072.31,233390.51,48.0,19.7
9ccdd1bd-d487-4b5d-9b6d-e863f6b4b76f,d1354938-f3f7-4a2b-a925-0e4d387f5228,FixedDeposit,2024-08-19,Active,93213.9,0.0,24.0,5.0
7357d452-489b-404a-a8a9-5887539650d0,3c3a71df-e1f1-498c-9d95-3e679ad446a8,Savings,2021-01-22,Active,746021.27,0.0,0.0,0.0
2335a2bb-150a-4e93-aee0-e7ef46191530,3c3a71df-e1f1-498c-9d95-3e679ad446a8,Loan,2024-04-11,Active,18351.45,110109.25,24.0,10.0
0f029587-e9a5-4598-9944-2de132eefc43,3c3a71df-e1f1-498c-9d95-3e679ad446a8,Loan,2023-07-05,Inactive,0.0,11794.89,24.0,22.3
f0af8846-baa2-4808-b001-02d9c32d8038,3c3a71df-e1f1-498c-9d95-3e679ad446a8,FixedDeposit,2023-08-02,Inactive,0.0,0.0,24.0,4.8
78fc6a6f-592a-40b0-bfa7-05a83e5e8f5d,3c3a71df-e1f1-498c-9d95-3e679ad446a8,FixedDeposit,2022-11-04,Inactive,0.0,0.0,3.0,1.5
8d0ba5dd-e60e-43c7-8a21-588a5d0ef62e,98b2ec4b-c7b7-4d1f-883e-4cb686018e23,Savings,2022-01-23,Active,186694.74,0.0,0.0,0.0
4b02aeea-1e1e-4887-9320-d8cee3bae789,98b2ec4b-c7b7-4d1f-883e-4cb686018e23,Loan,2025-08-19,Active,11610.19,13932.23,24.0,21.4
4924248f-a46a-4d6e-b264-a214fb2e6dbe,98b2ec4b-c7b7-4d1f-883e-4cb686018e23,FixedDeposit,2022-04-20,Inactive,0.0,0.0,3.0,1.5
43da3229-bc45-4e8d-ab22-fb01f141910e,98b2ec4b-c7b7-4d1f-883e-4cb686018e23,FixedDeposit,2025-02-10,Active,46041.57,0.0,36.0,4.2
2c449ecf-8c05-4f26-b956-76ea8d46e44f,98b2ec4b-c7b7-4d1f-883e-4cb686018e23,FixedDeposit,2023-05-30,Inactive,0.0,0.0,12.0,5.2
d5d0e688-8f48-421d-a29f-d423a99de0cd,a7ac81e5-40b4-4315-b67e-17613147f15d,Savings,2022-06-30,Active,455796.99,0.0,0.0,0.0
ed6a1c97-30c4-4909-b533-dc4d832c2534,a7ac81e5-40b4-4315-b67e-17613147f15d,Loan,2024-12-11,Active,30148.74,45223.02,36.0,17.9
ba95d855-7d49-4f0d-bc72-98984983c940,a7ac81e5-40b4-4315-b67e-17613147f15d,Loan,2023-05-24,Inactive,0.0,23197.38,12.0,21.0
ba019613-5c70-4984-9831-83135a4ae639,a7ac81e5-40b4-4315-b67e-17613147f15d,FixedDeposit,2025-03-22,Inactive,0.0,0.0,6.0,4.5
a89a9611-2477-430b-91ab-d7390c1dbf09,fd1ae570-89e5-41de-9227-f54548c9c7a5,Savings,2025-11-08,Active,27161.78,0.0,0.0,0.0
72b57279-6ad2-44e2-ae78-db02c1024392,fd1ae570-89e5-41de-9227-f54548c9c7a5,Loan,2025-11-08,Active,24110.77,24519.43,60.0,10.3
0a179d79-6e3f-4ffa-b652-9b44e6fedf07,fd1ae570-89e5-41de-9227-f54548c9c7a5,Loan,2025-11-08,Active,15035.8,16402.69,12.0,8.3
1d8a80ba-6251-4f06-b4a8-f03825d48a25,fd1ae570-89e5-41de-9227-f54548c9c7a5,FixedDeposit,2025-12-01,Active,47759.04,0.0,24.0,4.5
6fabb49d-1a9f-4bfc-b0b5-a766350f95c0,fd1ae570-89e5-41de-9227-f54548c9c7a5,FixedDeposit,2025-11-15,Active,43956.93,0.0,24.0,4.5
0af48a91-c4a3-4c7f-a1b2-2d67300dfc63,46c4e8e9-a538-4134-b900-9caca94fdc59,Savings,2021-11-04,Active,278442.51,0.0,0.0,0.0
40a48f55-59b0-430b-a2f7-49746248f253,46c4e8e9-a538-4134-b900-9caca94fdc59,Loan,2025-06-09,Active,9490.32,12653.76,24.0,21.9
583576a2-1aff-48fb-aeaa-34179260af94,46c4e8e9-a538-4134-b900-9caca94fdc59,FixedDeposit,2023-06-22,Inactive,0.0,0.0,6.0,5.0
a638fb01-d6a7-49f8-88d8-d2474291f1e7,46c4e8e9-a538-4134-b900-9caca94fdc59,FixedDeposit,2024-11-27,Inactive,0.0,0.0,3.0,4.8
110a6b28-1267-47fb-b6b4-db36b42de0c3,0f2dbeb6-5d3d-429a-a776-ab364e2dc573,Savings,2022-01-05,Active,13059.13,0.0,0.0,0.0
938b47bf-626d-4d0c-b0c4-8d78c937fa8f,0f2dbeb6-5d3d-429a-a776-ab364e2dc573,FixedDeposit,2022-06-05,Inactive,0.0,0.0,3.0,1.5
5dad21ba-ee8f-4cdf-8641-33b81df33ca0,0f2dbeb6-5d3d-429a-a776-ab364e2dc573,FixedDeposit,2024-09-21,Inactive,0.0,0.0,3.0,4.8
61543220-9f90-4345-b88d-0285eddc665c,e0530cd5-6eed-44c8-9e17-2f8b90fa2deb,Savings,2021-12-16,Active,303347.24,0.0,0.0,0.0
8fa25fe9-396e-49b1-beeb-3bbf198f7dca,e0530cd5-6eed-44c8-9e17-2f8b90fa2deb,Loan,2025-05-18,Active,39013.38,44166.08,60.0,13.1
dcaed8d8-c365-4540-868b-1f360005fefe,e0530cd5-6eed-44c8-9e17-2f8b90fa2deb,Loan,2025-03-08,Active,9788.44,11515.81,60.0,7.7
cdcaab45-7095-474a-a6d7-a6416a1369fb,e0530cd5-6eed-44c8-9e17-2f8b90fa2deb,FixedDeposit,2025-06-24,Active,72338.53,0.0,24.0,4.5
f4e8509b-2103-42b6-8794-68db5fef17b1,e0530cd5-6eed-44c8-9e17-2f8b90fa2deb,FixedDeposit,2022-03-21,Inactive,0.0,0.0,12.0,2.8
4a770d52-d3c6-4c0c-b965-ddb0cb0a3a37,e0530cd5-6eed-44c8-9e17-2f8b90fa2deb,FixedDeposit,2022-11-30,Inactive,0.0,0.0,12.0,2.8
37c05fe8-1bc1-4088-acda-01f50db63bf4,d16573d5-2ed2-4bbb-a5d8-eb479e45777b,Savings,2024-09-10,Active,148643.39,0.0,0.0,0.0
34a6123d-4e72-4568-a7a9-fc6e7ccabe92,d16573d5-2ed2-4bbb-a5d8-eb479e45777b,FixedDeposit,2025-02-24,Inactive,0.0,0.0,3.0,4.2
f2dd96ec-2e36-4e4c-a6b2-95b849c436ae,d16573d5-2ed2-4bbb-a5d8-eb479e45777b,FixedDeposit,2025-04-25,Active,77175.94,0.0,12.0,4.8
8ee9dcf7-031d-4192-8370-25b010cdffdf,811bc928-8cec-4a6b-b189-9a57c44edfbd,Savings,2022-05-19,Active,272667.27,0.0,0.0,0.0
c4192ff6-ee80-4ad7-8d66-6cde1584751f,811bc928-8cec-4a6b-b189-9a57c44edfbd,Loan,2023-02-12,Active,466.41,16788.66,36.0,24.0
00b4f36e-088c-4aa3-a98c-1948e2997358,811bc928-8cec-4a6b-b189-9a57c44edfbd,FixedDeposit,2025-06-29,Active,22197.71,0.0,36.0,4.2
a21a8269-cf6b-40af-b9b7-48aecf797fcc,58f6ea79-647d-47d4-8c45-b94da575d0b1,Savings,2022-02-25,Active,470440.79,0.0,0.0,0.0
7ffc0705-2bad-4525-b52d-e95e0909be6d,58f6ea79-647d-47d4-8c45-b94da575d0b1,Loan,2025-10-27,Active,54095.2,55960.56,60.0,8.5
aef2dd97-5b90-4b4d-9fa1-a4a4a821b1ba,58f6ea79-647d-47d4-8c45-b94da575d0b1,Loan,2025-04-15,Active,6081.46,7818.98,36.0,10.4
1604f31c-1bf5-43d2-9ce0-cc95dea6d435,58f6ea79-647d-47d4-8c45-b94da575d0b1,FixedDeposit,2023-10-09,Active,4515.93,0.0,36.0,4.5
94cd2cb2-e123-40ba-8b14-078de79b4c0a,58f6ea79-647d-47d4-8c45-b94da575d0b1,FixedDeposit,2025-07-26,Inactive,0.0,0.0,3.0,4.2
9577bf7c-7a68-401e-b9d2-da8720cbaaec,1dfdd56d-cca2-4944-b42c-9ff221420af3,Savings,2024-09-28,Active,41251.47,0.0,0.0,0.0
810ef052-10bf-42aa-af1a-09ff838bfcb5,1dfdd56d-cca2-4944-b42c-9ff221420af3,FixedDeposit,2025-05-04,Active,45226.04,0.0,36.0,4.2
cd367115-c206-4c20-9892-388dd7bebccd,0d018bb0-88bb-4841-9ac1-f1f5ac06be25,Savings,2020-07-23,Active,112578.27,0.0,0.0,0.0
802af910-992e-4227-8d5b-b49b2d447058,0d018bb0-88bb-4841-9ac1-f1f5ac06be25,Loan,2022-10-19,Active,70337.07,191828.77,60.0,10.8
5e7dfee5-4229-4bef-9c5a-0640b16a71fd,0d018bb0-88bb-4841-9ac1-f1f5ac06be25,FixedDeposit,2022-03-28,Inactive,0.0,0.0,6.0,2.2
7e5ae3c8-d38b-4efa-ad6f-8157ec30f0d2,0d018bb0-88bb-4841-9ac1-f1f5ac06be25,FixedDeposit,2021-09-18,Inactive,0.0,0.0,12.0,1.0
d853ba77-7146-4376-85c2-010ae76c5d26,8625d606-28f9-42e9-99ba-5e035f17129a,Savings,2025-01-17,Active,127652.82,0.0,0.0,0.0
e1076993-3c13-4625-9436-a7dfa35cc868,8625d606-28f9-42e9-99ba-5e035f17129a,FixedDeposit,2025-01-19,Inactive,0.0,0.0,6.0,4.5
be5013af-0dc6-49e0-8aee-75edd00b4ab0,8625d606-28f9-42e9-99ba-5e035f17129a,FixedDeposit,2025-11-14,Active,29779.08,0.0,3.0,4.2
c79708d3-47e7-4457-8d22-b572401123e7,8625d606-28f9-42e9-99ba-5e035f17129a,FixedDeposit,2025-10-05,Active,32734.99,0.0,36.0,4.2
230928d3-3143-4d85-bead-2a0fba4e7aac,896da20a-88b9-458a-ba87-426cc94a9c81,Savings,2020-04-17,Active,463492.2,0.0,0.0,0.0
88c5fde7-698e-494e-a2d8-4129d585d181,896da20a-88b9-458a-ba87-426cc94a9c81,Loan,2021-10-04,Inactive,0.0,332380.87,48.0,10.3
166e85bc-569b-465a-b666-9e2da50cb7ba,896da20a-88b9-458a-ba87-426cc94a9c81,FixedDeposit,2022-06-21,Inactive,0.0,0.0,12.0,2.8
b3cedf04-8dc6-4408-90a0-bfe085e799e6,896da20a-88b9-458a-ba87-426cc94a9c81,FixedDeposit,2023-09-26,Inactive,0.0,0.0,6.0,5.0
445edeca-3fe8-489b-883c-00013788afdd,896da20a-88b9-458a-ba87-426cc94a9c81,FixedDeposit,2020-05-16,Inactive,0.0,0.0,12.0,1.0
71367986-7ea5-4726-a53b-85170cd394e3,d598dd48-96ae-4235-86d6-1b1175cd115d,Savings,2024-12-13,Active,376199.44,0.0,0.0,0.0
f47e3837-cac5-4d13-bbaa-290247660c81,d598dd48-96ae-4235-86d6-1b1175cd115d,Loan,2025-08-31,Active,52919.7,79379.54,12.0,12.5
61014989-947b-43ed-9d1a-4931e831b2ef,d598dd48-96ae-4235-86d6-1b1175cd115d,Loan,2025-08-14,Active,485802.87,529966.75,48.0,17.9
308a82ac-6c3a-4bcb-a747-ceaf900f5a4a,d598dd48-96ae-4235-86d6-1b1175cd115d,FixedDeposit,2025-02-06,Active,61022.47,0.0,36.0,4.2
94ecc90b-9dd8-4b54-92f3-6d338f9dca86,d598dd48-96ae-4235-86d6-1b1175cd115d,FixedDeposit,2025-09-15,Active,70361.65,0.0,12.0,4.8
62bfe313-b201-470a-8963-4e257db75b3e,d598dd48-96ae-4235-86d6-1b1175cd115d,FixedDeposit,2025-11-28,Active,23960.31,0.0,36.0,4.2
442a2232-6431-4da4-a139-4d676a490683,1dfa9dc9-14ce-4034-8506-5255c267538d,Savings,2022-11-06,Active,372101.71,0.0,0.0,0.0
1dd3158b-0873-4a6c-8585-3ab6f7f67e29,1dfa9dc9-14ce-4034-8506-5255c267538d,FixedDeposit,2023-06-21,Inactive,0.0,0.0,3.0,4.5
c0204878-0163-4bc4-aa3c-748d4e866418,1dfa9dc9-14ce-4034-8506-5255c267538d,FixedDeposit,2023-03-22,Inactive,0.0,0.0,24.0,4.8
3eeae3fa-84ee-4ed5-92a8-32cdd5315c7e,0179d5a3-7178-46bb-9503-de92a11d0341,Savings,2021-10-16,Active,271812.25,0.0,0.0,0.0
b51fc27d-c9d8-415f-9f4f-37a56a5ba87b,0179d5a3-7178-46bb-9503-de92a11d0341,FixedDeposit,2025-06-17,Inactive,0.0,0.0,6.0,4.5
0e0a9426-c489-4472-8647-7b844442ddbf,d75d06b0-ee70-48cd-a26c-4d19e73cfb00,Savings,2024-07-02,Active,227491.63,0.0,0.0,0.0
8e9391c5-c9ce-4aea-b8dd-81618d8c81d5,d75d06b0-ee70-48cd-a26c-4d19e73cfb00,Loan,2025-04-04,Active,16729.02,26766.45,24.0,15.3
02eb3102-c252-41a0-adc4-4f9bdfe65123,d75d06b0-ee70-48cd-a26c-4d19e73cfb00,Loan,2024-10-19,Active,113843.26,273223.74,24.0,21.8
bb5bd399-20d4-480b-a832-c1deb2414022,e4f98b81-fa5a-4131-ad06-c94507829bd9,Savings,2021-02-28,Active,363279.72,0.0,0.0,0.0
de271ecf-6bd7-44d2-9e88-de090d781668,e4f98b81-fa5a-4131-ad06-c94507829bd9,Loan,2024-09-25,Active,7040.7,10240.95,48.0,11.1
24fe0522-388b-4ba7-b8fd-fa84db96f38e,e4f98b81-fa5a-4131-ad06-c94507829bd9,Loan,2023-07-18,Inactive,0.0,36797.58,24.0,7.7
f48c1737-8679-49c4-9948-e6268462c514,e4f98b81-fa5a-4131-ad06-c94507829bd9,FixedDeposit,2025-09-05,Inactive,0.0,0.0,3.0,4.2
e4d449f7-ff42-47d8-a11c-4f0db0c7aa17,e4f98b81-fa5a-4131-ad06-c94507829bd9,FixedDeposit,2023-06-22,Inactive,0.0,0.0,3.0,4.5
51bcdbac-847e-414c-a8a2-a10148100a31,e4f98b81-fa5a-4131-ad06-c94507829bd9,FixedDeposit,2022-02-27,Inactive,0.0,0.0,6.0,2.2
8222087c-75df-4ecb-9eea-668e74a80e98,22047105-7f71-48fa-a4be-ad319479a2ea,Savings,2025-05-04,Active,7904.28,0.0,0.0,0.0
58c61c0f-e080-4e80-a757-4f72e9161f35,22047105-7f71-48fa-a4be-ad319479a2ea,Loan,2025-09-23,Active,8969.75,9441.83,60.0,13.7
26ae89b8-8991-40d8-8786-67cedf9b52ef,22047105-7f71-48fa-a4be-ad319479a2ea,Loan,2025-08-25,Active,22475.19,26970.23,24.0,15.3
46c0cf80-7887-4291-9e8c-f030b4369778,22047105-7f71-48fa-a4be-ad319479a2ea,FixedDeposit,2025-06-28,Active,70392.35,0.0,24.0,4.5
f5cbd820-9a5a-4b54-8166-3037bb7637b5,22047105-7f71-48fa-a4be-ad319479a2ea,FixedDeposit,2025-11-27,Active,71145.08,0.0,24.0,4.5
f7005a29-c0ed-425b-87a6-ef9531d46f87,d74dc163-72fe-4757-8a88-025656311095,Savings,2020-05-31,Active,59505.62,0.0,0.0,0.0
0a08c2db-fa28-4872-a1c7-971985a92e1f,d74dc163-72fe-4757-8a88-025656311095,Loan,2020-06-13,Inactive,0.0,14119.79,60.0,19.4
52530afc-a3df-4217-9d8e-0b6668030bda,008eda95-ccd7-4d70-9ee5-61d1b9017f27,Savings,2024-05-25,Active,146803.39,0.0,0.0,0.0
4596b837-b2a1-4069-8c31-13a505493dca,008eda95-ccd7-4d70-9ee5-61d1b9017f27,FixedDeposit,2025-06-01,Inactive,0.0,0.0,3.0,4.2
bcad4c86-fe5d-4c81-a05e-086b11bfe62e,8be0fc9a-b046-4617-8af8-d87ee4bb86cf,Savings,2022-08-17,Active,609209.85,0.0,0.0,0.0
6d9bf626-3725-4079-9ede-36a01a7be9b1,8be0fc9a-b046-4617-8af8-d87ee4bb86cf,FixedDeposit,2023-09-16,Inactive,0.0,0.0,24.0,4.8
f1b69732-53fb-4fe8-a8e4-6934a086a34f,8be0fc9a-b046-4617-8af8-d87ee4bb86cf,FixedDeposit,2025-04-28,Inactive,0.0,0.0,6.0,4.5
73dfc17f-99af-4c86-8307-20fe93e0b173,8761af50-5616-4055-8c64-697946562a41,Savings,2025-01-14,Active,42847.11,0.0,0.0,0.0
eb741b8a-7644-474e-ac2c-b5e0568bbe2c,8761af50-5616-4055-8c64-697946562a41,Loan,2025-04-07,Active,15552.38,18662.86,48.0,21.6
62e458a0-fdb9-437b-8c69-4ffdf1cf76a5,8761af50-5616-4055-8c64-697946562a41,FixedDeposit,2025-05-06,Inactive,0.0,0.0,6.0,4.5
9c8a8eed-dd02-4646-bb83-a91d10c06a7e,9d64014c-19b8-4a58-b455-e55b39ab46d7,Savings,2023-01-09,Active,352788.75,0.0,0.0,0.0
7bc791d7-c304-41fa-95f9-e7b317eb129f,9d64014c-19b8-4a58-b455-e55b39ab46d7,Loan,2025-08-19,Active,8165.84,9186.56,36.0,15.2
81a59734-c72e-4e57-976d-01e391b2472d,9d64014c-19b8-4a58-b455-e55b39ab46d7,Loan,2024-05-02,Inactive,0.0,4613.99,12.0,8.3
ffaf93b5-faf0-4340-92cb-6b415572cf67,6b89ec47-f4a0-49bb-b27e-c61b720b665c,Savings,2023-04-21,Active,428453.35,0.0,0.0,0.0
67845288-8c14-463b-bd7a-399397c8cc8c,6b89ec47-f4a0-49bb-b27e-c61b720b665c,FixedDeposit,2023-10-10,Active,1563.54,0.0,36.0,4.5
09cd97fb-37db-471d-aede-0d823e002e14,6b89ec47-f4a0-49bb-b27e-c61b720b665c,FixedDeposit,2025-04-07,Inactive,0.0,0.0,6.0,4.5
c9eeaef1-8ad3-4b6b-a23b-9e30a4798ef8,9b3cda95-e3b9-4889-8a54-ce9c101f9384,Savings,2023-10-07,Active,376569.27,0.0,0.0,0.0
fe966bb0-5a21-47eb-9589-6bfea9158f5f,9b3cda95-e3b9-4889-8a54-ce9c101f9384,Loan,2024-08-02,Active,7739.81,10799.81,60.0,13.9
00248e8b-4c5d-4a71-8d81-8fb80719ff4b,33b10c82-2252-4fd4-951a-f72e68a08e22,Savings,2024-12-31,Active,168701.28,0.0,0.0,0.0
8ede9f17-d3dc-4f9b-86bd-074442323969,33b10c82-2252-4fd4-951a-f72e68a08e22,Loan,2025-01-09,Active,40932.93,53102.23,48.0,11.7
71c83e11-5e30-408e-970e-961946550bbe,33b10c82-2252-4fd4-951a-f72e68a08e22,Loan,2025-03-30,Active,7453.74,8769.09,60.0,22.1
02d4393a-4ae9-4bea-b9d0-6d12935c6c12,33b10c82-2252-4fd4-951a-f72e68a08e22,FixedDeposit,2025-03-07,Inactive,0.0,0.0,6.0,4.5
698fc051-f5f5-44e6-96df-ae0502648c4a,33b10c82-2252-4fd4-951a-f72e68a08e22,FixedDeposit,2025-08-26,Inactive,0.0,0.0,3.0,4.2
2178df8f-20c1-4408-a1fa-7fc70e1725cd,33b10c82-2252-4fd4-951a-f72e68a08e22,FixedDeposit,2025-03-25,Inactive,0.0,0.0,3.0,4.2
c823ac87-a85d-4bd5-8adc-5b177b2838af,b73a692c-e5d4-458b-9eef-e4a2f9a45db6,Savings,2020-09-01,Active,405879.54,0.0,0.0,0.0
b57d8c69-4706-4ec0-a53a-6e205f757060,b73a692c-e5d4-458b-9eef-e4a2f9a45db6,FixedDeposit,2023-10-04,Inactive,0.0,0.0,12.0,5.2
7a5364b9-9449-482d-90c3-abfe06124949,11097b33-c259-4054-9536-45bea7af8a62,Savings,2021-07-14,Active,308096.41,0.0,0.0,0.0
d7a0194e-fb29-4040-8fd2-7588b39993a9,11097b33-c259-4054-9536-45bea7af8a62,Loan,2024-12-16,Active,6098.41,12196.81,24.0,19.6
5a59e932-98a6-4658-9241-ff49438c107f,11097b33-c259-4054-9536-45bea7af8a62,FixedDeposit,2025-03-25,Active,21242.62,0.0,24.0,4.5
91f2271e-4716-422b-94e1-932b24ff7f36,11097b33-c259-4054-9536-45bea7af8a62,FixedDeposit,2024-07-12,Inactive,0.0,0.0,6.0,5.1
f98edebc-eb17-4033-b2c5-5fc0908472b4,11097b33-c259-4054-9536-45bea7af8a62,FixedDeposit,2024-03-09,Inactive,0.0,0.0,3.0,4.8
a11c9d65-a385-48d4-8d32-06760d2bd179,7a5099ba-caea-4229-a259-34f7ca35cd1e,Savings,2022-11-18,Active,597429.89,0.0,0.0,0.0
77e578a5-b8a4-497b-8085-4a6e00c6abf5,7a5099ba-caea-4229-a259-34f7ca35cd1e,Loan,2025-08-16,Active,487983.66,548981.62,36.0,9.1
9b513d53-b32b-476a-8da4-c9f2fcc4d37d,ae155de8-a7f5-490b-bdd1-473c92a9a6e7,Savings,2025-07-05,Active,48680.28,0.0,0.0,0.0
8d343f7b-c52f-4794-a7a4-67b08437d41f,ae155de8-a7f5-490b-bdd1-473c92a9a6e7,FixedDeposit,2025-09-26,Inactive,0.0,0.0,3.0,4.2
3a9b087f-ce0c-4e21-9883-ab54ed802ed1,4a90469e-7353-4a70-ad79-09f9eb371a10,Savings,2022-07-22,Active,386439.51,0.0,0.0,0.0
28e91d83-47d5-48f6-8605-6a3ac5c452e5,4a90469e-7353-4a70-ad79-09f9eb371a10,Loan,2023-03-29,Active,19133.23,61226.38,48.0,21.9
3b9d4d6f-b06f-4492-9d1d-443dadca71d7,4a90469e-7353-4a70-ad79-09f9eb371a10,Loan,2024-12-08,Active,444014.02,592018.66,48.0,7.0
20459ac8-ff06-4b93-b9c5-644645e01e6e,deb1d27b-3f91-4aec-b1d7-650f9c91c7a2,Savings,2024-11-19,Active,82968.59,0.0,0.0,0.0
b12fd0da-3a00-4c32-84e6-1d1d631bac63,deb1d27b-3f91-4aec-b1d7-650f9c91c7a2,Loan,2025-06-22,Active,33838.52,38672.6,48.0,9.8
4b3dc306-53a5-4956-8b2c-64f5e36d91c1,deb1d27b-3f91-4aec-b1d7-650f9c91c7a2,Loan,2025-01-28,Active,13698.28,19725.51,36.0,18.4
833a75f7-2d0e-4abc-8a9a-dfbf113bade6,deb1d27b-3f91-4aec-b1d7-650f9c91c7a2,FixedDeposit,2025-11-30,Active,66766.27,0.0,3.0,4.2
4e445fb2-0cb5-43b7-9cf9-49b058cb7e1c,deb1d27b-3f91-4aec-b1d7-650f9c91c7a2,FixedDeposit,2025-10-19,Active,51115.45,0.0,12.0,4.8
41d3bc1a-f693-41bc-94d8-7c03de50d33e,deb1d27b-3f91-4aec-b1d7-650f9c91c7a2,FixedDeposit,2025-10-11,Active,21881.97,0.0,12.0,4.8
88f11ccc-6f1c-4bd6-b29a-10b0e045d346,d3344450-c9d3-4187-be56-052ca653d6b3,Savings,2023-10-27,Active,19225.7,0.0,0.0,0.0
612cdbb9-db08-410b-8352-b96b99c56563,d3344450-c9d3-4187-be56-052ca653d6b3,FixedDeposit,2025-09-06,Active,60147.36,0.0,6.0,4.5
b351adab-4645-46ad-bd9c-b92e5312471d,43165b2b-17de-433b-b9cb-91085ecac7be,Savings,2023-11-01,Active,182509.8,0.0,0.0,0.0
b1c2769c-0344-4292-bcda-d9eab80d1fee,43165b2b-17de-433b-b9cb-91085ecac7be,FixedDeposit,2024-09-21,Inactive,0.0,0.0,12.0,5.3
686cb3f3-9c8f-4373-95ef-2f15a1d0fee9,43165b2b-17de-433b-b9cb-91085ecac7be,FixedDeposit,2024-05-10,Inactive,0.0,0.0,6.0,5.1
6dc4572f-2142-4ba8-bee2-e5a07976408e,43165b2b-17de-433b-b9cb-91085ecac7be,FixedDeposit,2024-02-13,Active,65772.03,0.0,24.0,5.0
bd5247a7-4ccd-4ee1-afd4-6f781c35750d,cc268b50-d42a-4cc0-a2f3-978a8dd5aa76,Savings,2022-02-23,Active,211072.71,0.0,0.0,0.0
40c37348-2d46-4963-a818-8aa936075ea9,cc268b50-d42a-4cc0-a2f3-978a8dd5aa76,Loan,2023-07-15,Inactive,0.0,33623.39,12.0,11.5
db3e6f31-a039-4401-b13a-7af1382713ec,cc268b50-d42a-4cc0-a2f3-978a8dd5aa76,Loan,2025-03-16,Active,12318.52,49274.23,12.0,15.6
33278037-c5f5-4aeb-aba7-67cf6834f186,cc268b50-d42a-4cc0-a2f3-978a8dd5aa76,FixedDeposit,2025-08-24,Active,17673.26,0.0,36.0,4.2
f6bc8eb3-e586-4ea8-9204-15772255aeb7,1d7313e7-fc8b-4a8d-9771-c43a7a4c0495,Savings,2025-04-07,Active,665389.91,0.0,0.0,0.0
bdd505a4-1d3a-4354-b110-fb9ee44b339a,1d7313e7-fc8b-4a8d-9771-c43a7a4c0495,Loan,2025-06-18,Active,5176.45,6211.75,36.0,14.1
73d75026-c8d8-44dd-b8d2-b8d7f941d0fe,1d7313e7-fc8b-4a8d-9771-c43a7a4c0495,FixedDeposit,2025-10-06,Active,4703.45,0.0,36.0,4.2
adbc7e2e-6853-4622-842c-b0ced3acafb2,612064ce-b18c-4a3e-8efe-859ca32a7143,Savings,2020-03-27,Active,427713.49,0.0,0.0,0.0
19c17242-5c85-42f0-a9a5-ea957e31457a,612064ce-b18c-4a3e-8efe-859ca32a7143,FixedDeposit,2022-11-12,Inactive,0.0,0.0,12.0,2.8
28cfd4f3-1e1a-484d-98a3-4e42dac248d0,f10bd9e4-3242-40ae-8674-9939470c4a34,Savings,2021-07-20,Active,340299.19,0.0,0.0,0.0
8080d820-51a1-4e2c-ba24-8532b0e3be6e,f10bd9e4-3242-40ae-8674-9939470c4a34,Loan,2022-04-15,Active,1405.92,22492.02,48.0,23.7
d7055ebb-f390-4bc2-9e54-ab2e5aab1542,f10bd9e4-3242-40ae-8674-9939470c4a34,Loan,2025-07-13,Active,10502.74,18004.74,12.0,14.9
11b6f25f-ac3b-42f0-8225-c26eda55491a,f10bd9e4-3242-40ae-8674-9939470c4a34,FixedDeposit,2025-08-16,Active,53956.68,0.0,36.0,4.2
e767307f-29b9-4e40-b3c8-7dc5c9532a0c,65dae89e-ef67-40c4-8fb6-01fabe403441,Savings,2021-11-10,Active,197519.66,0.0,0.0,0.0
7d3c6608-3bb4-4933-8a0f-9adc2702c622,65dae89e-ef67-40c4-8fb6-01fabe403441,Loan,2023-06-04,Inactive,0.0,38028.94,12.0,12.8
ea9fc05b-5e50-4208-8c32-84f4b230e819,ba46c39b-37d4-4fad-9cf0-799b9343a2d8,Savings,2024-11-15,Active,196285.51,0.0,0.0,0.0
786fbba3-3f6b-4eef-a493-8af681e91ea3,ba46c39b-37d4-4fad-9cf0-799b9343a2d8,Loan,2025-10-30,Active,76796.45,80135.43,48.0,14.5
f1ec28d8-a38e-40cc-a8b4-6ddf4a971a2d,ba46c39b-37d4-4fad-9cf0-799b9343a2d8,FixedDeposit,2025-06-15,Inactive,0.0,0.0,3.0,4.2
419e92d1-5fc3-48ec-9caf-ee2177b8cdfb,ba46c39b-37d4-4fad-9cf0-799b9343a2d8,FixedDeposit,2025-01-31,Active,40466.31,0.0,36.0,4.2
1ea7e02f-1d8f-40e1-a3f4-12e828c9996b,24125817-a25f-46d3-8957-de7dcd9f4757,Savings,2020-12-01,Active,1228171.78,0.0,0.0,0.0
8c102041-97e7-4252-9af6-0caa4ebafefa,24125817-a25f-46d3-8957-de7dcd9f4757,Loan,2023-10-30,Active,2897.55,6322.01,48.0,19.1
2a073112-7497-4983-94d8-99b0f7fd7308,24125817-a25f-46d3-8957-de7dcd9f4757,Loan,2023-11-30,Inactive,0.0,306139.47,12.0,23.9
5f70653d-c9fc-4de1-b428-e5598066c2db,44196936-b144-44c7-9885-29b0970259ca,Savings,2020-01-16,Active,18539.78,0.0,0.0,0.0
9132025a-a8be-4a9b-93ae-afe09fd786cd,44196936-b144-44c7-9885-29b0970259ca,Loan,2022-03-15,Active,6629.78,79558.13,36.0,14.5
d2ef287c-469b-4e32-90ff-69cbb4fd027a,44196936-b144-44c7-9885-29b0970259ca,Loan,2024-01-16,Active,283484.12,386569.24,60.0,18.4
753ba3f1-f075-4891-8662-4960bf2733b5,44196936-b144-44c7-9885-29b0970259ca,FixedDeposit,2021-10-12,Inactive,0.0,0.0,3.0,0.5
7c27f794-10b8-412f-b1d4-2a8189aee487,44196936-b144-44c7-9885-29b0970259ca,FixedDeposit,2023-10-04,Inactive,0.0,0.0,6.0,5.0
88fd92d7-523d-4416-8441-c6bf595fbefc,44196936-b144-44c7-9885-29b0970259ca,FixedDeposit,2021-01-02,Inactive,0.0,0.0,6.0,0.8
4fb21d80-2ba8-4adc-915c-cbb36106578a,33b8d9c3-a1c4-4a0d-ba4d-64c6d5613e5f,Savings,2021-09-10,Active,193341.03,0.0,0.0,0.0
5a7fc054-620a-45cf-bb85-19458b794766,33b8d9c3-a1c4-4a0d-ba4d-64c6d5613e5f,Loan,2024-01-23,Inactive,0.0,369544.26,12.0,23.7
fd02533b-8415-40a9-b2d3-d57755969263,33b8d9c3-a1c4-4a0d-ba4d-64c6d5613e5f,Loan,2022-11-29,Active,2177.97,9503.23,48.0,19.1
665477dd-4e78-4cc9-b37e-97fb4054cee2,33b8d9c3-a1c4-4a0d-ba4d-64c6d5613e5f,FixedDeposit,2025-04-03,Inactive,0.0,0.0,3.0,4.2
8b8a1d68-0bf4-41bc-b56e-64b98961b318,33b8d9c3-a1c4-4a0d-ba4d-64c6d5613e5f,FixedDeposit,2024-01-19,Inactive,0.0,0.0,3.0,4.8
f6f41531-32c5-49cb-940b-39197271864a,33b8d9c3-a1c4-4a0d-ba4d-64c6d5613e5f,FixedDeposit,2024-04-25,Active,81821.09,0.0,24.0,5.0
99e631f8-c533-43d1-b6a0-812fa2674473,386f5196-dd2a-44eb-8d82-c3d5e5b6fb20,Savings,2020-02-12,Active,197705.62,0.0,0.0,0.0
8f23c09c-ccb6-4835-9870-741f373f75c2,386f5196-dd2a-44eb-8d82-c3d5e5b6fb20,Loan,2022-02-11,Inactive,0.0,16313.95,12.0,10.4
4f49ec13-7ce1-423c-a5de-37c566326917,386f5196-dd2a-44eb-8d82-c3d5e5b6fb20,Loan,2023-02-15,Active,217.76,7843.91,36.0,20.5
08d1fd24-4f8c-4854-bb08-5bd07a66d148,386f5196-dd2a-44eb-8d82-c3d5e5b6fb20,FixedDeposit,2024-03-22,Inactive,0.0,0.0,6.0,5.1
d7c87fec-9567-4ae5-b1e0-89edc50b8753,386f5196-dd2a-44eb-8d82-c3d5e5b6fb20,FixedDeposit,2025-09-05,Active,62783.91,0.0,12.0,4.8
43ac3b1d-84e0-4b54-8ae0-f0c6a8d34790,386f5196-dd2a-44eb-8d82-c3d5e5b6fb20,FixedDeposit,2025-04-05,Inactive,0.0,0.0,6.0,4.5
439d8f73-75c1-4607-9d36-0d6cd2653684,15706242-32dd-4b73-9b4c-cd89aba89c58,Savings,2024-08-03,Active,186179.31,0.0,0.0,0.0
bd07615d-5bc1-45f7-95e9-d7e68eb42808,15706242-32dd-4b73-9b4c-cd89aba89c58,Loan,2025-01-20,Active,3366.96,6215.85,24.0,21.4
14ac7e7b-1dfc-42ef-b45f-d80c10104c37,15706242-32dd-4b73-9b4c-cd89aba89c58,Loan,2024-12-01,Active,5159.96,8076.51,36.0,11.7
069b4bf1-cb80-46cd-a9ea-7dd461aae1f3,1b6fefc8-8e05-4b5c-abb1-26f7fd4dd7a9,Savings,2023-09-10,Active,220754.91,0.0,0.0,0.0
50b30893-17ea-4625-9709-7ce0ac6eede0,1b6fefc8-8e05-4b5c-abb1-26f7fd4dd7a9,FixedDeposit,2023-11-28,Inactive,0.0,0.0,6.0,5.0
3f192895-1e41-4a78-9d2c-7455aaa9d7df,f267ee68-6851-4a51-a503-2032dcaf85d3,Savings,2025-07-09,Active,19948.25,0.0,0.0,0.0
72ae785a-7779-4329-8ada-577ccd2a2b11,f267ee68-6851-4a51-a503-2032dcaf85d3,Loan,2025-10-16,Active,17615.64,21138.76,12.0,13.5
9a4d2057-f16e-4f0c-b834-f58113644df1,f267ee68-6851-4a51-a503-2032dcaf85d3,Loan,2025-10-24,Active,16522.33,19826.79,12.0,21.0
bd64045f-658b-449a-a002-eba035c3f9cb,f267ee68-6851-4a51-a503-2032dcaf85d3,FixedDeposit,2025-11-30,Active,23562.23,0.0,3.0,4.2
10b6de04-b460-451b-9edb-29ec0cf288ee,f267ee68-6851-4a51-a503-2032dcaf85d3,FixedDeposit,2025-11-30,Active,22907.41,0.0,36.0,4.2
d3bfc7e3-2085-48de-a35a-6ddc6962ecf6,329acb75-e340-428d-a45d-c534f85030dd,Savings,2021-06-10,Active,900492.38,0.0,0.0,0.0
e6cc61f2-1ae4-447e-83c1-4464e5d09179,329acb75-e340-428d-a45d-c534f85030dd,Loan,2023-10-13,Inactive,0.0,15964.8,24.0,17.4
c945ec14-b7d0-41d9-a3b5-3c9533e8bc26,329acb75-e340-428d-a45d-c534f85030dd,FixedDeposit,2025-02-13,Active,80131.5,0.0,12.0,4.8
6e305d90-9e12-4092-be56-188f1895f001,329acb75-e340-428d-a45d-c534f85030dd,FixedDeposit,2023-08-03,Inactive,0.0,0.0,6.0,5.0
91a3d9e1-d807-4f4f-9e70-dd3517e31845,329acb75-e340-428d-a45d-c534f85030dd,FixedDeposit,2025-08-01,Active,28508.77,0.0,36.0,4.2
d21138eb-3fd5-4390-84bc-ca71b3c0e619,32a2a6d2-4714-433a-9942-244216f6e4c3,Savings,2024-01-23,Active,167077.84,0.0,0.0,0.0
d36606ad-a532-4eb9-93cc-48e48f1db90c,32a2a6d2-4714-433a-9942-244216f6e4c3,FixedDeposit,2024-02-13,Inactive,0.0,0.0,12.0,5.3
368c6441-4f0d-4485-b261-c3dd0a10f06e,32a2a6d2-4714-433a-9942-244216f6e4c3,FixedDeposit,2025-06-04,Inactive,0.0,0.0,3.0,4.2
faa85801-a598-4ab3-9488-b55a63dc1a47,32a2a6d2-4714-433a-9942-244216f6e4c3,FixedDeposit,2024-04-03,Active,18526.57,0.0,24.0,5.0
3ad0999c-8bb5-4e34-b72c-ae1544dbf869,21cfaacd-572e-4ef9-8a56-00b5958a1c97,Savings,2022-07-05,Active,247249.78,0.0,0.0,0.0
bcae922e-ce7c-4bdc-a29f-8255d2e93144,21cfaacd-572e-4ef9-8a56-00b5958a1c97,FixedDeposit,2023-01-25,Inactive,0.0,0.0,6.0,5.0
49d13ed5-78a4-48b5-9a33-5938cf610632,662bec47-6891-48ea-8bd7-58b7f0858d88,Savings,2024-07-18,Active,13206.2,0.0,0.0,0.0
ddc5324a-5a23-47c8-902e-4f4881e0d793,662bec47-6891-48ea-8bd7-58b7f0858d88,FixedDeposit,2025-10-03,Active,26854.46,0.0,36.0,4.2
f8e341af-2b2f-4ed1-80ec-1a1d25f50195,ad569d1e-6017-4809-9da3-71793e4caa46,Savings,2020-01-02,Active,643953.72,0.0,0.0,0.0
b1f98238-fde5-4a63-95b8-f8d69ffea14c,ad569d1e-6017-4809-9da3-71793e4caa46,FixedDeposit,2023-03-03,Inactive,0.0,0.0,6.0,5.0
a2f6feba-db7d-4d0f-83c6-30ea67028878,ad569d1e-6017-4809-9da3-71793e4caa46,FixedDeposit,2021-05-23,Inactive,0.0,0.0,3.0,0.5
d9efb5cf-fd6c-4d12-b875-296539386a5d,a959b316-3a49-4686-af22-a038fa9bf053,Savings,2021-08-12,Active,104389.96,0.0,0.0,0.0
d74e926e-d2c9-4036-86f4-4acbaa724dec,a959b316-3a49-4686-af22-a038fa9bf053,FixedDeposit,2024-08-22,Inactive,0.0,0.0,3.0,4.8
93bd4c1c-90a1-4383-9cd3-ca97fc096f7b,34441ddd-666b-4d42-9e1f-9d9dec25bd96,Savings,2020-05-17,Active,443154.28,0.0,0.0,0.0
9f612aac-2654-4654-a7b9-bb4a4223acd0,34441ddd-666b-4d42-9e1f-9d9dec25bd96,Loan,2022-11-07,Inactive,0.0,28716.54,12.0,23.5
7c1ce864-5c96-4a5a-b22b-67d404e16105,34441ddd-666b-4d42-9e1f-9d9dec25bd96,Loan,2022-04-08,Active,3096.75,49545.75,48.0,6.8
59083d16-b4c5-4023-9e4d-2edca29e4939,34441ddd-666b-4d42-9e1f-9d9dec25bd96,FixedDeposit,2020-07-30,Inactive,0.0,0.0,3.0,0.5
67768083-d7bb-4be7-9abd-dfd9c018834d,34441ddd-666b-4d42-9e1f-9d9dec25bd96,FixedDeposit,2025-10-02,Active,72285.5,0.0,24.0,4.5
cfc4707f-985f-458e-84c4-4ad3badaf7d0,34441ddd-666b-4d42-9e1f-9d9dec25bd96,FixedDeposit,2022-12-15,Inactive,0.0,0.0,36.0,3.2
f2c8065b-6339-46b4-8c4d-b3b0df18c999,d6853207-37a2-4fb9-8ec3-5ea6edfa1930,Savings,2022-01-25,Active,566587.37,0.0,0.0,0.0
036961c2-0c0a-4c4a-a4b0-c49ac32a190c,d6853207-37a2-4fb9-8ec3-5ea6edfa1930,FixedDeposit,2023-05-31,Inactive,0.0,0.0,3.0,4.5
059b74e1-feda-45f3-b677-d87228d7344a,d6853207-37a2-4fb9-8ec3-5ea6edfa1930,FixedDeposit,2022-08-28,Inactive,0.0,0.0,24.0,3.0
a97e1c59-92fc-4b73-adac-b612a9fc1e89,d6853207-37a2-4fb9-8ec3-5ea6edfa1930,FixedDeposit,2023-11-25,Active,68648.44,0.0,36.0,4.5
26ee441d-a4af-4caf-92f9-e72a8dc9525f,8f10807e-4369-478c-affc-f0e0a1762623,Savings,2020-01-30,Active,961071.32,0.0,0.0,0.0
9a4b8a05-6f23-4f41-9bf8-21fd1a9be05a,8f10807e-4369-478c-affc-f0e0a1762623,Loan,2023-04-21,Inactive,0.0,2477.99,24.0,18.0
41bdce42-d780-45ca-9f8d-152c44b1444a,8f10807e-4369-478c-affc-f0e0a1762623,Loan,2025-05-16,Active,5266.24,12638.99,12.0,17.3
a3b79363-b022-4fb8-842b-b1d6498e8858,3168ba70-b479-4c94-a5d5-b07ccbe433bc,Savings,2020-08-05,Active,350229.32,0.0,0.0,0.0
cbf39624-7eb7-4faa-b854-d45f7dd662ca,3168ba70-b479-4c94-a5d5-b07ccbe433bc,FixedDeposit,2021-08-26,Inactive,0.0,0.0,6.0,0.8
8d99f355-f340-4b8e-935c-392a38eb263d,3168ba70-b479-4c94-a5d5-b07ccbe433bc,FixedDeposit,2024-10-11,Active,41455.37,0.0,24.0,5.0
0680fd0d-ee10-42bd-8316-ea980063f920,35e405ba-90df-4333-8ac8-aec30da3d19e,Savings,2023-01-07,Active,183526.12,0.0,0.0,0.0
b76aeb95-c980-4a55-a8f8-3de0c344ed0f,512c1838-d86c-4c2d-b2f8-0f3ffc312592,Savings,2022-02-08,Active,233631.15,0.0,0.0,0.0
c57a8a4a-eddf-4a42-9b2f-8e0867d8fa03,512c1838-d86c-4c2d-b2f8-0f3ffc312592,Loan,2022-02-09,Inactive,0.0,5154.99,12.0,16.1
d0ab59cb-837c-4079-85a7-61e0d503d2fe,512c1838-d86c-4c2d-b2f8-0f3ffc312592,Loan,2024-01-10,Inactive,0.0,10136.82,24.0,8.7
95d8c9c4-f9bd-41ee-98b0-a1d3df803a37,1aa08a25-4d70-431f-881e-1a22f1fb64f2,Savings,2024-05-20,Active,133131.51,0.0,0.0,0.0
3c3c9d9d-0c44-461f-b884-9b68984544dd,1aa08a25-4d70-431f-881e-1a22f1fb64f2,FixedDeposit,2024-08-27,Inactive,0.0,0.0,6.0,5.1
bcf8e2b4-6c67-47e4-b0fe-c64f21d0b346,a26008ff-6ea6-4478-955f-f94acd7455f6,Savings,2025-02-11,Active,59934.73,0.0,0.0,0.0
97e77a42-585c-4680-a188-4b56044ef45e,a26008ff-6ea6-4478-955f-f94acd7455f6,FixedDeposit,2025-02-16,Active,73711.43,0.0,12.0,4.8
68314f80-5c8d-4254-94ee-65085159fdd2,a26008ff-6ea6-4478-955f-f94acd7455f6,FixedDeposit,2025-04-23,Active,5779.24,0.0,12.0,4.8
0f064529-3d3a-4c83-9024-6d21a6a4142a,a26008ff-6ea6-4478-955f-f94acd7455f6,FixedDeposit,2025-04-03,Active,13369.06,0.0,24.0,4.5
b7f1c21f-2c85-4e89-b754-cf694a8f2deb,8f2466ce-30c3-4185-9382-ce6776b9b182,Savings,2021-02-13,Active,109551.76,0.0,0.0,0.0
a50b8643-7f7b-48f4-bbd3-43a85a311546,8f2466ce-30c3-4185-9382-ce6776b9b182,Loan,2024-05-24,Active,14734.58,70725.68,24.0,8.0
f39c1754-f79c-4ea8-915e-e74d56c27827,dbe87d18-f7c4-481d-b6b9-9c1b9ce0fcae,Savings,2021-02-28,Active,97346.26,0.0,0.0,0.0
013185bb-3ace-4a64-a869-354b9e37855a,dbe87d18-f7c4-481d-b6b9-9c1b9ce0fcae,Loan,2021-12-13,Active,1161.31,6334.24,60.0,18.8
8d0cab17-991d-4f0b-8004-563c206434c6,dbe87d18-f7c4-481d-b6b9-9c1b9ce0fcae,FixedDeposit,2024-09-27,Inactive,0.0,0.0,6.0,5.1
b00778a7-81ea-4dcd-a4a0-506cd602b1db,2e495db8-460b-4734-9607-d206da85972d,Savings,2023-12-30,Active,277976.55,0.0,0.0,0.0
15bd193d-124e-474a-a533-258ae387da59,2e495db8-460b-4734-9607-d206da85972d,FixedDeposit,2024-02-01,Inactive,0.0,0.0,3.0,4.8
b83085a9-5e1d-4dbf-999f-484726cb5521,2e495db8-460b-4734-9607-d206da85972d,FixedDeposit,2025-06-01,Active,26803.72,0.0,36.0,4.2
8709769d-87a2-429e-a326-46fc4b20a338,93045812-25b2-48f4-adf6-2e1268d14fe9,Savings,2024-04-14,Active,350808.56,0.0,0.0,0.0
79b23fc2-c122-44a7-acb6-a63b718c06f7,93045812-25b2-48f4-adf6-2e1268d14fe9,Loan,2025-05-14,Active,10216.7,12682.8,36.0,13.9
c7ea7610-1131-4145-959f-6f3b28dc6c74,93045812-25b2-48f4-adf6-2e1268d14fe9,Loan,2025-06-21,Active,9328.37,18656.69,12.0,7.0
50787b75-e017-4a59-83dd-c6451f2365d2,93045812-25b2-48f4-adf6-2e1268d14fe9,FixedDeposit,2025-08-03,Inactive,0.0,0.0,3.0,4.2
ab0b731d-1fc1-4d0a-a772-d3f237818a9f,93045812-25b2-48f4-adf6-2e1268d14fe9,FixedDeposit,2024-12-13,Inactive,0.0,0.0,6.0,5.1
3d72d94e-5779-4c46-8ac3-c6000ed05ce0,93045812-25b2-48f4-adf6-2e1268d14fe9,FixedDeposit,2025-03-26,Active,41750.8,0.0,36.0,4.2
efbc57a5-da1f-4f8f-ac49-ec93abfa25f3,f11381f7-5332-443d-b0ae-cbd0c5835cd9,Savings,2024-03-06,Active,113675.32,0.0,0.0,0.0
1d8dd3dc-18b0-46a2-b822-7e6726cd8869,f11381f7-5332-443d-b0ae-cbd0c5835cd9,Loan,2024-06-04,Inactive,0.0,67575.19,12.0,15.2
132836c6-9682-48b7-a890-88b897b4315e,f11381f7-5332-443d-b0ae-cbd0c5835cd9,Loan,2025-06-06,Active,55385.91,61539.87,60.0,21.4
85880435-d989-4014-80eb-22cc04d5a22f,f11381f7-5332-443d-b0ae-cbd0c5835cd9,FixedDeposit,2024-11-22,Inactive,0.0,0.0,12.0,5.3
15e1a022-0354-4e14-9745-cf8b88a67f51,f11381f7-5332-443d-b0ae-cbd0c5835cd9,FixedDeposit,2025-06-21,Inactive,0.0,0.0,6.0,4.5
5b115305-b05f-4f0f-846d-d9a0f912fe12,f11381f7-5332-443d-b0ae-cbd0c5835cd9,FixedDeposit,2024-12-04,Active,71645.87,0.0,24.0,5.0
f0597119-7491-43e6-9184-c195b5d000c7,00ed47c5-232b-4dcc-ad88-d0fcce97213a,Savings,2024-06-27,Active,158814.23,0.0,0.0,0.0
a2bd4789-9660-42e5-b9ec-0710a1372185,357d9b5a-8f7d-40ed-a2c9-77cc572e18c7,Savings,2022-11-09,Active,546128.8,0.0,0.0,0.0
362c9efd-c384-4a8d-9c4c-f2fc410c2aa5,357d9b5a-8f7d-40ed-a2c9-77cc572e18c7,Loan,2023-03-18,Inactive,0.0,44101.29,12.0,21.7
b1e37a75-194e-4acf-ab0a-4faca02a7875,357d9b5a-8f7d-40ed-a2c9-77cc572e18c7,Loan,2023-08-31,Active,9067.23,21761.59,48.0,21.1
bce7b8ee-a159-4de0-a88d-be4fe864530c,357d9b5a-8f7d-40ed-a2c9-77cc572e18c7,FixedDeposit,2023-07-08,Inactive,0.0,0.0,6.0,5.0
97823077-549a-4555-b27d-d7d9fe29bf73,357d9b5a-8f7d-40ed-a2c9-77cc572e18c7,FixedDeposit,2023-09-26,Inactive,0.0,0.0,3.0,4.5
374374d0-85b1-46d1-96b6-ba920a7e27ef,8a7f6ad3-b6f7-4995-958e-bc45b3b1c54b,Savings,2025-08-22,Active,43435.93,0.0,0.0,0.0
a294e91e-9a70-46a7-929e-435c39b88623,8a7f6ad3-b6f7-4995-958e-bc45b3b1c54b,Loan,2025-09-28,Active,42421.11,46277.58,36.0,14.4
454e5762-6e15-4b46-b2d1-1f90124bec0d,8a7f6ad3-b6f7-4995-958e-bc45b3b1c54b,FixedDeposit,2025-10-17,Active,63719.11,0.0,24.0,4.5
1484d392-9ed3-4087-bb7e-3ac6d6f48d55,8a7f6ad3-b6f7-4995-958e-bc45b3b1c54b,FixedDeposit,2025-11-01,Active,18358.54,0.0,24.0,4.5
d1fcd7c7-c2d3-4b3c-9d41-4b2ba0982dae,b1951187-0e63-4b02-9e9d-02c99e6b578b,Savings,2022-03-09,Active,318422.12,0.0,0.0,0.0
8d4619f1-d6f9-4bbd-9d57-77e77c6c76e9,b1951187-0e63-4b02-9e9d-02c99e6b578b,Loan,2022-07-18,Active,14874.21,118994.73,48.0,7.5
0f4dec1f-ecf3-4049-b84e-53d98903fe36,b1951187-0e63-4b02-9e9d-02c99e6b578b,FixedDeposit,2022-09-30,Inactive,0.0,0.0,36.0,3.2
1775699a-00df-4579-98da-d25098fe2556,4916a478-950e-49ea-a485-4b781bb55c49,Savings,2023-06-29,Active,252158.33,0.0,0.0,0.0
e76370c2-c1b1-46a2-87aa-848967d237b4,4916a478-950e-49ea-a485-4b781bb55c49,Loan,2025-05-27,Active,6884.96,7794.33,60.0,21.4
966ef4c8-4133-400f-bb6b-5652be42519b,4916a478-950e-49ea-a485-4b781bb55c49,Loan,2024-08-06,Active,10659.19,14873.32,60.0,22.7
aec1b983-ed95-47bf-af90-1b01c9378b3c,74456618-21a2-40c5-8fe2-7efd7d5028b7,Savings,2021-07-21,Active,332904.53,0.0,0.0,0.0
52ab857d-ff9a-40cb-a29c-46e21e5f5212,74456618-21a2-40c5-8fe2-7efd7d5028b7,Loan,2024-12-26,Inactive,0.0,4404.0,12.0,18.4
66c3bb0d-58eb-4609-a722-0b917c9e2ed3,74456618-21a2-40c5-8fe2-7efd7d5028b7,Loan,2025-01-24,Active,9059.91,13046.31,36.0,22.9
f9289dca-a7b8-49e5-ab8a-da5b6aa2795f,74456618-21a2-40c5-8fe2-7efd7d5028b7,FixedDeposit,2023-02-15,Inactive,0.0,0.0,12.0,5.2
07fba302-dfe8-4450-8536-2bd33c8afb40,74456618-21a2-40c5-8fe2-7efd7d5028b7,FixedDeposit,2024-08-14,Inactive,0.0,0.0,3.0,4.8
1e637fdf-0d24-4e97-af21-0967c87bbdcd,6fc5a47c-638c-4c08-a4c4-ed2cffe73786,Savings,2021-10-13,Active,15126.29,0.0,0.0,0.0
ced4530b-becd-46ea-9b28-b2697bdf242f,6fc5a47c-638c-4c08-a4c4-ed2cffe73786,FixedDeposit,2024-02-13,Active,93398.56,0.0,24.0,5.0
e5432bdf-51e0-43b6-8370-283d65b4c5e7,6fc5a47c-638c-4c08-a4c4-ed2cffe73786,FixedDeposit,2024-07-11,Inactive,0.0,0.0,6.0,5.1
c40999db-e94b-417f-9921-e229c5d75516,7007e305-597d-406b-b61c-bf0223a74507,Savings,2020-06-06,Active,28380.23,0.0,0.0,0.0
c3d1a3b6-13d0-461d-b17f-7f2e8a0a9256,7007e305-597d-406b-b61c-bf0223a74507,Loan,2021-03-05,Active,107523.06,586488.75,60.0,13.0
b655620b-4be4-4a4d-ace9-e8383f5d98ea,76b5ae5d-2b0d-4ea2-bebf-6e3b66597b85,Savings,2022-07-04,Active,405220.77,0.0,0.0,0.0
dd7c55b7-e232-4e21-8cd8-1346ed3cf04e,76b5ae5d-2b0d-4ea2-bebf-6e3b66597b85,Loan,2024-04-11,Active,5928.16,35569.36,24.0,18.7
444126c2-1357-4ca4-8e63-8d2f6a235a80,92142314-9c57-405f-802e-95430503cf08,Savings,2025-05-19,Active,129036.44,0.0,0.0,0.0
2812d0d5-b39d-49fd-abb8-833b7b7a7b7a,92142314-9c57-405f-802e-95430503cf08,FixedDeposit,2025-09-23,Inactive,0.0,0.0,3.0,4.2
78618f4b-e579-4eae-b79f-f4e49a5b320b,5d85d8fe-7f65-4ad0-b770-c666389efea9,Savings,2023-02-22,Active,244081.3,0.0,0.0,0.0
aba09e99-6bb8-418d-ba99-22aa527a0df3,5d85d8fe-7f65-4ad0-b770-c666389efea9,Loan,2023-12-16,Inactive,0.0,15364.08,24.0,14.5
3f5e894b-00b5-43a0-bca4-7f6c1fbf990d,5d85d8fe-7f65-4ad0-b770-c666389efea9,Loan,2024-04-01,Active,7890.19,12138.91,60.0,23.8
3ee0d13e-644a-439f-bdb1-b6a05c22de05,5d85d8fe-7f65-4ad0-b770-c666389efea9,FixedDeposit,2025-01-09,Inactive,0.0,0.0,3.0,4.2
6496313f-1dc4-4705-a186-f3fe5380849c,5d85d8fe-7f65-4ad0-b770-c666389efea9,FixedDeposit,2023-03-24,Active,97487.62,0.0,36.0,4.5
025adbd8-f9d4-495f-943f-a6bbccf346bd,5d85d8fe-7f65-4ad0-b770-c666389efea9,FixedDeposit,2023-10-18,Inactive,0.0,0.0,3.0,4.5
ee36f6bc-8077-4dd5-827b-fbc997fd39e5,f7fc086a-4c22-4052-8dde-1c252d677a2c,Savings,2023-05-25,Active,419663.16,0.0,0.0,0.0
f1434b2a-4669-4c73-9f20-b2a50a6f0f79,f7fc086a-4c22-4052-8dde-1c252d677a2c,Loan,2024-12-23,Active,8476.04,10595.0,60.0,19.7
9b72df51-00f8-400f-8d9b-4bed59df705b,f7fc086a-4c22-4052-8dde-1c252d677a2c,Loan,2025-01-03,Active,7982.9,15965.78,24.0,18.1
ebf7a05d-2638-4958-b38f-2c24ec15aa2e,f7fc086a-4c22-4052-8dde-1c252d677a2c,FixedDeposit,2024-05-13,Inactive,0.0,0.0,3.0,4.8
31259f7b-c590-4898-9f28-b209e66987f6,f7fc086a-4c22-4052-8dde-1c252d677a2c,FixedDeposit,2024-02-03,Inactive,0.0,0.0,12.0,5.3
e39d5442-52e3-4b12-9bf8-b0a4ffa7f636,f7fc086a-4c22-4052-8dde-1c252d677a2c,FixedDeposit,2024-06-07,Active,13716.89,0.0,36.0,4.7
47f2d81d-f775-45b6-bb8f-69b4c0f333a2,d5769c27-9a4d-4a80-86ce-e11f2d859f0e,Savings,2020-04-07,Active,756424.53,0.0,0.0,0.0
5012e362-e6cf-4cdb-b1f6-2d996c0bbeb1,d5769c27-9a4d-4a80-86ce-e11f2d859f0e,Loan,2025-03-05,Active,30298.36,51939.96,24.0,7.9
60180321-f848-445c-9aa8-41737d093871,acb7c60a-8e92-4c0f-aeba-3e9a3a5a4ffc,Savings,2023-10-05,Active,67716.39,0.0,0.0,0.0
764d8709-b9b1-4dba-a3c2-5cabaea2c58f,acb7c60a-8e92-4c0f-aeba-3e9a3a5a4ffc,Loan,2024-12-10,Active,24967.89,31209.93,60.0,8.3
12fafc61-2301-450d-bb78-53c1cdb5a4cd,acb7c60a-8e92-4c0f-aeba-3e9a3a5a4ffc,FixedDeposit,2024-03-27,Active,35331.36,0.0,24.0,5.0
0d0f51cb-fde5-4d53-b6fe-5c50be32ce9c,acb7c60a-8e92-4c0f-aeba-3e9a3a5a4ffc,FixedDeposit,2025-01-08,Active,77159.27,0.0,12.0,4.8
3a9298c3-c30d-4538-9fe9-47e2b1bfb41c,d9156bb0-e273-4f85-9c8d-f770b2ccfca3,Savings,2024-05-06,Active,132758.6,0.0,0.0,0.0
85034a22-a25c-4a2c-9b62-8ea76da0b00c,d9156bb0-e273-4f85-9c8d-f770b2ccfca3,Loan,2024-08-13,Active,6452.4,19357.2,24.0,22.4
bad826d8-025d-418e-b5a4-7bee77669b9e,d9156bb0-e273-4f85-9c8d-f770b2ccfca3,Loan,2025-10-22,Active,3688.93,3849.31,48.0,19.1
a5497234-98c1-4b9a-9685-626fef87bef1,e957641b-62e9-4b71-8c43-e99b84883141,Savings,2023-12-04,Active,68174.18,0.0,0.0,0.0
41b87a9f-d3da-41d8-9157-7dc4b8c0504d,e957641b-62e9-4b71-8c43-e99b84883141,Loan,2025-03-01,Active,3701.95,6346.25,24.0,22.4
920fb420-8247-4148-b137-dfdcc4955914,e957641b-62e9-4b71-8c43-e99b84883141,Loan,2024-09-30,Inactive,0.0,9457.02,12.0,9.9
6067b8a5-a0ed-485b-9fde-079d75a5100e,e957641b-62e9-4b71-8c43-e99b84883141,FixedDeposit,2025-08-25,Active,89847.05,0.0,36.0,4.2
5a03b9b9-3561-4e00-85d6-02917c62a0bc,e957641b-62e9-4b71-8c43-e99b84883141,FixedDeposit,2025-05-13,Inactive,0.0,0.0,3.0,4.2
7fdc50c9-f51c-41f2-bd5e-0a3884a546fd,06353ee4-3440-4cb0-bea7-6786b04c9749,Savings,2020-05-01,Active,232085.04,0.0,0.0,0.0
6823b49d-df83-43e2-b390-407147f68a31,06353ee4-3440-4cb0-bea7-6786b04c9749,Loan,2023-03-22,Active,14935.26,33189.54,60.0,11.6
5ff7e5a7-d603-4275-9d09-b7b2364222a3,06353ee4-3440-4cb0-bea7-6786b04c9749,FixedDeposit,2024-11-30,Active,80019.64,0.0,24.0,5.0
3593f6b3-97a4-49c5-9b64-796e03f19dfa,0ee9e3c3-fd96-4c3e-b834-f29b6a167cc1,Savings,2022-04-17,Active,685229.82,0.0,0.0,0.0
3adb3d32-2281-4b4a-864f-a4288e8b29af,0ee9e3c3-fd96-4c3e-b834-f29b6a167cc1,Loan,2025-04-26,Active,328833.33,394599.97,48.0,17.6
a03e910c-4769-4774-8d15-9b76b3a50a44,0ee9e3c3-fd96-4c3e-b834-f29b6a167cc1,Loan,2024-07-07,Active,17520.12,28032.12,48.0,23.4
7a2bcd93-5deb-412b-9290-3380ff5f2784,0ee9e3c3-fd96-4c3e-b834-f29b6a167cc1,FixedDeposit,2023-11-10,Inactive,0.0,0.0,3.0,4.5
291a6c8c-7bc3-489d-abec-dff4e359efe8,0ee9e3c3-fd96-4c3e-b834-f29b6a167cc1,FixedDeposit,2023-09-22,Inactive,0.0,0.0,24.0,4.8
b4ea0a7a-ee3e-4ed5-ad5f-169c33419c6a,08271d4f-f2bb-444c-9367-793b6dcf9cc3,Savings,2021-08-19,Active,265411.36,0.0,0.0,0.0
9ddc1234-dd4c-4f80-b4e3-63b75bbb8dbf,08271d4f-f2bb-444c-9367-793b6dcf9cc3,Loan,2023-12-15,Inactive,0.0,9170.32,24.0,20.4
8f88b29a-d2a4-4e7a-85cb-0343dc960c69,08271d4f-f2bb-444c-9367-793b6dcf9cc3,Loan,2023-01-28,Inactive,0.0,16065.7,24.0,22.4
6eb968c9-af3d-4d6d-bce9-fb4aadb5f5a5,08271d4f-f2bb-444c-9367-793b6dcf9cc3,FixedDeposit,2023-11-29,Inactive,0.0,0.0,6.0,5.0
3ba8bc02-cb33-4b4c-be2e-3879ed965da9,18f7abc7-d2c7-407e-ad61-5677d0f07a3b,Savings,2022-02-03,Active,57055.77,0.0,0.0,0.0
d650e662-9d37-4e80-9144-13906518a1cf,74cd01a0-1e87-4aff-a6ad-14774b2238c9,Savings,2022-05-01,Active,38072.98,0.0,0.0,0.0
bf07e6a3-e7c0-4c43-9f78-79a0e675fd44,74cd01a0-1e87-4aff-a6ad-14774b2238c9,Loan,2024-06-23,Active,24854.94,49709.7,36.0,14.2
2658c1f4-8e1c-41f0-b79e-089d32376a37,74cd01a0-1e87-4aff-a6ad-14774b2238c9,FixedDeposit,2023-04-25,Inactive,0.0,0.0,24.0,4.8
130bd861-3be1-4893-863c-afb1b4f31453,74cd01a0-1e87-4aff-a6ad-14774b2238c9,FixedDeposit,2025-08-09,Active,77580.55,0.0,36.0,4.2
81534313-8a12-4046-a06a-75bc022a3cab,3a4cf39e-d3b7-472e-a6c4-38d535fe2a9b,Savings,2023-11-14,Active,140061.35,0.0,0.0,0.0
7c03377b-f03a-4317-b48b-68fd20a15178,3a4cf39e-d3b7-472e-a6c4-38d535fe2a9b,Loan,2024-05-28,Active,12532.09,18339.63,60.0,21.2
60f99929-6c27-4cf9-ab8a-6494b7feeec1,3a4cf39e-d3b7-472e-a6c4-38d535fe2a9b,FixedDeposit,2024-12-14,Active,43667.57,0.0,36.0,4.7
5396a417-84b2-479f-b57f-0882a0459e0f,3a4cf39e-d3b7-472e-a6c4-38d535fe2a9b,FixedDeposit,2025-06-12,Active,29223.04,0.0,36.0,4.2
43fae50b-e8d1-4b13-8582-afb072bfac38,3a4cf39e-d3b7-472e-a6c4-38d535fe2a9b,FixedDeposit,2024-11-02,Active,85841.23,0.0,24.0,5.0
14791c79-1579-4d92-8326-046db595d6e7,4ba1a44f-f144-4ddd-87d9-170312587325,Savings,2021-01-21,Active,25670.05,0.0,0.0,0.0
1202b5e6-0e2a-4f8e-ad02-15082c13c3e5,660903f6-e9c1-4a8b-9b14-fc45b9da75bb,Savings,2024-02-15,Active,114701.64,0.0,0.0,0.0
7047f37c-9b4d-4c93-b388-f4ce07b0b1f3,660903f6-e9c1-4a8b-9b14-fc45b9da75bb,FixedDeposit,2025-05-16,Active,80236.44,0.0,36.0,4.2
b29e4f74-dff9-4a2f-94be-871da00d07fb,b50697f3-ed5f-45d0-a589-35a4948c9d60,Savings,2021-12-31,Active,70814.39,0.0,0.0,0.0
7cce3c54-b1b9-43df-a845-d0612dbfe906,b50697f3-ed5f-45d0-a589-35a4948c9d60,FixedDeposit,2023-10-28,Active,93346.65,0.0,36.0,4.5
ae13de22-9465-4211-8e4a-747ca629a646,ad8cb961-1bb6-4431-a78c-971c6f95fdb7,Savings,2024-07-03,Active,175550.65,0.0,0.0,0.0
37407fb4-34a5-4846-8430-d45bed4e2d8c,ad8cb961-1bb6-4431-a78c-971c6f95fdb7,Loan,2025-10-15,Active,8820.92,10585.1,12.0,11.8
79747d9b-7110-4dd9-903c-e594946ec727,ad8cb961-1bb6-4431-a78c-971c6f95fdb7,Loan,2025-02-14,Active,15585.1,18702.1,60.0,24.0
055752b8-7b00-401d-8494-ec50b5451966,b9fc7788-d664-4f28-b208-7fee27ec6692,Savings,2022-01-12,Active,310769.8,0.0,0.0,0.0
26c6ae17-537f-4350-acc2-f6e8d3626143,b9fc7788-d664-4f28-b208-7fee27ec6692,FixedDeposit,2024-12-01,Active,32537.01,0.0,24.0,5.0
2abf13d3-d07d-4c0f-84ef-597d1b63741d,b9fc7788-d664-4f28-b208-7fee27ec6692,FixedDeposit,2024-03-25,Active,69943.78,0.0,24.0,5.0
d87bc5c0-60af-4207-bf44-b3c3bb092bea,6f356ff1-9b12-4bcc-bd30-62ed58a45398,Savings,2022-12-20,Active,2218.74,0.0,0.0,0.0
ade018d9-8385-44aa-ba22-4ae16c1fcee3,6f356ff1-9b12-4bcc-bd30-62ed58a45398,Loan,2024-08-04,Active,20695.31,62085.87,24.0,10.3
80f35c99-c75c-4d41-9aa2-9304adda1e42,6f356ff1-9b12-4bcc-bd30-62ed58a45398,Loan,2024-09-14,Active,25521.03,41761.59,36.0,22.2
13e028e4-53a1-4f7a-b0d4-101729d9d76b,6f356ff1-9b12-4bcc-bd30-62ed58a45398,FixedDeposit,2025-10-15,Active,71991.15,0.0,6.0,4.5
73eb02cf-f339-47d1-a6dd-362762b3757f,cd5959ee-52ef-4ab7-bafc-d42cabae4aa5,Savings,2025-07-02,Active,142403.12,0.0,0.0,0.0
1bc58b9e-77db-46db-9d3f-b2196b7c0bdd,cd5959ee-52ef-4ab7-bafc-d42cabae4aa5,Loan,2025-09-16,Active,14731.21,16835.68,24.0,7.4
a06d44bc-f99c-46ba-ada7-e0d9b12aaa0b,cd5959ee-52ef-4ab7-bafc-d42cabae4aa5,Loan,2025-10-26,Active,18830.94,19480.28,60.0,23.1
0d701040-ff3c-4b9f-adf4-b9ed1006ab2e,cd5959ee-52ef-4ab7-bafc-d42cabae4aa5,FixedDeposit,2025-08-07,Inactive,0.0,0.0,3.0,4.2
4850bba1-e29b-4d51-b86a-6b659cceb5af,290fad06-5d98-4458-8c39-da75673438c2,Savings,2022-02-16,Active,325438.42,0.0,0.0,0.0
04a57da5-1642-411f-b7ad-b1dcf93c8d5d,290fad06-5d98-4458-8c39-da75673438c2,Loan,2022-10-28,Inactive,0.0,12366.21,12.0,15.0
8a139f30-2006-4c9e-a45f-ff7bc33d8afb,290fad06-5d98-4458-8c39-da75673438c2,Loan,2025-02-09,Active,5213.83,6585.93,48.0,11.1
9091d172-e989-47a7-ac0b-a8a09ce85b29,290fad06-5d98-4458-8c39-da75673438c2,FixedDeposit,2024-11-11,Inactive,0.0,0.0,3.0,4.8
e1777c22-3e22-49aa-af21-d0800c528b5f,290fad06-5d98-4458-8c39-da75673438c2,FixedDeposit,2024-08-31,Inactive,0.0,0.0,6.0,5.1
3b4a664c-94b2-4c5c-bcd5-c75ed081cff0,290fad06-5d98-4458-8c39-da75673438c2,FixedDeposit,2024-10-22,Inactive,0.0,0.0,12.0,5.3
e697d8f2-57e9-4f96-a942-cb1b371965c6,5459c226-a2ff-410c-a1b1-c0d2c3438187,Savings,2023-09-09,Active,68847.15,0.0,0.0,0.0
22e63bcc-8d90-4195-bd79-8590b24ae371,5459c226-a2ff-410c-a1b1-c0d2c3438187,FixedDeposit,2024-03-10,Inactive,0.0,0.0,6.0,5.1
54ae824e-47a3-4bd1-88e1-c142c4609536,5459c226-a2ff-410c-a1b1-c0d2c3438187,FixedDeposit,2024-12-27,Inactive,0.0,0.0,12.0,5.3
8586524e-16f5-4fc0-8ff9-bd1dedbefca0,5459c226-a2ff-410c-a1b1-c0d2c3438187,FixedDeposit,2023-11-22,Inactive,0.0,0.0,6.0,5.0
6c97d331-6278-4db0-8c3a-b2c3b3659c5f,d48b7c76-d8e7-4b52-b7d3-d1c1939c511c,Savings,2022-05-31,Active,904126.94,0.0,0.0,0.0
5a296233-015a-4e10-804c-d1a4ca76fe11,d48b7c76-d8e7-4b52-b7d3-d1c1939c511c,Loan,2023-03-01,Active,568.83,10239.79,36.0,15.6
53e8613f-766c-4ef5-9aac-ac53602cc556,d48b7c76-d8e7-4b52-b7d3-d1c1939c511c,Loan,2023-05-29,Active,1624.59,4587.26,48.0,9.5
e7850c9c-4376-4315-9aba-4ede5a11480a,78167bbf-ddcf-40ad-aab4-94e19eb7afd3,Savings,2022-11-03,Active,261315.98,0.0,0.0,0.0
5de01d38-7f4f-43fa-aaa2-cf40c5fd0973,78167bbf-ddcf-40ad-aab4-94e19eb7afd3,Loan,2024-07-30,Active,5106.07,7124.82,60.0,20.6
dc70169e-743f-4c3f-8bd9-d81e85c06401,78167bbf-ddcf-40ad-aab4-94e19eb7afd3,Loan,2024-12-07,Active,3837.79,4797.19,60.0,15.1
ab206947-7f00-4f7a-a246-bce10997a44d,78167bbf-ddcf-40ad-aab4-94e19eb7afd3,FixedDeposit,2023-10-25,Inactive,0.0,0.0,12.0,5.2
90e0f8db-68b9-413f-9d2e-bc1fb7b6d612,8f9debb4-1d28-4e6e-8d30-256878fb0915,Savings,2022-01-28,Active,474957.37,0.0,0.0,0.0
6b6e2710-c957-473f-beef-4c0c2c2aedd2,8f9debb4-1d28-4e6e-8d30-256878fb0915,Loan,2022-04-06,Inactive,0.0,43488.88,24.0,21.2
6ebe6714-7699-4cb9-ad3d-d2d7d0c105aa,8f9debb4-1d28-4e6e-8d30-256878fb0915,Loan,2022-12-29,Active,178530.0,714119.64,48.0,11.2
34ef69e8-01ba-4b55-82e7-417a20376fab,8f9debb4-1d28-4e6e-8d30-256878fb0915,FixedDeposit,2025-06-19,Active,96809.54,0.0,12.0,4.8
f4b14a53-12b5-4b22-ba75-f695bf5939af,5965b4b6-82c3-402d-b922-1017de2192a9,Savings,2025-04-02,Active,10702.77,0.0,0.0,0.0
56d7d172-766e-4a8d-a19d-c467c6f1587a,28be8f0f-708a-4bd4-94b0-b9873492d8e3,Savings,2020-05-19,Active,67003.65,0.0,0.0,0.0
248b8c5f-1a07-4220-b115-23767b7c8e02,28be8f0f-708a-4bd4-94b0-b9873492d8e3,Loan,2020-12-26,Active,8687.44,34749.64,12.0,20.5
262fe096-f2d6-413c-89ac-43c51d634eb1,28be8f0f-708a-4bd4-94b0-b9873492d8e3,Loan,2021-10-13,Active,10529.19,70193.07,60.0,15.3
71eb8a3a-ebe3-49e2-9b19-5c0ba02c18c8,28be8f0f-708a-4bd4-94b0-b9873492d8e3,FixedDeposit,2021-04-04,Inactive,0.0,0.0,36.0,1.4
d3e49820-8614-457a-88e5-e043123c2916,585c8345-f1ef-43c8-b359-ee328e2e4959,Savings,2021-04-28,Active,60272.08,0.0,0.0,0.0
69ce4e82-c3d9-4a12-9c49-67f8a44637e7,585c8345-f1ef-43c8-b359-ee328e2e4959,Loan,2025-07-06,Active,18075.0,22831.55,24.0,11.7
bc67d504-8d63-40b4-b5ec-09537699b0da,585c8345-f1ef-43c8-b359-ee328e2e4959,Loan,2025-08-16,Active,12365.6,13911.28,36.0,8.0
bbabf6aa-e816-46d3-8e89-c417566bd0d1,585c8345-f1ef-43c8-b359-ee328e2e4959,FixedDeposit,2023-05-22,Inactive,0.0,0.0,12.0,5.2
f5d1ea19-ba59-49ec-a9d2-ee95749787b6,2f4cfc2b-a505-4d21-a2a4-eb14e7153e13,Savings,2024-03-20,Active,90518.98,0.0,0.0,0.0
83baea7c-3fa2-4bf0-b904-bb9f0838530c,2f4cfc2b-a505-4d21-a2a4-eb14e7153e13,Loan,2024-11-18,Active,20417.85,31958.34,36.0,7.7
3785c29a-4ce7-4445-b5dc-e3be448382b4,2f4cfc2b-a505-4d21-a2a4-eb14e7153e13,Loan,2025-05-05,Active,19852.54,59557.58,12.0,12.2
080d2090-db55-4e94-9a0a-7f4c54c708bb,2f4cfc2b-a505-4d21-a2a4-eb14e7153e13,FixedDeposit,2025-02-14,Inactive,0.0,0.0,6.0,4.5
a7314a39-daa6-4ac6-a48c-6bda692f240e,2f4cfc2b-a505-4d21-a2a4-eb14e7153e13,FixedDeposit,2024-07-26,Inactive,0.0,0.0,12.0,5.3
2bae396c-9ed4-4c48-a433-5fda8cf0657c,27187614-2715-44ca-8f46-c661e6f22f54,Savings,2023-02-22,Active,458387.13,0.0,0.0,0.0
8fd08d05-7d4a-4129-bdfe-c6c48b4ffea8,27187614-2715-44ca-8f46-c661e6f22f54,Loan,2025-04-19,Active,1369.16,1643.0,48.0,21.6
921d50b0-c3d9-4fee-8f83-e39fb9dfa6fc,27187614-2715-44ca-8f46-c661e6f22f54,FixedDeposit,2024-06-07,Inactive,0.0,0.0,3.0,4.8
85e51ac9-b46c-411d-8103-388c007d68c4,27187614-2715-44ca-8f46-c661e6f22f54,FixedDeposit,2023-12-19,Inactive,0.0,0.0,24.0,4.8
d5fef04f-443d-4d53-8d12-0c59a173d2ad,27187614-2715-44ca-8f46-c661e6f22f54,FixedDeposit,2024-11-26,Inactive,0.0,0.0,12.0,5.3
7ecf0c13-3435-42d4-8713-74e503ddcd8b,fddc5355-c23d-4bf6-9cda-914b44b99af9,Savings,2023-03-23,Active,744367.04,0.0,0.0,0.0
d1a0191b-ed53-4724-ae9f-2c4c6dc19f54,fddc5355-c23d-4bf6-9cda-914b44b99af9,FixedDeposit,2024-06-21,Inactive,0.0,0.0,12.0,5.3
7485514d-4bd7-4e74-aaa1-b446a1ddf13a,ec4e4a83-8eb4-4f19-bb9b-e3a2f490d7b3,Savings,2023-04-17,Active,32471.05,0.0,0.0,0.0
55e3a77e-54ac-4624-ab40-e8d5d39a71bd,ec4e4a83-8eb4-4f19-bb9b-e3a2f490d7b3,FixedDeposit,2025-11-28,Active,43624.4,0.0,6.0,4.5
26ea02fd-027e-431e-a585-768d2197fc64,ec4e4a83-8eb4-4f19-bb9b-e3a2f490d7b3,FixedDeposit,2025-07-18,Active,59557.33,0.0,12.0,4.8
7d0ec772-51f1-48af-b595-08389872453e,ec4e4a83-8eb4-4f19-bb9b-e3a2f490d7b3,FixedDeposit,2024-10-06,Active,73322.82,0.0,24.0,5.0
74edfef1-453b-4de7-a1ec-f6930a879a13,b9f7e7b0-5b0b-47f5-913b-a9530b4c66e5,Savings,2020-01-26,Active,423396.68,0.0,0.0,0.0
2e4f213e-1214-42b3-90bb-4c12c4024cd0,b9f7e7b0-5b0b-47f5-913b-a9530b4c66e5,Loan,2024-12-21,Inactive,0.0,18046.04,12.0,16.3
df8558a1-1605-4584-ade9-db8661a0de03,b9f7e7b0-5b0b-47f5-913b-a9530b4c66e5,Loan,2021-11-05,Inactive,0.0,12840.25,12.0,22.4
3d2032cf-13c5-420b-813a-f2bc5f59647f,33351ca0-409a-4e6f-a70d-e00a2c2b21b1,Savings,2025-01-14,Active,12337.63,0.0,0.0,0.0
e6625150-ffe5-40c3-8f55-6cd1a7af05ea,33351ca0-409a-4e6f-a70d-e00a2c2b21b1,Loan,2025-06-27,Active,4746.27,9492.51,12.0,6.9
6eec8052-48fb-405f-9f87-fdc76a6a2395,33351ca0-409a-4e6f-a70d-e00a2c2b21b1,FixedDeposit,2025-07-19,Active,30668.08,0.0,24.0,4.5
5afcdec0-02f6-4bac-83eb-ba9efe4c3ba3,083ce67a-2455-4d04-9285-8026b556d613,Savings,2021-05-18,Active,324646.39,0.0,0.0,0.0
7977cfe7-c0df-431f-a830-9ccbdc939e0e,083ce67a-2455-4d04-9285-8026b556d613,FixedDeposit,2024-02-02,Inactive,0.0,0.0,6.0,5.1
8578e1b0-a338-443a-b0d1-c8c40610b855,083ce67a-2455-4d04-9285-8026b556d613,FixedDeposit,2023-05-07,Inactive,0.0,0.0,6.0,5.0
ad869da1-9d96-4c52-aa01-765db982c4ad,a95bd534-0aa3-4f0c-b2fd-001d101469de,Savings,2021-09-29,Active,263285.91,0.0,0.0,0.0
29b7ab80-c149-44b9-a9e3-675eec72d29a,a95bd534-0aa3-4f0c-b2fd-001d101469de,Loan,2022-12-05,Inactive,0.0,18454.99,36.0,23.3
50fd5675-b9b7-4830-a3f5-82497256fb5f,819d0a42-5293-42d3-b5a6-84bb1f0c0db8,Savings,2025-07-05,Active,80854.98,0.0,0.0,0.0
105d3745-2ba9-4965-bac1-ae41257588a9,819d0a42-5293-42d3-b5a6-84bb1f0c0db8,Loan,2025-08-08,Active,39290.04,42861.84,48.0,14.6
0e62191c-d793-44fa-b661-321dd1dac81b,819d0a42-5293-42d3-b5a6-84bb1f0c0db8,Loan,2025-10-14,Active,20838.19,21744.19,48.0,19.0
e00360a8-1e52-43e1-864a-05f852588423,819d0a42-5293-42d3-b5a6-84bb1f0c0db8,FixedDeposit,2025-08-22,Active,11304.77,0.0,6.0,4.5
185b20c8-0247-4064-9dcf-f5a9cfb9c949,819d0a42-5293-42d3-b5a6-84bb1f0c0db8,FixedDeposit,2025-08-04,Inactive,0.0,0.0,3.0,4.2
2241fff7-980e-4edf-887a-a66cf3646803,819d0a42-5293-42d3-b5a6-84bb1f0c0db8,FixedDeposit,2025-08-14,Active,66110.91,0.0,6.0,4.5
477577ff-f389-4a77-826c-ad6b2cf13102,0bf79b90-32b2-4def-ac31-0fb533263d53,Savings,2025-04-08,Active,138432.62,0.0,0.0,0.0
7e57ccaf-3680-4fe6-b038-f074f0b788e9,0bf79b90-32b2-4def-ac31-0fb533263d53,FixedDeposit,2025-07-18,Active,82211.81,0.0,36.0,4.2
746b5715-2748-46c7-ad5b-8c7febf9ad4e,0bf79b90-32b2-4def-ac31-0fb533263d53,FixedDeposit,2025-06-26,Inactive,0.0,0.0,6.0,4.5
4f553907-afad-4b0a-88df-67e30f10ba3f,77356b96-553c-4a60-ad30-2308a111a3d6,Savings,2021-12-07,Active,951716.86,0.0,0.0,0.0
3f2f7684-5c6a-447c-adab-64478adc69b8,77356b96-553c-4a60-ad30-2308a111a3d6,Loan,2025-03-14,Active,10155.52,16248.79,24.0,22.3
f8006891-a927-45d4-aa35-cfb188d0059c,77356b96-553c-4a60-ad30-2308a111a3d6,Loan,2023-10-06,Inactive,0.0,14113.88,24.0,22.4
36aee087-44c7-4c9f-8af4-cbef82b67386,77356b96-553c-4a60-ad30-2308a111a3d6,FixedDeposit,2023-03-25,Inactive,0.0,0.0,12.0,5.2
0b27b9cd-9958-4bbd-bdff-1c7a89b04269,77356b96-553c-4a60-ad30-2308a111a3d6,FixedDeposit,2025-11-30,Active,34419.78,0.0,36.0,4.2
da46e7fd-2e31-44bb-b82a-d10a0ac884ac,4f90656d-f2c2-4515-9e8d-569e50bf2847,Savings,2022-01-29,Active,459745.4,0.0,0.0,0.0
97eac582-a7ae-432c-bdd5-2d8997c3d999,4f90656d-f2c2-4515-9e8d-569e50bf2847,Loan,2024-06-05,Active,3067.51,5077.33,48.0,13.9
e8ff7294-5b90-4bbd-8a70-8849bc80d0bf,4f90656d-f2c2-4515-9e8d-569e50bf2847,Loan,2022-04-01,Inactive,0.0,8384.95,24.0,8.7
c8ca643d-20f6-40e8-82af-a3d86a0cbe22,4f90656d-f2c2-4515-9e8d-569e50bf2847,FixedDeposit,2022-03-08,Inactive,0.0,0.0,24.0,3.0
20b33c18-8c31-4468-9b3e-2bc326ca7c14,4255c023-ad45-454c-9979-62b4886d720d,Savings,2023-06-06,Active,195306.73,0.0,0.0,0.0
ea9325bb-b4d2-4db1-9d28-69d7e27249e7,4255c023-ad45-454c-9979-62b4886d720d,FixedDeposit,2025-06-19,Inactive,0.0,0.0,6.0,4.5
1b51c4f5-0fc5-403f-a181-365fe13dc0c6,7a0c734c-5495-428d-bd2e-096c88bb6788,Savings,2024-03-14,Active,578119.7,0.0,0.0,0.0
95aa5416-9854-4be0-8185-a7a2dda41a79,7a0c734c-5495-428d-bd2e-096c88bb6788,Loan,2025-01-14,Active,7682.93,9407.73,60.0,8.5
c6570d5f-045f-4710-9286-2ccfd47b570b,7a0c734c-5495-428d-bd2e-096c88bb6788,Loan,2025-07-18,Active,187938.28,218250.88,36.0,15.9
cdd47f43-19dd-4f4c-beb0-3c7c7001d821,7a0c734c-5495-428d-bd2e-096c88bb6788,FixedDeposit,2025-05-13,Active,10212.23,0.0,24.0,4.5
a186e724-8213-458e-b6c7-b8533aaeb06d,d23eac21-783b-47ce-9c64-a3b5f21ed04b,Savings,2023-10-01,Active,331976.55,0.0,0.0,0.0
c15dc208-7168-479e-a2e2-2e795bbac9aa,d23eac21-783b-47ce-9c64-a3b5f21ed04b,Loan,2024-01-30,Active,8391.67,16112.08,48.0,17.1
2e07adf8-16bb-41fa-9293-7ccfbf57dfc9,d23eac21-783b-47ce-9c64-a3b5f21ed04b,FixedDeposit,2023-11-28,Inactive,0.0,0.0,12.0,5.2
da5cbf49-e6f7-4380-b366-de7b330eb02e,b55c729d-9173-47de-86bd-287736853bd4,Savings,2024-06-17,Active,57925.75,0.0,0.0,0.0
4349f618-4bda-45ed-a980-e4a063d00f37,b55c729d-9173-47de-86bd-287736853bd4,FixedDeposit,2025-11-30,Active,51787.09,0.0,12.0,4.8
9c69f2ff-69e9-4371-90e6-66227b3007b8,8e55a56f-1177-4400-b0d8-40aafac803d3,Savings,2024-02-03,Active,902863.91,0.0,0.0,0.0
bfb6a346-08db-42ed-9e33-e53b20fa10ee,8e55a56f-1177-4400-b0d8-40aafac803d3,Loan,2025-06-21,Active,700030.57,777811.75,60.0,17.2
25df0b33-4989-487e-bc98-d349fda3b187,c03c7aec-bb51-48d4-aea8-71001c4fd5a4,Savings,2022-07-20,Active,13492.21,0.0,0.0,0.0
33e230cb-0ebc-4242-ad73-129a2c7e3704,c03c7aec-bb51-48d4-aea8-71001c4fd5a4,FixedDeposit,2022-08-06,Inactive,0.0,0.0,6.0,2.2
f05ce8bc-2764-4709-af3d-d161538b1c74,c4ca553e-73b9-44a6-bbc6-398c0281d55a,Savings,2021-01-28,Active,548642.7,0.0,0.0,0.0
e767fe77-afd2-4e89-943b-010f7d0f0002,c4ca553e-73b9-44a6-bbc6-398c0281d55a,FixedDeposit,2023-08-04,Inactive,0.0,0.0,24.0,4.8
4e6a6325-c679-4764-8193-ac5a918cf348,c4ca553e-73b9-44a6-bbc6-398c0281d55a,FixedDeposit,2023-03-30,Inactive,0.0,0.0,12.0,5.2
0fc7d99d-4975-4b57-a29f-54131a5a6eb9,685482ef-fb80-4c66-8e78-925f10d1a135,Savings,2024-11-17,Active,127189.23,0.0,0.0,0.0
1aca116f-f0d3-480c-9567-8973bf03ccff,685482ef-fb80-4c66-8e78-925f10d1a135,FixedDeposit,2025-09-09,Active,21499.39,0.0,6.0,4.5
7ebdbd5f-9143-4cf5-8f46-7ef20ecf2d35,58fcd2ab-5448-4f90-b582-8469edee5605,Savings,2020-12-31,Active,335305.01,0.0,0.0,0.0
5f70fcc0-7bde-429f-8f98-27957c60a4d7,58fcd2ab-5448-4f90-b582-8469edee5605,FixedDeposit,2023-12-07,Active,18257.91,0.0,36.0,4.5
4a924ed3-5b7b-4f0f-866a-713ecc877a0f,90184b19-fd85-4af5-b507-1657040ded91,Savings,2025-08-19,Active,67126.86,0.0,0.0,0.0
bfa78e68-b579-47f9-8945-1593944dc91b,90184b19-fd85-4af5-b507-1657040ded91,Loan,2025-09-03,Active,13038.7,17384.92,12.0,22.7
83c9e8f7-0c81-4887-9c39-38879505689a,90184b19-fd85-4af5-b507-1657040ded91,FixedDeposit,2025-11-27,Active,91067.24,0.0,6.0,4.5
18949d57-03e1-4333-845d-d1f3ae1a77e4,a5321426-daf8-49e1-b3eb-3116ed3dfcbe,Savings,2023-02-07,Active,15873.29,0.0,0.0,0.0
2248ecd9-908a-4861-a729-58b187e33bf5,a5321426-daf8-49e1-b3eb-3116ed3dfcbe,Loan,2023-04-23,Active,345942.01,741304.57,60.0,13.5
339b9f4a-47ae-4ee7-826a-4717a051470a,a5321426-daf8-49e1-b3eb-3116ed3dfcbe,Loan,2023-11-07,Inactive,0.0,78207.46,12.0,15.7
10a4f87e-2b8d-4323-be3e-08ddd555c163,a5321426-daf8-49e1-b3eb-3116ed3dfcbe,FixedDeposit,2024-04-01,Active,14415.26,0.0,36.0,4.7
c4550ab0-8241-4105-a586-8766f9be9d66,a5321426-daf8-49e1-b3eb-3116ed3dfcbe,FixedDeposit,2025-10-12,Active,7118.32,0.0,36.0,4.2
861fd547-be41-4cdc-87c6-7439e807f8b8,a5321426-daf8-49e1-b3eb-3116ed3dfcbe,FixedDeposit,2024-12-21,Active,26377.94,0.0,24.0,5.0
f1b39067-4483-4de7-ac91-d7ecc6dbd409,c8ce254e-f4ac-41d4-a669-133b3fefdcd4,Savings,2025-11-20,Active,405753.33,0.0,0.0,0.0
6400fe44-8d92-427e-81ee-ae482742a80e,c8ce254e-f4ac-41d4-a669-133b3fefdcd4,Loan,2025-11-20,Active,17618.37,18384.39,24.0,23.7
dfd49c19-7ef3-485f-a61c-7f12e0ac0332,c8ce254e-f4ac-41d4-a669-133b3fefdcd4,Loan,2025-11-20,Active,386073.86,397104.54,36.0,8.3
5af95836-1a80-4cdd-8d13-57ce3525716d,e60ac408-56bf-4c8c-96ba-becf48167f07,Savings,2024-11-04,Active,264933.74,0.0,0.0,0.0
e37a013a-142d-46e7-8813-c312ff565d8b,e6fd3256-3df0-40ba-8aa6-59f058d6c19b,Savings,2022-02-24,Active,310582.15,0.0,0.0,0.0
e60b3676-ad1d-4f63-9b76-209ef46444c6,2e834b3d-868c-4a59-904f-5df0205d8e39,Savings,2020-04-01,Active,441049.15,0.0,0.0,0.0
8febb173-e052-4da3-bf5d-af9f86b777e6,2e834b3d-868c-4a59-904f-5df0205d8e39,Loan,2020-04-09,Inactive,0.0,5285.74,60.0,20.3
5c3a23d2-9644-4ed3-82ff-7706b70994c8,2e834b3d-868c-4a59-904f-5df0205d8e39,Loan,2021-07-02,Active,776.83,7767.67,60.0,20.6
ef1c5951-4a81-484b-b59c-7b80f6f6c353,2e834b3d-868c-4a59-904f-5df0205d8e39,FixedDeposit,2022-08-01,Inactive,0.0,0.0,3.0,1.5
7df96c5d-d85c-4de6-9aa9-5b5642e263f1,2e834b3d-868c-4a59-904f-5df0205d8e39,FixedDeposit,2022-08-24,Inactive,0.0,0.0,3.0,1.5
f5d072cb-81d5-4937-a8fe-9e42f424f2a8,2e834b3d-868c-4a59-904f-5df0205d8e39,FixedDeposit,2021-10-07,Inactive,0.0,0.0,36.0,1.4
6c674339-be93-4977-a712-3a9adbe14094,15fdbe9c-f742-421f-bc62-53cd400bb36f,Savings,2024-05-22,Active,44138.55,0.0,0.0,0.0
e7fed6dc-cb3f-4a4b-bc74-bdd7353c8f1f,15fdbe9c-f742-421f-bc62-53cd400bb36f,FixedDeposit,2024-10-03,Active,48332.0,0.0,24.0,5.0
fbdff77c-22a0-44fc-9f6b-04501cc4cc4e,15fdbe9c-f742-421f-bc62-53cd400bb36f,FixedDeposit,2025-06-03,Active,18439.79,0.0,24.0,4.5
39c70d2c-491d-432f-8e64-86749daf9bb3,5d293c53-77a1-4a98-a389-87f01615b487,Savings,2025-06-01,Active,166372.81,0.0,0.0,0.0
41e54c3e-d4a7-4af1-83e2-597579093389,5d293c53-77a1-4a98-a389-87f01615b487,Loan,2025-07-19,Active,12891.01,22098.86,12.0,7.7
ef23c128-f05a-4c0c-b4a8-a7f8222e3cc0,5d293c53-77a1-4a98-a389-87f01615b487,Loan,2025-10-20,Active,17932.44,18987.28,36.0,8.6
10fe4f12-5a34-4893-a257-baa724773b04,a9f3567e-c519-4c5f-b660-09ac91b37c7a,Savings,2023-06-05,Active,91211.16,0.0,0.0,0.0
086a21a7-762a-4548-8b9b-058dad175278,a9f3567e-c519-4c5f-b660-09ac91b37c7a,Loan,2025-06-29,Active,34292.69,41151.23,36.0,8.4
40ee5107-56ef-44a9-b46b-7a31936dbabf,e84d05c2-a516-4d0b-b574-1cd23e334c94,Savings,2025-05-22,Active,37088.68,0.0,0.0,0.0
be0415e4-8180-4906-a3d9-4632fd7fefcc,e84d05c2-a516-4d0b-b574-1cd23e334c94,Loan,2025-10-10,Active,16331.36,19597.64,12.0,11.8
46309503-f37a-482a-97d0-b11efa2ca414,b65cd7b4-bd8b-480b-bc9c-e2e65e126898,Savings,2023-05-08,Active,477111.13,0.0,0.0,0.0
2d5e3319-89c1-4471-adfd-582684eb84a5,b65cd7b4-bd8b-480b-bc9c-e2e65e126898,Loan,2024-08-21,Active,14607.18,43821.42,24.0,7.2
8ae00150-d14c-4d6b-b9f8-568058a928c7,b65cd7b4-bd8b-480b-bc9c-e2e65e126898,Loan,2025-01-23,Active,520016.92,636755.41,60.0,18.7
32ef6d09-cfd7-4838-b1f5-6edce8c5f832,b65cd7b4-bd8b-480b-bc9c-e2e65e126898,FixedDeposit,2024-09-19,Active,48476.1,0.0,24.0,5.0
408b6bff-0416-4746-9b55-59e1c0411bd0,b65cd7b4-bd8b-480b-bc9c-e2e65e126898,FixedDeposit,2025-07-03,Active,73957.88,0.0,24.0,4.5
b6640a7f-4577-48e7-a3c0-9781aa07e8e0,6b489094-dbd2-4258-ae53-4857418d1d30,Savings,2021-09-26,Active,41842.42,0.0,0.0,0.0
ec262602-998c-407c-8bae-b3107f75e40d,6b489094-dbd2-4258-ae53-4857418d1d30,Loan,2022-06-25,Inactive,0.0,25192.29,12.0,10.5
ae92d111-62bb-405e-857f-1f5aba38b370,6b489094-dbd2-4258-ae53-4857418d1d30,Loan,2021-10-26,Inactive,0.0,40320.6,24.0,19.6
6ff2c112-2c71-4c1e-a66f-c0b5795b92ab,6b489094-dbd2-4258-ae53-4857418d1d30,FixedDeposit,2025-11-14,Active,18595.88,0.0,3.0,4.2
6c5b5d53-9259-4757-b6e6-bac8e68cdffb,6b489094-dbd2-4258-ae53-4857418d1d30,FixedDeposit,2023-01-17,Inactive,0.0,0.0,24.0,4.8
fa7ccad0-fe8b-465e-8cf8-d8fabbffb102,2c7aaca8-0d1f-4c0d-be1b-091e2dc3d521,Savings,2024-04-13,Active,141653.07,0.0,0.0,0.0
c7a96be5-2084-4976-bccb-bc58fdcaaf60,2c7aaca8-0d1f-4c0d-be1b-091e2dc3d521,Loan,2024-08-08,Active,3384.94,6413.49,36.0,7.3
0e50e5ea-6bb3-4c49-b23f-2aaf33589ea4,2c7aaca8-0d1f-4c0d-be1b-091e2dc3d521,Loan,2024-10-06,Active,27957.26,40665.11,48.0,12.9
7c2c9e0c-8dce-4107-905a-3558ee554a14,115316ce-db98-4031-99c4-df1eaf5f1e03,Savings,2021-02-24,Active,302521.31,0.0,0.0,0.0
a82bc9a1-89dd-41e9-ab3b-f9161aab2772,115316ce-db98-4031-99c4-df1eaf5f1e03,Loan,2024-02-04,Active,4668.38,12928.14,36.0,9.6
53f6ee2a-ba45-402c-aaa6-ad9636dd8db7,115316ce-db98-4031-99c4-df1eaf5f1e03,Loan,2022-02-03,Active,4807.62,230772.81,48.0,16.1
3accc490-02cf-4619-8b82-880041bee248,115316ce-db98-4031-99c4-df1eaf5f1e03,FixedDeposit,2022-10-17,Inactive,0.0,0.0,12.0,2.8
98e5839c-ae4b-4f31-9841-ff131fe76010,def7877b-2b34-4ed2-92d6-9acb1508f53a,Savings,2020-09-15,Active,619015.69,0.0,0.0,0.0
67a89f4a-8c93-4294-9704-aa7c163e59ee,def7877b-2b34-4ed2-92d6-9acb1508f53a,Loan,2022-06-06,Active,75608.91,266854.42,60.0,21.6
a871a245-2703-411a-8621-44b828ccb733,def7877b-2b34-4ed2-92d6-9acb1508f53a,Loan,2020-10-01,Inactive,0.0,75055.91,60.0,7.3
8b6edeea-d18a-4d5d-b6ce-48abdffb6477,def7877b-2b34-4ed2-92d6-9acb1508f53a,FixedDeposit,2025-07-17,Active,18299.81,0.0,12.0,4.8
7161d20b-3516-4738-9cc0-d482efe53db6,4313085d-445c-4d17-8f57-49fa91a2674c,Savings,2021-09-05,Active,653642.47,0.0,0.0,0.0
739cd591-8f60-4b35-9d51-147a35c53ada,4313085d-445c-4d17-8f57-49fa91a2674c,Loan,2022-10-06,Inactive,0.0,55461.93,24.0,6.8
4ecbc97c-0f34-4dd5-8898-19260b222bdf,141b3455-6871-451b-8207-786a270da33b,Savings,2023-08-17,Active,19833.32,0.0,0.0,0.0
63902632-d881-4075-b404-d449883902ae,141b3455-6871-451b-8207-786a270da33b,Loan,2024-05-30,Active,8277.6,13700.96,48.0,11.4
01eb13d9-f089-474b-a16d-b9fb09fd90f1,141b3455-6871-451b-8207-786a270da33b,FixedDeposit,2025-06-03,Active,33860.45,0.0,12.0,4.8
29200bb5-8e24-47f1-b600-3b1f8ad35ef6,141b3455-6871-451b-8207-786a270da33b,FixedDeposit,2025-09-25,Active,32703.11,0.0,6.0,4.5
4e311293-fdab-4253-bd7e-6587e54a6e7b,ea0ca881-c69b-47cd-955b-522ed594c57e,Savings,2024-07-03,Active,195368.41,0.0,0.0,0.0
4e11681f-0093-4767-b857-5dd78c3130c9,ea0ca881-c69b-47cd-955b-522ed594c57e,Loan,2025-01-09,Active,13020.36,24037.52,24.0,23.5
2ff0e79c-812a-4472-8385-52c9770a3cb9,ea0ca881-c69b-47cd-955b-522ed594c57e,Loan,2025-08-13,Active,2030.54,2215.14,48.0,23.5
dbb07b63-21c2-4b84-ad10-dae4a55ef2de,54f20e11-3270-4f75-ad69-993414bbc3ea,Savings,2021-12-08,Active,60073.5,0.0,0.0,0.0
020f4558-0069-40dc-85be-e66c263e349a,54f20e11-3270-4f75-ad69-993414bbc3ea,FixedDeposit,2023-05-05,Inactive,0.0,0.0,6.0,5.0
9efe0c1b-44e4-4343-ad9e-320045028538,bb9a4f31-2b02-40b8-89e7-31592785fa0e,Savings,2023-01-14,Active,194083.57,0.0,0.0,0.0
6904c557-4f4e-4f76-aad1-0b68f2dda88d,bb9a4f31-2b02-40b8-89e7-31592785fa0e,FixedDeposit,2025-01-14,Active,26782.17,0.0,24.0,4.5
11e17dcb-6e3e-4385-acb0-402f12547fb4,bb9a4f31-2b02-40b8-89e7-31592785fa0e,FixedDeposit,2023-06-05,Inactive,0.0,0.0,6.0,5.0
4cc5e3fe-c513-46de-980c-d1d6b2046950,1ce5cbdf-62b3-457a-913b-753400068653,Savings,2025-07-22,Active,124883.24,0.0,0.0,0.0
f022b0a1-ac00-47dd-baee-23690bdc8e21,1ce5cbdf-62b3-457a-913b-753400068653,Loan,2025-09-17,Active,21508.64,23463.98,36.0,9.7
a6d2ef22-8c6b-45af-a468-ff6d96210b84,1ce5cbdf-62b3-457a-913b-753400068653,Loan,2025-09-03,Active,44119.19,58825.58,12.0,14.5
fa00a0d2-4a98-4955-b434-89e7d051ce1d,1ce5cbdf-62b3-457a-913b-753400068653,FixedDeposit,2025-09-24,Active,73880.17,0.0,36.0,4.2
c55919e8-89dd-4bfc-870b-1d9bca4e515b,1ce5cbdf-62b3-457a-913b-753400068653,FixedDeposit,2025-08-15,Inactive,0.0,0.0,3.0,4.2
e487b980-a0cd-40c0-a7bb-2866d63eff5a,0355d4d5-ac4d-4dd0-9ad8-aa4ef0e9de1a,Savings,2025-11-21,Active,742506.55,0.0,0.0,0.0
c45c03f9-7601-4e2f-b346-250ff0106695,0355d4d5-ac4d-4dd0-9ad8-aa4ef0e9de1a,Loan,2025-11-21,Active,34624.47,35211.33,60.0,14.9
c6fb23ba-e20b-44c3-a878-8e126f93a168,0355d4d5-ac4d-4dd0-9ad8-aa4ef0e9de1a,Loan,2025-11-21,Active,670833.97,690000.65,36.0,19.5
5a4daae1-2789-44bd-a011-a6cf0d2ef2a3,ade20dc9-8ca0-4706-ab13-6716a23dde66,Savings,2025-09-15,Active,5927.38,0.0,0.0,0.0
d48956bf-3d54-4e94-a15b-d3b6d51fb625,ade20dc9-8ca0-4706-ab13-6716a23dde66,Loan,2025-10-27,Active,58526.95,70232.35,12.0,18.5
325212d0-92fc-4725-844a-21069e2b713a,ade20dc9-8ca0-4706-ab13-6716a23dde66,Loan,2025-10-02,Active,31804.07,42405.44,12.0,17.9
9d9f7b31-a307-4de2-9944-c4323632cd94,ade20dc9-8ca0-4706-ab13-6716a23dde66,FixedDeposit,2025-10-28,Active,78931.42,0.0,24.0,4.5
b3526df6-3e57-42c6-8453-81ecc2999e11,ade20dc9-8ca0-4706-ab13-6716a23dde66,FixedDeposit,2025-10-10,Active,20995.09,0.0,6.0,4.5
5257730a-b37b-40a7-a1b1-6955b8dc735b,ade20dc9-8ca0-4706-ab13-6716a23dde66,FixedDeposit,2025-11-03,Active,71236.6,0.0,12.0,4.8
b2b3fe9e-fd2b-4d9d-ac08-c4f407f13eaa,f124e0b2-d43b-4ebf-aabe-c09bc264a7a5,Savings,2025-11-11,Active,8613.36,0.0,0.0,0.0
bcf0df7c-1776-4c76-99a3-47f3282d8f27,f124e0b2-d43b-4ebf-aabe-c09bc264a7a5,FixedDeposit,2025-11-28,Active,68077.67,0.0,6.0,4.5
9b856b8b-15f5-4cc4-9a32-0215609f7828,f124e0b2-d43b-4ebf-aabe-c09bc264a7a5,FixedDeposit,2025-11-15,Active,49635.17,0.0,6.0,4.5
0de58b82-0afc-4d6c-b7b2-e2102e053f22,3081bc2e-fe6d-43fa-ad59-9271ce5473bd,Savings,2020-12-24,Active,190632.41,0.0,0.0,0.0
06ab9e1d-974e-4866-a8f0-d7ad6074ed1e,3081bc2e-fe6d-43fa-ad59-9271ce5473bd,Loan,2024-08-08,Active,13115.82,44968.72,24.0,21.4
b8964657-2f00-4439-ad68-5269e2cc990f,3081bc2e-fe6d-43fa-ad59-9271ce5473bd,Loan,2021-05-11,Inactive,0.0,3798.58,24.0,8.1
ef83e013-d071-4f6f-b616-a1eab1eb1f97,ad3ef926-9ba9-477d-87ce-75c5d0d81fdb,Savings,2020-11-24,Active,432668.5,0.0,0.0,0.0
a89e0f45-48b7-4838-86e7-05f34b71a7bf,ad3ef926-9ba9-477d-87ce-75c5d0d81fdb,Loan,2023-07-29,Active,7552.69,14617.96,60.0,22.3
8b76bc8f-2328-48b5-aace-6d785c564c97,ad3ef926-9ba9-477d-87ce-75c5d0d81fdb,FixedDeposit,2022-03-02,Inactive,0.0,0.0,24.0,3.0
51c1d5ea-d0a4-460e-960e-af52fd63d493,f382b67b-d667-4865-932f-412d8bfad28f,Savings,2025-10-01,Active,12256.75,0.0,0.0,0.0
fda9e1dd-ef88-45d9-9740-ca434881bf1e,f382b67b-d667-4865-932f-412d8bfad28f,FixedDeposit,2025-11-29,Active,48436.65,0.0,3.0,4.2
13c4718a-66c3-4149-970a-fb74ea7efc0b,f382b67b-d667-4865-932f-412d8bfad28f,FixedDeposit,2025-10-14,Active,34394.32,0.0,3.0,4.2
adeeee93-0b1b-467c-acbb-d30150ab9029,03796b2b-d80e-495c-8eae-5875cfae827c,Savings,2025-05-05,Active,40122.07,0.0,0.0,0.0
b75b18e2-b089-48aa-bf4d-4660b9287539,62652453-5833-4569-8602-8de764d9a7d2,Savings,2024-07-22,Active,90566.69,0.0,0.0,0.0
9c715c51-4c11-492f-8940-fd5333b78c75,62652453-5833-4569-8602-8de764d9a7d2,FixedDeposit,2024-12-17,Active,78747.36,0.0,36.0,4.7
39a8ca2a-7586-4ac3-9af3-690d3ddfd5a5,6a0e8bb9-e706-480f-906e-f5d7cfa448ff,Savings,2022-02-27,Active,536669.86,0.0,0.0,0.0
88a67c23-7dba-477e-a2ba-b1b4f9e06932,6a0e8bb9-e706-480f-906e-f5d7cfa448ff,Loan,2024-01-24,Active,984.93,2727.41,36.0,20.1
76f4d592-1c77-4bb0-aac5-76b5af293f3b,6a0e8bb9-e706-480f-906e-f5d7cfa448ff,Loan,2022-08-09,Inactive,0.0,17113.55,12.0,14.0
3433b4bd-da7e-467c-9dda-5363a8b672c2,6a0e8bb9-e706-480f-906e-f5d7cfa448ff,FixedDeposit,2022-08-08,Inactive,0.0,0.0,6.0,2.2
ce10daa1-194c-4ff2-a787-2510408825b7,6a0e8bb9-e706-480f-906e-f5d7cfa448ff,FixedDeposit,2023-12-31,Inactive,0.0,0.0,24.0,4.8
03be7a07-dc75-49fa-95f6-ab7d4786c7cf,6a0e8bb9-e706-480f-906e-f5d7cfa448ff,FixedDeposit,2024-05-29,Inactive,0.0,0.0,3.0,4.8
46bd1eb8-90b1-402a-8015-2dbf45d07f5a,e649d3df-de70-4c1e-9790-8c39310b8f63,Savings,2025-06-17,Active,26429.45,0.0,0.0,0.0
cb9602a9-1ee8-4e99-8c5d-36482af085f1,e649d3df-de70-4c1e-9790-8c39310b8f63,FixedDeposit,2025-11-24,Active,10979.0,0.0,12.0,4.8
715e4392-0951-45b2-8897-1ed59454c366,e036e069-e5f7-42d9-9b7d-ea926cdef146,Savings,2025-02-05,Active,111497.19,0.0,0.0,0.0
8d700860-e945-4001-b211-9283dd20ab0c,e036e069-e5f7-42d9-9b7d-ea926cdef146,Loan,2025-03-06,Active,4095.63,24573.93,12.0,23.3
3797bf76-8333-43b8-aa3b-49cc002194ae,e036e069-e5f7-42d9-9b7d-ea926cdef146,FixedDeposit,2025-02-18,Active,46077.4,0.0,24.0,4.5
d70b86b1-3475-49e0-8450-ef34d177824c,359ac951-a542-4025-8be4-d6ba0b9f2bd7,Savings,2020-03-07,Active,93495.49,0.0,0.0,0.0
67338bdc-78ff-4561-890f-317fffd5bb86,359ac951-a542-4025-8be4-d6ba0b9f2bd7,Loan,2024-11-29,Active,132513.96,289121.45,24.0,10.4
9ec57c2f-21ef-4d62-bd7e-1cdbcecf0676,359ac951-a542-4025-8be4-d6ba0b9f2bd7,Loan,2020-05-16,Inactive,0.0,30751.59,12.0,21.2
d7b71d83-cea5-406d-8a2e-a60192299cc6,359ac951-a542-4025-8be4-d6ba0b9f2bd7,FixedDeposit,2022-04-11,Inactive,0.0,0.0,36.0,3.2
ea0c871e-6895-4d33-908e-176c7c90c4da,e47aad63-431d-4007-8159-8fca7e0c404f,Savings,2021-02-23,Active,169112.59,0.0,0.0,0.0
6d562a6b-e5c3-426a-8715-a15d9956215a,e47aad63-431d-4007-8159-8fca7e0c404f,Loan,2022-08-10,Inactive,0.0,37429.9,24.0,22.8
ba112c22-44f7-48ab-b2e0-3e7a95710886,e47aad63-431d-4007-8159-8fca7e0c404f,Loan,2024-06-02,Active,25720.15,54466.39,36.0,14.0
cca407d2-7d6f-4eb9-919a-deb2009b014a,d4c4f668-a938-4407-96e4-4530b9575616,Savings,2025-09-15,Active,428177.06,0.0,0.0,0.0
cd334c73-bece-4245-a886-c85dcd14aea0,d4c4f668-a938-4407-96e4-4530b9575616,Loan,2025-10-12,Active,210813.39,223214.17,36.0,15.0
0df51a96-a36a-4cff-a32f-ea262a2aac9c,d4c4f668-a938-4407-96e4-4530b9575616,Loan,2025-09-21,Active,275014.28,300015.59,36.0,21.5
3c4a51ff-aa82-46b5-81ab-6dc89c937353,d4c4f668-a938-4407-96e4-4530b9575616,FixedDeposit,2025-11-11,Active,2123.83,0.0,3.0,4.2
cb36a5f0-1370-444a-9b5d-cac2de7bd2de,d4c4f668-a938-4407-96e4-4530b9575616,FixedDeposit,2025-10-24,Active,86007.33,0.0,12.0,4.8
9b2ced25-0bfd-4901-b4d7-945d0176b27c,86ba2711-fc29-470a-9162-7e8c3dd33c8d,Savings,2024-12-07,Active,152872.53,0.0,0.0,0.0
ee5d77f2-cab3-4bb3-8120-d48928b15be4,86ba2711-fc29-470a-9162-7e8c3dd33c8d,Loan,2025-07-02,Active,5260.74,10521.48,12.0,18.8
fbb73586-5db4-4b75-b6eb-3d27aa57fcbb,86ba2711-fc29-470a-9162-7e8c3dd33c8d,Loan,2025-02-23,Active,2480.03,14880.03,12.0,12.4
7877139a-db82-4e00-b396-07fe063a68ba,86ba2711-fc29-470a-9162-7e8c3dd33c8d,FixedDeposit,2025-09-19,Active,31822.53,0.0,6.0,4.5
f9517c80-68bd-441e-96b3-7a86fda6bbf2,86ba2711-fc29-470a-9162-7e8c3dd33c8d,FixedDeposit,2025-05-15,Active,12682.73,0.0,24.0,4.5
e67b1ed2-537c-4eeb-b563-127f0ce648d5,86ba2711-fc29-470a-9162-7e8c3dd33c8d,FixedDeposit,2025-06-03,Active,70411.81,0.0,12.0,4.8
bd9b4c94-b349-40ed-8398-82f2de0feb81,96e5bb21-fe3d-4035-84e2-a0dbe1d19731,Savings,2020-01-28,Active,392495.96,0.0,0.0,0.0
5c7f8f5b-e082-4ec8-9e23-7e0065018b13,96e5bb21-fe3d-4035-84e2-a0dbe1d19731,Loan,2025-09-03,Active,18020.6,24027.47,12.0,12.1
37971691-2cd1-4fc2-a7f0-6c9b36834c01,96e5bb21-fe3d-4035-84e2-a0dbe1d19731,FixedDeposit,2020-03-28,Inactive,0.0,0.0,3.0,0.5
291dcca6-75e8-47b7-80d2-4a7823a4b5af,96e5bb21-fe3d-4035-84e2-a0dbe1d19731,FixedDeposit,2020-11-03,Inactive,0.0,0.0,6.0,0.8
c75c3f4c-ede2-46c3-be92-46ff792a5c8c,96e5bb21-fe3d-4035-84e2-a0dbe1d19731,FixedDeposit,2021-04-29,Inactive,0.0,0.0,3.0,0.5
bc59f0af-9df2-4f89-a36f-6f3fa9a60950,f125213e-099e-4c54-85f6-79d2dc74c9ac,Savings,2023-04-07,Active,273745.53,0.0,0.0,0.0
0cdc17c7-d864-4842-8124-57bce3fe1952,f125213e-099e-4c54-85f6-79d2dc74c9ac,Loan,2025-05-06,Active,44773.22,63209.26,24.0,20.4
b91c08f1-1800-432e-91d3-94dd603a1fdd,f125213e-099e-4c54-85f6-79d2dc74c9ac,Loan,2023-11-17,Active,83806.2,274274.7,36.0,7.1
c8412b2a-4255-4b0d-9ec5-a288f5b39ceb,f125213e-099e-4c54-85f6-79d2dc74c9ac,FixedDeposit,2024-04-26,Inactive,0.0,0.0,6.0,5.1
1752bb52-e602-4e70-94b5-bb7bd8234294,f125213e-099e-4c54-85f6-79d2dc74c9ac,FixedDeposit,2023-07-21,Active,36358.29,0.0,36.0,4.5
53075950-b8d6-4681-9668-88963442192b,ccf3dacd-7137-4f71-a05c-fdf6d79bba87,Savings,2020-05-26,Active,606909.34,0.0,0.0,0.0
331bab44-eb29-4e00-9055-3c75d5c447d6,ccf3dacd-7137-4f71-a05c-fdf6d79bba87,Loan,2021-11-12,Inactive,0.0,32931.73,48.0,14.7
0fc5bcd9-6f75-4802-835a-282b029a38ff,ccf3dacd-7137-4f71-a05c-fdf6d79bba87,Loan,2023-12-06,Inactive,0.0,27412.0,12.0,10.8
e881308c-a282-4f3e-892f-023d18e6dd1e,ccf3dacd-7137-4f71-a05c-fdf6d79bba87,FixedDeposit,2023-06-23,Inactive,0.0,0.0,24.0,4.8
02013c1c-cad2-402b-a936-0f0cc4433f04,ccf3dacd-7137-4f71-a05c-fdf6d79bba87,FixedDeposit,2025-05-23,Active,83047.73,0.0,24.0,4.5
fcb1d600-99ff-42a4-9138-48f4cf47123f,ccf3dacd-7137-4f71-a05c-fdf6d79bba87,FixedDeposit,2022-06-13,Inactive,0.0,0.0,6.0,2.2
ab71599c-a013-4c42-9386-0cdc4c8e4b74,15583497-c3f4-4ced-8f00-306c149c2e19,Savings,2020-10-18,Active,446446.05,0.0,0.0,0.0
7db97298-a5de-49af-b76f-a8b4222e8381,15583497-c3f4-4ced-8f00-306c149c2e19,Loan,2022-02-06,Active,4001.93,18469.94,60.0,21.2
0ab6ff34-3c42-4b3c-b8c5-8e646c376d17,15583497-c3f4-4ced-8f00-306c149c2e19,Loan,2022-01-24,Active,295.18,14169.11,48.0,14.0
5642d27f-4b46-4e8b-96b3-925b0375533f,15583497-c3f4-4ced-8f00-306c149c2e19,FixedDeposit,2021-04-16,Inactive,0.0,0.0,36.0,1.4
ce484c03-1b73-48f3-8d26-47c99a7528bc,15583497-c3f4-4ced-8f00-306c149c2e19,FixedDeposit,2022-12-24,Inactive,0.0,0.0,3.0,1.5
2f03f124-5dfc-4eac-a189-b1b5ed511cb7,05b46ecc-ce56-48b3-b89a-e5dbbe1db739,Savings,2025-04-01,Active,147111.8,0.0,0.0,0.0
8dabdc3d-1779-400b-a516-6a675a9347dc,05b46ecc-ce56-48b3-b89a-e5dbbe1db739,Loan,2025-09-01,Active,46153.71,69230.55,12.0,10.1
51a67684-e7b1-4b19-93e5-645d8beb2ba3,5b3bf46d-c71c-4fd2-89e4-8605da125f85,Savings,2022-08-24,Active,194520.75,0.0,0.0,0.0
1fc251a0-f882-4231-82ee-14ee8bccc1a7,5b3bf46d-c71c-4fd2-89e4-8605da125f85,FixedDeposit,2025-03-05,Inactive,0.0,0.0,3.0,4.2
69246266-efce-4e89-8c8f-cad9936f5058,5b3bf46d-c71c-4fd2-89e4-8605da125f85,FixedDeposit,2023-04-07,Inactive,0.0,0.0,24.0,4.8
8840ddcd-2463-49de-bafa-133394de2624,cdffeb2d-d28e-4029-9691-6745d29ea897,Savings,2021-03-16,Active,396432.39,0.0,0.0,0.0
2e9a51a7-4ed5-491f-a3c6-09eaecc29212,cdffeb2d-d28e-4029-9691-6745d29ea897,Loan,2022-01-09,Inactive,0.0,1420.25,48.0,23.5
6c5e6a5a-354f-452e-a051-cb81bef11a61,cdffeb2d-d28e-4029-9691-6745d29ea897,FixedDeposit,2021-08-22,Inactive,0.0,0.0,3.0,0.5
b1f9b0a1-6efc-4712-9831-7500340825df,cdffeb2d-d28e-4029-9691-6745d29ea897,FixedDeposit,2023-10-27,Inactive,0.0,0.0,12.0,5.2
a3cc8d85-b760-4e82-b306-58094b357e54,cdffeb2d-d28e-4029-9691-6745d29ea897,FixedDeposit,2022-02-13,Inactive,0.0,0.0,24.0,3.0
d54f79fe-47a5-4687-9988-ffc2fbd348ef,86134350-46e1-4756-941c-084677557014,Savings,2024-07-12,Active,287449.5,0.0,0.0,0.0
ebe39dc5-906f-4d64-bde0-e33e714ff6fc,86134350-46e1-4756-941c-084677557014,Loan,2025-06-20,Active,365722.23,731444.43,12.0,17.8
f370ad4e-5115-4ef2-b4df-cf2227bf8d92,86134350-46e1-4756-941c-084677557014,FixedDeposit,2024-08-25,Active,54316.94,0.0,24.0,5.0
1c1c946f-b764-45cc-b749-2c00bfc9fea0,86134350-46e1-4756-941c-084677557014,FixedDeposit,2025-06-12,Active,65797.58,0.0,36.0,4.2
6b64850f-1011-4bea-864c-33ec073fc0cf,86134350-46e1-4756-941c-084677557014,FixedDeposit,2025-11-12,Active,67698.03,0.0,36.0,4.2
659e8b1b-6ce1-45e4-93eb-e69307c03680,e34d0210-59d9-4352-821e-2485f3db8d80,Savings,2020-04-26,Active,156513.16,0.0,0.0,0.0
6a523183-4042-4c00-bccc-5527bc9c9d98,e34d0210-59d9-4352-821e-2485f3db8d80,Loan,2023-03-07,Inactive,0.0,46709.66,12.0,12.0
73b7bbd2-8f48-4142-bb4b-ea2bde2b2df0,e34d0210-59d9-4352-821e-2485f3db8d80,FixedDeposit,2022-05-23,Inactive,0.0,0.0,12.0,2.8
889ad8c6-4f3e-4529-a7ed-71131efc6c18,e34d0210-59d9-4352-821e-2485f3db8d80,FixedDeposit,2021-11-18,Inactive,0.0,0.0,6.0,0.8
eb5f10bd-9b59-44b3-8624-533fdd29e76e,e34d0210-59d9-4352-821e-2485f3db8d80,FixedDeposit,2021-08-22,Inactive,0.0,0.0,12.0,1.0
d6154701-3e03-446f-a2ef-a9250c27644b,33706db5-1e89-4ed5-a08a-77ec5c34d5e4,Savings,2022-05-02,Active,227528.19,0.0,0.0,0.0
c2b5aa86-4318-4237-8549-4e60413d102a,33706db5-1e89-4ed5-a08a-77ec5c34d5e4,Loan,2025-02-26,Active,17372.09,29780.69,24.0,13.0
8c85c3a7-ea35-4bad-9ad3-9aca50466f4d,574bd083-0255-4f54-85b0-77e70a9bfacc,Savings,2020-03-03,Active,801952.21,0.0,0.0,0.0
aadb675f-1b22-4185-bb10-2e059d1ad670,574bd083-0255-4f54-85b0-77e70a9bfacc,FixedDeposit,2022-01-25,Inactive,0.0,0.0,36.0,3.2
627d7dc9-d1b9-448f-a9e1-b73649e7af55,574bd083-0255-4f54-85b0-77e70a9bfacc,FixedDeposit,2021-01-23,Inactive,0.0,0.0,24.0,1.2
1c4f1d35-9fb2-4c1e-bdbb-cdcd693c0f40,ed76d57d-db68-467e-ab67-e8effdaa9f74,Savings,2020-08-03,Active,476317.17,0.0,0.0,0.0
8c5ef4cc-1490-4319-8128-e0be91e0cbe4,ed76d57d-db68-467e-ab67-e8effdaa9f74,FixedDeposit,2022-11-06,Inactive,0.0,0.0,24.0,3.0
167daaa6-0e4d-485a-9936-cef4e298d6fa,c1fb2007-e66c-4a77-b925-11ad0515b3d9,Savings,2021-07-05,Active,6907.1,0.0,0.0,0.0
428488cb-99e8-4747-b3a1-a25f75d30d92,c1fb2007-e66c-4a77-b925-11ad0515b3d9,FixedDeposit,2024-07-29,Inactive,0.0,0.0,6.0,5.1
7dc83725-eeef-4fa3-9577-21c6dd3c79b6,c1fb2007-e66c-4a77-b925-11ad0515b3d9,FixedDeposit,2021-12-07,Inactive,0.0,0.0,12.0,1.0
19cabcd8-9cc3-45bd-8d09-09b440f75ded,7db1c8e7-c69c-4379-ae12-48bcc4f8333c,Savings,2020-06-12,Active,434576.02,0.0,0.0,0.0
6699eb18-6c5d-4589-a4e5-d805b9b8e62c,7db1c8e7-c69c-4379-ae12-48bcc4f8333c,Loan,2023-05-08,Active,22860.42,68581.7,48.0,12.2
9089f6b6-4d7e-4005-9793-3a2f5ad6cd95,7db1c8e7-c69c-4379-ae12-48bcc4f8333c,FixedDeposit,2025-05-30,Active,4409.05,0.0,24.0,4.5
1d84d109-9f08-4717-b9af-15e115cf64e9,84988a2f-948d-471b-900f-5faf9f533fd9,Savings,2020-01-22,Active,571737.72,0.0,0.0,0.0
fee52d08-8def-46a7-8582-74ec7526b26f,84988a2f-948d-471b-900f-5faf9f533fd9,FixedDeposit,2021-02-10,Inactive,0.0,0.0,12.0,1.0
c849c160-a70e-48d3-b7c3-b98edc0ebe0b,5d6477a5-fa1b-4cfd-9996-f580c56cc4fa,Savings,2020-04-04,Active,1292450.04,0.0,0.0,0.0
dc8f5a49-9114-4615-a310-3add43a17aac,5d6477a5-fa1b-4cfd-9996-f580c56cc4fa,Loan,2022-07-20,Inactive,0.0,8576.79,36.0,8.1
10087873-5e91-4d83-922e-51fb4c85f05e,5d6477a5-fa1b-4cfd-9996-f580c56cc4fa,Loan,2022-08-01,Inactive,0.0,2253.77,24.0,16.3
f2c8431a-7fe9-4043-967b-8f0c1e57fd65,5d6477a5-fa1b-4cfd-9996-f580c56cc4fa,FixedDeposit,2025-02-18,Active,50359.25,0.0,12.0,4.8
5010564e-6b1a-47c9-a3ac-6857b933be55,1cd1959c-89c2-4feb-9155-5bd9b7756da4,Savings,2023-03-29,Active,652771.64,0.0,0.0,0.0
1720468a-051b-4a41-a611-b91b1ccd0d84,1cd1959c-89c2-4feb-9155-5bd9b7756da4,Loan,2024-12-13,Active,155290.07,310580.03,24.0,14.3
224e50ec-352e-4824-bfdc-cb865a6b2ebe,1cd1959c-89c2-4feb-9155-5bd9b7756da4,FixedDeposit,2025-01-09,Inactive,0.0,0.0,3.0,4.2
67c9bb68-6673-4c94-ae9f-06622253ad18,1cd1959c-89c2-4feb-9155-5bd9b7756da4,FixedDeposit,2024-09-29,Inactive,0.0,0.0,12.0,5.3
eb01dafd-8a22-4af1-ae56-d59af70de41b,1cd1959c-89c2-4feb-9155-5bd9b7756da4,FixedDeposit,2024-11-04,Inactive,0.0,0.0,6.0,5.1
77ab4b2e-54fd-49bb-a20d-b7d7800a9134,fae78cbb-252a-4dae-b32d-6ef22ddaeabc,Savings,2023-10-29,Active,580475.27,0.0,0.0,0.0
cf967559-9869-4056-8712-294cc9f4dd2a,fae78cbb-252a-4dae-b32d-6ef22ddaeabc,Loan,2024-01-07,Active,39131.32,78262.6,48.0,13.5
04a4f1d8-60f4-4336-91eb-177d147d17e1,fae78cbb-252a-4dae-b32d-6ef22ddaeabc,Loan,2024-08-02,Active,355113.44,549853.03,48.0,16.2
0bbb83fd-e519-4d5a-928f-8c14db352e08,fae78cbb-252a-4dae-b32d-6ef22ddaeabc,FixedDeposit,2024-10-29,Inactive,0.0,0.0,12.0,5.3
a632c9f5-3189-43c4-b017-ba0b61d116cc,fae78cbb-252a-4dae-b32d-6ef22ddaeabc,FixedDeposit,2024-11-23,Inactive,0.0,0.0,3.0,4.8
e146e024-3910-4125-93de-6f4e177047cf,1f385e2d-9a67-4cde-9a8b-873f33a8742c,Savings,2025-07-07,Active,21016.64,0.0,0.0,0.0
6df989aa-6d3e-4f1f-b2ae-91f0905d1c74,1f385e2d-9a67-4cde-9a8b-873f33a8742c,Loan,2025-10-25,Active,66581.61,68877.53,60.0,14.6
e90b9f82-888b-423c-bb11-0f03d955ef13,1f385e2d-9a67-4cde-9a8b-873f33a8742c,Loan,2025-07-19,Active,13517.2,15697.4,36.0,14.9
1bd26fc7-23ed-47e9-ae94-94d403e66f9c,1f385e2d-9a67-4cde-9a8b-873f33a8742c,FixedDeposit,2025-11-28,Active,59302.41,0.0,24.0,4.5
5fdc741e-4ce9-4e66-af80-6a1ccea0471b,d2393a95-58bc-4ed2-969a-d8c712ed2852,Savings,2023-04-02,Active,235957.16,0.0,0.0,0.0
bf25389a-53c6-4556-95f6-0eca77d6ca3e,044445d3-2af4-4146-a5e3-6e345449b125,Savings,2022-06-03,Active,218524.67,0.0,0.0,0.0
59e48424-f10e-42f0-86de-5174d1cc48f5,6bc47165-891c-4b38-bd3e-1ef4efc4e2cb,Savings,2021-09-25,Active,334228.35,0.0,0.0,0.0
f8cae9a6-d74a-4ce9-bd0a-95ecaf0551da,6bc47165-891c-4b38-bd3e-1ef4efc4e2cb,FixedDeposit,2024-06-05,Inactive,0.0,0.0,12.0,5.3
cb86f466-997f-44a8-88ff-7d326bed7912,9b4e7baa-406d-46e3-9989-dc495b97a107,Savings,2021-05-19,Active,506283.95,0.0,0.0,0.0
5edd07a0-ec79-42bd-86bc-acb16b555de6,9b4e7baa-406d-46e3-9989-dc495b97a107,Loan,2022-03-24,Inactive,0.0,24992.62,12.0,22.6
08df6026-f3a6-4f95-b63c-4e7bc389ba81,9b4e7baa-406d-46e3-9989-dc495b97a107,Loan,2024-10-16,Active,8689.69,14219.41,36.0,12.8
a74c8a93-c50b-4274-a1da-84f21b39efb1,9b4e7baa-406d-46e3-9989-dc495b97a107,FixedDeposit,2021-10-11,Inactive,0.0,0.0,3.0,0.5
b91d4706-7221-46e9-85bd-068076c2b61c,9b4e7baa-406d-46e3-9989-dc495b97a107,FixedDeposit,2023-03-21,Active,50185.25,0.0,36.0,4.5
9b5f0519-5183-47b5-a55c-571681bc8f98,9b4e7baa-406d-46e3-9989-dc495b97a107,FixedDeposit,2021-10-06,Inactive,0.0,0.0,24.0,1.2
53c2a99e-6eb7-4d0c-a247-1fdec6741bcc,67b355b3-fb5e-46ec-b14f-a666730f52e8,Savings,2024-05-21,Active,173703.92,0.0,0.0,0.0
1a459d5f-ea29-4848-88cc-38078819c907,67b355b3-fb5e-46ec-b14f-a666730f52e8,Loan,2024-09-03,Active,352.7,1058.14,24.0,15.3
eee80a15-4974-410a-88a0-7a9964daad45,67b355b3-fb5e-46ec-b14f-a666730f52e8,Loan,2025-07-20,Active,9380.21,10893.16,36.0,8.1
07ee0f67-c977-45ef-83a4-09a49d776911,67b355b3-fb5e-46ec-b14f-a666730f52e8,FixedDeposit,2024-12-10,Active,18270.69,0.0,36.0,4.7
56571e1f-b0c4-4181-a864-94d91a131f71,66c5996d-2f61-4cb5-bd8c-20a7d48d5f9f,Savings,2024-10-17,Active,121638.45,0.0,0.0,0.0
5fc160a7-28a5-4f4c-9526-9ba43fc9912e,66c5996d-2f61-4cb5-bd8c-20a7d48d5f9f,Loan,2025-05-14,Active,21378.21,26538.47,36.0,11.4
d2ead3c8-0a34-49cf-8584-ae1f1974b0e8,66c5996d-2f61-4cb5-bd8c-20a7d48d5f9f,Loan,2025-09-24,Active,20238.37,26984.5,12.0,15.9
6c8e7a37-46f7-4cee-b45d-6409225728b0,109cafa6-6742-45e4-8fb1-3408cee2477c,Savings,2025-07-01,Active,31779.21,0.0,0.0,0.0
23e28bfd-7d31-451c-8ffa-c82758da3918,109cafa6-6742-45e4-8fb1-3408cee2477c,FixedDeposit,2025-09-20,Active,36362.41,0.0,36.0,4.2
9630c972-b18f-416c-9abf-95f5b1340a29,109cafa6-6742-45e4-8fb1-3408cee2477c,FixedDeposit,2025-07-11,Active,39295.32,0.0,24.0,4.5
bd6bc3d6-03f4-49a4-816b-d146f263a6c8,109cafa6-6742-45e4-8fb1-3408cee2477c,FixedDeposit,2025-08-12,Active,54936.76,0.0,6.0,4.5
2e90f42c-46dd-4094-8057-4518e7515ef5,7a3007ee-f163-4fbd-af12-259527c5db63,Savings,2020-12-13,Active,248414.69,0.0,0.0,0.0
c59ff358-f4b6-49e2-988a-091583482bed,7a3007ee-f163-4fbd-af12-259527c5db63,FixedDeposit,2023-12-06,Active,26675.65,0.0,36.0,4.5
2e8a71e2-b559-4254-8c38-9162c8c21257,0d10464a-fcd2-4a45-b5a0-9a0ba42c6485,Savings,2020-08-02,Active,338336.21,0.0,0.0,0.0
fca2c351-c5e9-45ad-b8f3-2ee648565029,0d10464a-fcd2-4a45-b5a0-9a0ba42c6485,Loan,2022-03-09,Inactive,0.0,7037.4,36.0,14.4
58d9f43e-0cf1-4365-9f4a-869c05e47a16,0d10464a-fcd2-4a45-b5a0-9a0ba42c6485,FixedDeposit,2023-04-10,Active,84644.44,0.0,36.0,4.5
91b87bc6-a9d3-4a2a-bbbf-84808a7fbade,eee40060-754b-4351-84c4-77f9241f3e45,Savings,2020-09-12,Active,754863.6,0.0,0.0,0.0
ad690559-a514-434a-9368-2374e4a9041b,eee40060-754b-4351-84c4-77f9241f3e45,FixedDeposit,2022-09-21,Inactive,0.0,0.0,24.0,3.0
83ca7cce-4a4c-4039-9a13-ac671fda51d4,eee40060-754b-4351-84c4-77f9241f3e45,FixedDeposit,2024-08-24,Inactive,0.0,0.0,6.0,5.1
22ee4543-0e77-4847-8d06-bfbb2b126005,eee40060-754b-4351-84c4-77f9241f3e45,FixedDeposit,2021-01-27,Inactive,0.0,0.0,36.0,1.4
3233ebbf-8169-4172-a5ef-f0b3c39b8dfd,602713f6-a0e1-4ba5-a02a-819234daf7a6,Savings,2021-05-02,Active,265967.07,0.0,0.0,0.0
5a15f31f-9838-4498-8398-4a9782b64a10,602713f6-a0e1-4ba5-a02a-819234daf7a6,Loan,2025-10-07,Active,5418.67,6502.41,12.0,7.6
06d2ef9f-d7c8-40d3-bde1-dd6813aab9c3,602713f6-a0e1-4ba5-a02a-819234daf7a6,FixedDeposit,2023-06-13,Inactive,0.0,0.0,3.0,4.5
8231bd11-3832-4f1d-804a-597dc7a079ce,602713f6-a0e1-4ba5-a02a-819234daf7a6,FixedDeposit,2023-03-18,Inactive,0.0,0.0,24.0,4.8
22f5adda-92c2-4a8c-a951-e627d42a1405,41f7922f-b042-41f7-aa96-e36177621b2a,Savings,2021-12-25,Active,133177.6,0.0,0.0,0.0
6163dbe8-b0e6-4c7b-9505-e8e144c2998b,41f7922f-b042-41f7-aa96-e36177621b2a,Loan,2024-08-17,Active,32002.64,57604.72,36.0,17.4
693778c8-0d1a-4881-869e-c664708c3fc7,41f7922f-b042-41f7-aa96-e36177621b2a,FixedDeposit,2023-05-07,Inactive,0.0,0.0,12.0,5.2
5cfadbbe-651b-4af0-942d-1298650cd0d2,41f7922f-b042-41f7-aa96-e36177621b2a,FixedDeposit,2024-12-31,Active,76676.09,0.0,36.0,4.7
faf840c9-40f0-4832-956d-fe1ec375eb44,2290af59-ba13-49ca-a034-d6c87597ad04,Savings,2022-05-26,Active,426828.11,0.0,0.0,0.0
b50f4476-545f-473d-8f8e-09eb26deefc9,2290af59-ba13-49ca-a034-d6c87597ad04,FixedDeposit,2024-11-18,Inactive,0.0,0.0,12.0,5.3
50d27a73-8a5e-4954-ba5e-f8572a3a6fcc,2290af59-ba13-49ca-a034-d6c87597ad04,FixedDeposit,2024-01-08,Inactive,0.0,0.0,3.0,4.8
5fc23023-22c9-4edf-9db6-33305cc74c2d,2290af59-ba13-49ca-a034-d6c87597ad04,FixedDeposit,2022-07-21,Inactive,0.0,0.0,36.0,3.2
a20a63b9-4e0a-4e7c-8149-2e48fcbbacc3,d4bd281f-d0fb-4324-8a89-35f1aa28256b,Savings,2023-03-06,Active,220856.38,0.0,0.0,0.0
fe18ccdb-9c24-4c65-820d-5f5afbd8d009,d4bd281f-d0fb-4324-8a89-35f1aa28256b,Loan,2024-05-30,Active,29750.16,43536.75,60.0,15.7
147db143-25f4-44e3-913d-0a95ca05b9c2,d4bd281f-d0fb-4324-8a89-35f1aa28256b,Loan,2025-02-10,Active,39014.67,49281.67,48.0,11.9
11821297-adef-4d8f-81e4-367dc90de80d,d4bd281f-d0fb-4324-8a89-35f1aa28256b,FixedDeposit,2023-10-02,Inactive,0.0,0.0,12.0,5.2
91a5f488-c5e5-48cc-b9e2-540def491be6,d4bd281f-d0fb-4324-8a89-35f1aa28256b,FixedDeposit,2024-12-21,Inactive,0.0,0.0,3.0,4.8
d4ee0fe4-cfd5-41f9-bcbb-38a49ef1ecae,412a3b26-520c-4aef-b2f4-5183099c58f1,Savings,2025-08-22,Active,103812.27,0.0,0.0,0.0
7cf2c405-2ada-4089-8675-9b295e63548b,412a3b26-520c-4aef-b2f4-5183099c58f1,Loan,2025-10-22,Active,95350.92,114421.1,12.0,18.7
12d7e8d1-6c39-476d-848e-78d534a744fd,412a3b26-520c-4aef-b2f4-5183099c58f1,FixedDeposit,2025-08-25,Active,86683.6,0.0,36.0,4.2
c6dbc9ff-65e6-4c9c-9e1e-8cb5c24fc36a,412a3b26-520c-4aef-b2f4-5183099c58f1,FixedDeposit,2025-09-28,Active,30242.83,0.0,36.0,4.2
5813b297-23b7-4c8f-974e-37ae7f03c252,cbdfa346-dcbc-469a-9c54-339ac609746a,Savings,2025-10-21,Active,24507.36,0.0,0.0,0.0
8c8b1bcc-ab04-4812-9906-426f20038f35,cbdfa346-dcbc-469a-9c54-339ac609746a,FixedDeposit,2025-10-28,Active,73307.47,0.0,6.0,4.5
f390e3a8-92c9-4be0-a05a-2d6d8434fbdf,17dff55f-a877-471f-a832-2c3c6e0be703,Savings,2025-06-28,Active,51934.59,0.0,0.0,0.0
5f035874-a023-4a4e-aa9d-2fe02cd19831,17dff55f-a877-471f-a832-2c3c6e0be703,FixedDeposit,2025-11-28,Active,69802.9,0.0,12.0,4.8
f41da0f8-98d1-46cc-a1c7-14c055570035,17dff55f-a877-471f-a832-2c3c6e0be703,FixedDeposit,2025-08-23,Active,12142.19,0.0,24.0,4.5
afc626c3-5749-4680-80b5-7fb41fa69aed,629057bf-f2d9-47c6-b9ca-08303e85a095,Savings,2022-06-18,Active,194011.56,0.0,0.0,0.0
3ce1d8c4-d7ea-473e-b1f4-d76a54c786e4,629057bf-f2d9-47c6-b9ca-08303e85a095,Loan,2022-09-14,Active,1138.92,3417.32,60.0,14.3
71c072fc-835d-4517-acab-a718ca2c2630,629057bf-f2d9-47c6-b9ca-08303e85a095,Loan,2025-05-22,Active,6321.6,15171.91,12.0,17.9
c5e22704-fbd0-4d1b-afc1-a55c716d118d,0b92e6ce-2b44-4e2c-ad1e-72c901fb3e62,Savings,2024-08-27,Active,60507.19,0.0,0.0,0.0
ebcffbab-bb05-46c8-95fa-3d7c1c4dda95,0b92e6ce-2b44-4e2c-ad1e-72c901fb3e62,Loan,2024-12-22,Active,17247.47,21559.31,60.0,18.3
b84934cb-3a7d-4da1-ab73-85908d313e65,0b92e6ce-2b44-4e2c-ad1e-72c901fb3e62,FixedDeposit,2025-06-26,Active,27138.22,0.0,24.0,4.5
e9c8fef9-58d8-4e8c-a971-ee5c392a31f1,0b92e6ce-2b44-4e2c-ad1e-72c901fb3e62,FixedDeposit,2025-11-10,Active,56343.19,0.0,24.0,4.5
f88c358b-bbed-471f-a985-83f34297963c,0b92e6ce-2b44-4e2c-ad1e-72c901fb3e62,FixedDeposit,2025-05-22,Inactive,0.0,0.0,3.0,4.2
cbcd1e82-0a79-43a4-9546-b62272f79b6e,2390dbb6-146e-4fd3-952c-790e4a508e72,Savings,2024-10-21,Active,341001.93,0.0,0.0,0.0
691692e3-0b58-4c18-a707-eb27d45caefe,2390dbb6-146e-4fd3-952c-790e4a508e72,Loan,2025-07-23,Active,489371.78,618153.83,24.0,17.2
895d9fca-8934-44cd-b3ec-8a1d7ecabc2c,2390dbb6-146e-4fd3-952c-790e4a508e72,FixedDeposit,2025-05-23,Active,40600.2,0.0,12.0,4.8
48e3fe5b-fc27-4d77-a6fe-bdc742c207af,2390dbb6-146e-4fd3-952c-790e4a508e72,FixedDeposit,2025-10-05,Active,80356.41,0.0,24.0,4.5
e731181d-aa73-42d6-8a57-6a9a84ef4b10,2390dbb6-146e-4fd3-952c-790e4a508e72,FixedDeposit,2025-09-19,Active,72047.61,0.0,36.0,4.2
18375d0e-5e84-4026-874f-fbc3e9e76750,add5b5ee-92c3-410b-ae41-0b39c3416a3e,Savings,2024-08-15,Active,48972.68,0.0,0.0,0.0
3bc66176-9329-4e9c-8d5f-a4ae06a09821,add5b5ee-92c3-410b-ae41-0b39c3416a3e,Loan,2025-07-16,Active,28304.09,32869.24,36.0,22.4
73a9f342-3002-45fa-8c3a-bbd6f5a1b2fe,a1632859-b091-401d-8857-b7370e6a25cd,Savings,2020-02-09,Active,610676.97,0.0,0.0,0.0
41f4600e-19a0-401d-90ae-3551c3c61a7e,a1632859-b091-401d-8857-b7370e6a25cd,Loan,2024-08-25,Active,9732.56,13271.6,60.0,21.0
32c7fe75-b357-49ec-bbc0-0b622db2ccf8,a1632859-b091-401d-8857-b7370e6a25cd,Loan,2025-04-29,Active,3353.13,4023.77,48.0,23.2
c17ca894-ee7b-4b62-94f6-4b1c54b32eef,a1632859-b091-401d-8857-b7370e6a25cd,FixedDeposit,2022-08-29,Inactive,0.0,0.0,3.0,1.5
6eb010c6-5a3b-46cb-b034-a921102814b9,a1632859-b091-401d-8857-b7370e6a25cd,FixedDeposit,2023-05-19,Inactive,0.0,0.0,3.0,4.5
e0b603e6-c55a-4ce4-aaaf-33664f862f6b,a1632859-b091-401d-8857-b7370e6a25cd,FixedDeposit,2022-12-11,Inactive,0.0,0.0,36.0,3.2
647ede1f-94aa-4c4e-852e-af4cfbe2c654,ae4c0198-3bac-4937-9a76-51c590fd0dbb,Savings,2023-09-09,Active,183322.97,0.0,0.0,0.0
a7b53350-7f38-4659-aa3a-ace3715548a2,ae4c0198-3bac-4937-9a76-51c590fd0dbb,Loan,2024-02-02,Active,46040.13,74659.72,60.0,20.1
b30a000f-7a45-497f-8b4b-e16107672ae7,ae4c0198-3bac-4937-9a76-51c590fd0dbb,Loan,2024-01-18,Active,31419.71,754074.65,24.0,14.0
70dd0bc4-95eb-43d0-81be-e51270d19565,15fc96c1-b3eb-4a7a-a866-8e92e88e1f28,Savings,2025-04-20,Active,9509.48,0.0,0.0,0.0
8f36ebf6-7191-44ad-8fc8-9bb4f4ca849b,15fc96c1-b3eb-4a7a-a866-8e92e88e1f28,FixedDeposit,2025-10-28,Active,16643.13,0.0,36.0,4.2
84b11284-b35c-43d2-9ad7-8f8422ee8922,15fc96c1-b3eb-4a7a-a866-8e92e88e1f28,FixedDeposit,2025-05-28,Active,23299.12,0.0,12.0,4.8
f59c036e-cdab-4e56-9b63-449d6871cc2d,15fc96c1-b3eb-4a7a-a866-8e92e88e1f28,FixedDeposit,2025-10-17,Active,57494.96,0.0,3.0,4.2
20a6be6d-5f3c-4ea6-8921-da20122366ca,15dc34a5-3f4d-4bad-8552-8a640797b2da,Savings,2025-02-17,Active,399694.96,0.0,0.0,0.0
f6d6af45-2c3c-4463-b4aa-b56ac009466a,15dc34a5-3f4d-4bad-8552-8a640797b2da,Loan,2025-06-03,Active,10928.95,12372.42,60.0,11.2
36535d1b-a85f-4a0d-ae36-b7896845ba46,15dc34a5-3f4d-4bad-8552-8a640797b2da,Loan,2025-03-10,Active,13013.19,15309.63,60.0,17.6
6f1bae38-ab3e-4d8e-a347-814c95be25ec,70b07349-c2e2-49cb-95bf-29ebf9ce7701,Savings,2023-05-12,Active,117464.46,0.0,0.0,0.0
d88424fe-28e6-453d-9e24-528bfa42965a,70b07349-c2e2-49cb-95bf-29ebf9ce7701,Loan,2024-06-14,Active,33580.32,53728.62,48.0,20.8
f45ca9ed-f525-42f9-974b-131267fb80f2,70b07349-c2e2-49cb-95bf-29ebf9ce7701,FixedDeposit,2025-05-23,Inactive,0.0,0.0,6.0,4.5
cecadad2-138c-4bb5-a0cb-720531076731,70b07349-c2e2-49cb-95bf-29ebf9ce7701,FixedDeposit,2025-02-25,Active,41033.46,0.0,24.0,4.5
2ff223f5-5ebb-4b47-814b-d5acd623062b,70b07349-c2e2-49cb-95bf-29ebf9ce7701,FixedDeposit,2024-02-01,Active,39885.24,0.0,36.0,4.7
2bbadff5-8271-4b93-96e3-b5141040741a,2e6d915c-6085-4243-880d-3d37a7d04c5a,Savings,2025-09-03,Active,35607.27,0.0,0.0,0.0
a455cfd2-9821-45f8-a10c-f84958a4696b,2e6d915c-6085-4243-880d-3d37a7d04c5a,Loan,2025-10-31,Active,10688.84,11317.6,36.0,22.8
1549f92f-cd28-468f-8a0d-a8ef1a0be52d,2e6d915c-6085-4243-880d-3d37a7d04c5a,Loan,2025-10-05,Active,6389.67,6667.49,48.0,23.9
fb2176c8-c24a-4d4c-924d-76ad35f3ee9b,2e6d915c-6085-4243-880d-3d37a7d04c5a,FixedDeposit,2025-10-16,Active,48681.98,0.0,24.0,4.5
0e03e699-daf4-40a3-82e7-05e449da1270,2e6d915c-6085-4243-880d-3d37a7d04c5a,FixedDeposit,2025-09-09,Active,10610.77,0.0,36.0,4.2
c86f7855-7d62-4e35-b970-62dc2fb63f47,da9f6584-840c-4767-b865-97c2e2e51ce4,Savings,2023-02-21,Active,153286.59,0.0,0.0,0.0
e02efaa8-cc68-45f6-ab50-06486e10cb2d,da9f6584-840c-4767-b865-97c2e2e51ce4,Loan,2023-09-11,Active,17138.81,32135.33,60.0,20.5
60ad960f-5f61-4e58-8e3a-5efde3cd7ff2,da9f6584-840c-4767-b865-97c2e2e51ce4,Loan,2023-12-07,Active,9026.58,15474.08,60.0,10.0
bb6309ba-e99f-4f49-a2b5-8244695b72f1,da9f6584-840c-4767-b865-97c2e2e51ce4,FixedDeposit,2024-10-29,Active,22465.46,0.0,36.0,4.7
7345a214-88bb-40e4-896c-2d5aa33fcdb7,da9f6584-840c-4767-b865-97c2e2e51ce4,FixedDeposit,2024-06-18,Active,21183.7,0.0,24.0,5.0
323281f1-3506-4dcd-bd33-aea9d31b2223,da9f6584-840c-4767-b865-97c2e2e51ce4,FixedDeposit,2025-02-14,Active,9166.37,0.0,36.0,4.2
78c544e8-0615-4e8b-aa7c-ee25e39b0aff,9c9e99fe-313b-47db-9e1d-ca2ba5583234,Savings,2023-01-30,Active,316708.75,0.0,0.0,0.0
acc5cf2a-8246-4d7f-99fd-775edfefc919,9c9e99fe-313b-47db-9e1d-ca2ba5583234,Loan,2023-05-15,Inactive,0.0,28267.57,12.0,23.7
b5dc400a-e221-45e5-bebd-2f371c3057c6,9c9e99fe-313b-47db-9e1d-ca2ba5583234,FixedDeposit,2023-07-20,Inactive,0.0,0.0,24.0,4.8
6b0e995e-34e0-4095-870f-0b0933122a77,dec0a8e1-35c9-46e3-a4f8-6d904cd9c352,Savings,2021-09-26,Active,314416.5,0.0,0.0,0.0
8a9ba15f-7ad0-4538-875f-872e87803b9d,dec0a8e1-35c9-46e3-a4f8-6d904cd9c352,FixedDeposit,2025-03-07,Inactive,0.0,0.0,6.0,4.5
4beebca5-97d7-4011-8e65-56d090f452ff,dec0a8e1-35c9-46e3-a4f8-6d904cd9c352,FixedDeposit,2021-09-28,Inactive,0.0,0.0,36.0,1.4
bab7b759-9831-477f-9818-44e30eff251b,dec0a8e1-35c9-46e3-a4f8-6d904cd9c352,FixedDeposit,2022-12-24,Inactive,0.0,0.0,12.0,2.8
ab953ddd-be85-4c69-948b-f5b0396035ef,ab194ae7-25f6-4c63-a391-6994117211e2,Savings,2024-07-10,Active,146313.39,0.0,0.0,0.0
08b14acf-caa0-4854-a9b5-e54863acca24,ab194ae7-25f6-4c63-a391-6994117211e2,Loan,2024-07-13,Active,8272.56,12809.18,48.0,8.0
77cc7359-ab45-4a46-9194-004883f0c204,4af73299-153d-4fcb-83eb-1f5057745bbb,Savings,2022-06-12,Active,328193.45,0.0,0.0,0.0
00750c3a-5e9a-48a1-93fa-5b115c281ba7,4af73299-153d-4fcb-83eb-1f5057745bbb,Loan,2025-01-24,Active,32396.59,46651.16,36.0,18.4
33e41cec-1ba1-4713-ad0a-ad1ca37a69ff,4af73299-153d-4fcb-83eb-1f5057745bbb,Loan,2025-04-16,Active,4943.73,5704.29,60.0,20.7
6acf250b-2719-4f30-a48a-99749255ab20,4af73299-153d-4fcb-83eb-1f5057745bbb,FixedDeposit,2022-08-19,Inactive,0.0,0.0,6.0,2.2
6705f991-c5c3-4d90-8c2c-62c510074c4c,4af73299-153d-4fcb-83eb-1f5057745bbb,FixedDeposit,2024-08-27,Inactive,0.0,0.0,3.0,4.8
89170402-2ff5-42d4-a5c0-8fa0a56dcd24,4af73299-153d-4fcb-83eb-1f5057745bbb,FixedDeposit,2022-07-19,Inactive,0.0,0.0,24.0,3.0
1ee06353-ea3b-4021-ab9f-b7250ca118c9,269c244c-be8b-44b2-84e5-e62eded622b7,Savings,2020-04-08,Active,738691.25,0.0,0.0,0.0
9e03b301-f25a-4df9-b243-fab0ab3bba6d,269c244c-be8b-44b2-84e5-e62eded622b7,Loan,2023-01-08,Inactive,0.0,12435.42,12.0,22.5
7399bfd3-dddc-45fb-a2d1-327e1447921d,269c244c-be8b-44b2-84e5-e62eded622b7,Loan,2024-09-05,Inactive,0.0,16696.21,12.0,14.1
c66c8460-cd2c-44a2-a988-f92ef701bc44,269c244c-be8b-44b2-84e5-e62eded622b7,FixedDeposit,2024-06-04,Inactive,0.0,0.0,6.0,5.1
9fdbe4d1-17ed-499a-8349-86fa4b57d606,269c244c-be8b-44b2-84e5-e62eded622b7,FixedDeposit,2021-02-17,Inactive,0.0,0.0,6.0,0.8
aeb574aa-e13f-49e1-9693-44910afae2c5,5f19cfeb-f93e-4f9d-94f2-f055734126e9,Savings,2020-07-05,Active,578307.27,0.0,0.0,0.0
6674c515-2292-4d51-b4ba-89563ffc5807,5f19cfeb-f93e-4f9d-94f2-f055734126e9,FixedDeposit,2023-11-30,Inactive,0.0,0.0,3.0,4.5
591b74d6-bf76-494c-b4b2-ebef9a519b71,5f19cfeb-f93e-4f9d-94f2-f055734126e9,FixedDeposit,2021-01-24,Inactive,0.0,0.0,12.0,1.0
682a8c88-c735-4643-b295-e0cdfa105e45,5f19cfeb-f93e-4f9d-94f2-f055734126e9,FixedDeposit,2020-08-08,Inactive,0.0,0.0,24.0,1.2
8a98431c-89a7-4d64-bb56-eb73047fa79e,cf8a9d66-f689-4dbe-be7b-422f7a3e3cd5,Savings,2020-08-01,Active,406852.11,0.0,0.0,0.0
a9e10393-33b6-4948-a0e8-1ca9b9b1841d,cf8a9d66-f689-4dbe-be7b-422f7a3e3cd5,FixedDeposit,2021-12-31,Inactive,0.0,0.0,3.0,0.5
c8cc4677-bd91-40d4-a79a-26d468729bc7,cf8a9d66-f689-4dbe-be7b-422f7a3e3cd5,FixedDeposit,2024-07-15,Active,51705.24,0.0,36.0,4.7
aff2b3c3-a355-4be0-be53-aca4d15f409f,b05e9e0b-fb33-4acd-a891-116d8de4e378,Savings,2025-02-13,Active,128342.8,0.0,0.0,0.0
5e8269da-e51b-4881-82d2-3c6d0bcdac00,b05e9e0b-fb33-4acd-a891-116d8de4e378,Loan,2025-03-14,Active,22897.6,30530.14,36.0,23.0
c07e1b45-5093-426f-842b-50b5ff75885a,b05e9e0b-fb33-4acd-a891-116d8de4e378,Loan,2025-05-16,Active,12349.19,14457.59,48.0,23.1
44600465-2909-4d7b-9c69-c6cf51aaa2b2,ac1ddf90-145e-4868-ad9e-cb1e0da11f3b,Savings,2025-10-26,Active,6484.86,0.0,0.0,0.0
330c6979-63c6-4782-87df-dabfff72a65d,ac1ddf90-145e-4868-ad9e-cb1e0da11f3b,Loan,2025-10-29,Active,39399.2,41716.8,36.0,22.4
168dce84-c76a-45c1-a6f6-abedf48a88e2,ac1ddf90-145e-4868-ad9e-cb1e0da11f3b,FixedDeposit,2025-11-07,Active,28602.16,0.0,6.0,4.5
7537b8d1-f823-4ea1-baab-bf65eea07b00,ac1ddf90-145e-4868-ad9e-cb1e0da11f3b,FixedDeposit,2025-11-20,Active,5300.81,0.0,3.0,4.2
5d914909-1b1f-4eb3-9913-600f95d1f155,99f570fd-feb7-4085-976a-048419714eed,Savings,2025-08-10,Active,28490.04,0.0,0.0,0.0
22f670a6-cb64-46b4-902d-12cb1e787569,b99f2289-bb21-4983-a875-c47892954a41,Savings,2020-10-12,Active,186723.93,0.0,0.0,0.0
ae2ee52a-16d0-4a91-b599-ebee3cd4637a,b99f2289-bb21-4983-a875-c47892954a41,Loan,2022-06-14,Active,2574.51,24715.21,48.0,17.7
9c2ebd59-9b25-4b65-84d3-0eca0777ac21,b99f2289-bb21-4983-a875-c47892954a41,FixedDeposit,2024-08-20,Inactive,0.0,0.0,12.0,5.3
4bd9d1db-79b9-4946-977a-b11994fe93e3,b99f2289-bb21-4983-a875-c47892954a41,FixedDeposit,2024-04-12,Active,46833.61,0.0,36.0,4.7
ea4325d4-3f8d-4abb-86a5-2e9789b1ae5e,b99f2289-bb21-4983-a875-c47892954a41,FixedDeposit,2020-11-29,Inactive,0.0,0.0,12.0,1.0
ad239153-0078-481f-bfbd-c3cb337cbb53,37d130d9-1deb-4333-8394-e2adba905a8c,Savings,2024-04-18,Active,45904.56,0.0,0.0,0.0
815f0205-00ae-475e-8c0d-84b02d1f28f3,37d130d9-1deb-4333-8394-e2adba905a8c,Loan,2024-09-11,Active,23335.35,31113.9,60.0,21.2
67454288-ddfc-4b4e-88f5-5a948aa4d341,37d130d9-1deb-4333-8394-e2adba905a8c,FixedDeposit,2024-06-07,Active,59001.38,0.0,24.0,5.0
a74312a1-0729-4681-ba85-dc5073155432,37d130d9-1deb-4333-8394-e2adba905a8c,FixedDeposit,2025-01-15,Active,16426.51,0.0,12.0,4.8
83780026-d7f0-4883-a172-8714f838f47a,94918c27-dd4f-400a-951f-67dd055525b0,Savings,2024-07-12,Active,81940.58,0.0,0.0,0.0
97db4247-fda8-4327-b2b4-fcc6a9033b03,94918c27-dd4f-400a-951f-67dd055525b0,FixedDeposit,2025-10-03,Active,70004.71,0.0,12.0,4.8
593fe3dd-8886-4722-9d6c-0d3b84fde342,94918c27-dd4f-400a-951f-67dd055525b0,FixedDeposit,2025-09-04,Inactive,0.0,0.0,3.0,4.2
7f5a4554-f75c-4c86-a14b-a14a14a4f1de,192ce654-0205-44f1-b901-272c8646509f,Savings,2020-09-19,Active,507587.61,0.0,0.0,0.0
ed53f158-3b46-419d-aa39-02eeadccbe25,192ce654-0205-44f1-b901-272c8646509f,Loan,2025-01-09,Active,9419.52,11534.05,60.0,12.5
d7e82e48-c3d9-440a-a29a-8d5e77076f39,192ce654-0205-44f1-b901-272c8646509f,Loan,2023-07-09,Active,1131.58,6788.68,36.0,21.2
b46cc38c-7be7-419f-9840-394b201c1453,6d3025c9-1403-483f-afd2-6be5ae0a609e,Savings,2024-12-30,Active,46797.68,0.0,0.0,0.0
18cec302-36f6-4ff6-a00f-b735fd72ae17,6d3025c9-1403-483f-afd2-6be5ae0a609e,FixedDeposit,2025-12-01,Active,65689.37,0.0,36.0,4.2
ba7eef94-3968-41d0-8fb3-7fd5da09e613,6d3025c9-1403-483f-afd2-6be5ae0a609e,FixedDeposit,2025-10-04,Active,59704.74,0.0,36.0,4.2
240bb87b-5963-487b-a3f1-d13353ee6ba8,4c864763-8062-463b-b055-2d5e0270e4b8,Savings,2023-06-12,Active,160127.07,0.0,0.0,0.0
388f6c4b-62fb-48cf-8b5c-969d97145426,13058c28-444d-46fd-acad-f5d46619cb86,Savings,2023-07-11,Active,228457.82,0.0,0.0,0.0
e1486b56-d8f3-4b3d-8550-07aa1d430ae4,13058c28-444d-46fd-acad-f5d46619cb86,Loan,2025-02-14,Active,23625.1,40500.1,24.0,20.0
cb55464e-41a2-4452-8d2d-905c84d1e6bb,cfa4864f-967b-4bd5-a1cc-4a029c7a8499,Savings,2022-12-11,Active,75901.15,0.0,0.0,0.0
37b91e20-0d27-4397-bfaa-cd23fd9830f0,cfa4864f-967b-4bd5-a1cc-4a029c7a8499,Loan,2024-04-30,Active,11962.29,71773.49,12.0,10.5
8ac6f0b3-5bb3-4919-a466-5b137defbbc4,cfa4864f-967b-4bd5-a1cc-4a029c7a8499,Loan,2023-02-14,Active,15791.58,35092.62,60.0,10.3
31550c7c-5d2a-48fb-aab4-6fb2b3460362,cfa4864f-967b-4bd5-a1cc-4a029c7a8499,FixedDeposit,2025-11-21,Active,49180.36,0.0,24.0,4.5
0b474a02-9d92-4efe-988e-455ba50ba9c0,ec093160-6b2d-4b16-aea0-950ec46cd0cd,Savings,2024-05-15,Active,234426.6,0.0,0.0,0.0
c297e39d-25e8-4f74-a8fb-8d6a4b88c543,ec093160-6b2d-4b16-aea0-950ec46cd0cd,Loan,2025-08-22,Active,10537.5,15806.26,12.0,7.5
8b59fbca-d029-40fb-9758-6d7ce85ac56c,ec093160-6b2d-4b16-aea0-950ec46cd0cd,FixedDeposit,2024-06-08,Inactive,0.0,0.0,6.0,5.1
aaf7c222-12ec-429a-89fc-ecd7e1ff770c,ec093160-6b2d-4b16-aea0-950ec46cd0cd,FixedDeposit,2025-10-16,Active,57653.67,0.0,12.0,4.8
865fc79d-3727-4ecb-9b49-80796fedc935,64e32936-6089-4bd1-89e9-c3228f8a419b,Savings,2020-01-13,Active,692911.1,0.0,0.0,0.0
8c25891a-f021-4658-acbf-a53e33425f03,64e32936-6089-4bd1-89e9-c3228f8a419b,Loan,2021-12-16,Inactive,0.0,9381.96,48.0,10.4
31ba404b-59a9-4fb4-bd5d-6bc6291600c4,64e32936-6089-4bd1-89e9-c3228f8a419b,Loan,2023-03-06,Active,3470.18,11898.1,48.0,13.4
6cf8f869-0e44-45f7-9632-efb3218acebf,64e32936-6089-4bd1-89e9-c3228f8a419b,FixedDeposit,2023-07-17,Inactive,0.0,0.0,6.0,5.0
14ff7474-d849-47e8-abca-ad6e28633165,64e32936-6089-4bd1-89e9-c3228f8a419b,FixedDeposit,2024-11-18,Active,78003.32,0.0,36.0,4.7
1f9dfaf0-b819-4248-8d92-5d047d183dcb,64e32936-6089-4bd1-89e9-c3228f8a419b,FixedDeposit,2020-02-03,Inactive,0.0,0.0,6.0,0.8
dc82922a-2cf6-4e19-ac98-c0402225f5fd,29264549-d2eb-4764-972b-534e70b8f6d4,Savings,2024-11-20,Active,131067.95,0.0,0.0,0.0
ddfdea68-91a0-44af-ad8d-84044c4b9f72,29264549-d2eb-4764-972b-534e70b8f6d4,Loan,2025-01-28,Active,1066.32,1305.68,60.0,11.8
b9ae8c67-2c2a-4a9b-ab1f-7c525a9fa9ab,29264549-d2eb-4764-972b-534e70b8f6d4,FixedDeposit,2025-02-08,Active,38602.78,0.0,24.0,4.5
5533c081-7a0d-4c6a-a6ca-ec43feffa191,29264549-d2eb-4764-972b-534e70b8f6d4,FixedDeposit,2025-09-30,Active,97700.26,0.0,36.0,4.2
7c54de48-3f72-4069-8a1d-05847fdcfad7,29264549-d2eb-4764-972b-534e70b8f6d4,FixedDeposit,2025-07-17,Active,94848.48,0.0,36.0,4.2
126f0216-a43a-426c-b5be-c34d2cf6e49a,a32baf72-3d8b-49d5-8e54-04ae53809ae6,Savings,2025-01-24,Active,219576.79,0.0,0.0,0.0
e920fd56-f9a4-48db-b236-54b21f2c3b29,d51fd95f-66c4-4343-8b34-b0d1db845910,Savings,2023-03-13,Active,363593.55,0.0,0.0,0.0
3d5318de-7d68-4783-ba1e-aa275126057c,d51fd95f-66c4-4343-8b34-b0d1db845910,Loan,2025-07-27,Active,9292.21,10790.96,36.0,18.7
5875735e-1265-4ac0-a7fd-996cbea8ad9d,d51fd95f-66c4-4343-8b34-b0d1db845910,FixedDeposit,2023-04-07,Inactive,0.0,0.0,12.0,5.2
d12f9f32-5c12-4bf5-8523-d57b416c7907,d51fd95f-66c4-4343-8b34-b0d1db845910,FixedDeposit,2025-06-14,Active,40704.37,0.0,36.0,4.2
79ed91d5-d185-46e6-acf1-06af86f2e6d4,c096cbd2-632b-489a-b601-a387926a8d6f,Savings,2022-11-12,Active,325160.17,0.0,0.0,0.0
046cc0b7-36d0-4ff0-9763-4e98b8fd7bee,c096cbd2-632b-489a-b601-a387926a8d6f,Loan,2025-09-18,Active,56424.88,64485.58,24.0,17.7
402d431f-990f-442b-b28a-c892404ec15b,c096cbd2-632b-489a-b601-a387926a8d6f,Loan,2024-02-12,Active,5408.49,64901.77,24.0,11.5
a053b8fa-9253-4e81-a674-2b4dc5a3da7f,c096cbd2-632b-489a-b601-a387926a8d6f,FixedDeposit,2023-09-02,Inactive,0.0,0.0,12.0,5.2
3dd2190d-0287-440e-99ae-f91cd875f232,c096cbd2-632b-489a-b601-a387926a8d6f,FixedDeposit,2024-03-03,Active,10593.25,0.0,24.0,5.0
bee1dcc1-4d17-475e-91a9-8f5fd5e0a28f,c096cbd2-632b-489a-b601-a387926a8d6f,FixedDeposit,2024-09-22,Active,77540.64,0.0,36.0,4.7
5d8294e2-e7d0-4b07-bd37-d5e2485c9abc,8894ecb0-58f2-443b-bda3-555583495b0f,Savings,2023-12-18,Active,443210.57,0.0,0.0,0.0
20e5490c-9494-4316-a0f1-2c37ea689314,8894ecb0-58f2-443b-bda3-555583495b0f,Loan,2025-08-31,Active,7069.13,10603.69,12.0,17.4
926cdb68-63d8-4d8b-86e4-de9290986864,8894ecb0-58f2-443b-bda3-555583495b0f,FixedDeposit,2025-05-22,Inactive,0.0,0.0,6.0,4.5
315820a6-73b5-4371-9d92-4352b8b9c161,e9e10d1c-457e-4cfb-8b17-6db2c4afe6d9,Savings,2024-07-02,Active,22814.42,0.0,0.0,0.0
a0dd4882-de3a-4a93-bf36-1d834bf8ea5a,b5232291-8b95-4fdc-bffd-55c9aba03f1c,Savings,2020-05-08,Active,566154.14,0.0,0.0,0.0
10ee2003-da47-48a4-86c4-a4f8a3610caf,b5232291-8b95-4fdc-bffd-55c9aba03f1c,FixedDeposit,2025-01-07,Inactive,0.0,0.0,6.0,4.5
69b6d502-6803-4eaf-83c3-4f53270f7848,b5232291-8b95-4fdc-bffd-55c9aba03f1c,FixedDeposit,2021-03-13,Inactive,0.0,0.0,12.0,1.0
59f4de9e-de5b-4177-9bef-06a267394099,b5232291-8b95-4fdc-bffd-55c9aba03f1c,FixedDeposit,2025-06-28,Inactive,0.0,0.0,3.0,4.2
6761d7e0-e4c0-4596-bbed-45209209dbff,886f029f-c00d-4721-8f76-b7a65d53d7d3,Savings,2021-01-26,Active,408854.96,0.0,0.0,0.0
e6178981-88f4-4141-b3f8-08237c89e310,886f029f-c00d-4721-8f76-b7a65d53d7d3,Loan,2022-04-14,Inactive,0.0,2140.68,12.0,9.4
5e2a6ab1-5471-458e-bbe0-2cec83bd6376,886f029f-c00d-4721-8f76-b7a65d53d7d3,Loan,2021-04-20,Active,164.69,3297.98,60.0,14.3
1c6c644b-3eb4-4109-9879-dbdd3d145792,7d2fbb45-7771-439e-b7bf-fc2bb3640890,Savings,2023-09-28,Active,171059.68,0.0,0.0,0.0
c035f5cf-87f4-4d9c-85e5-21ec38a0f217,7d2fbb45-7771-439e-b7bf-fc2bb3640890,Loan,2024-11-28,Inactive,0.0,59102.38,12.0,17.9
67ba6cad-7187-4016-888e-b31a12c13310,7d2fbb45-7771-439e-b7bf-fc2bb3640890,Loan,2024-02-23,Active,9831.94,18151.46,48.0,19.7
1e7261d6-ab93-46a3-8007-bcd9cbb486ba,dcf7a0f5-5c45-44d4-935a-ab69f32cd495,Savings,2024-06-12,Active,222212.79,0.0,0.0,0.0
8f6b0d9d-1765-4fd5-8ea1-79cf514234d2,dcf7a0f5-5c45-44d4-935a-ab69f32cd495,Loan,2025-10-14,Active,10241.41,10686.69,48.0,24.0
9ce08050-258e-4647-934f-f0aa0d55f20d,dcf7a0f5-5c45-44d4-935a-ab69f32cd495,FixedDeposit,2025-04-17,Inactive,0.0,0.0,3.0,4.2
2d6edd09-e030-402e-881a-8abd01654d1e,485a771f-7938-4f25-b6be-a164c6c6e1c0,Savings,2024-11-22,Active,71861.35,0.0,0.0,0.0
6ef8cdde-213c-422f-bedb-aba739600515,485a771f-7938-4f25-b6be-a164c6c6e1c0,Loan,2025-02-04,Active,11998.92,14692.49,60.0,14.8
5b289925-c060-4194-b2d5-abc4f09f7311,485a771f-7938-4f25-b6be-a164c6c6e1c0,FixedDeposit,2025-04-27,Active,36690.67,0.0,12.0,4.8
a6903d7d-6966-45a3-8aa0-3476e6c61e2d,11ab2abe-be97-4d29-a1b4-54bf7757c1e8,Savings,2024-10-14,Active,81941.41,0.0,0.0,0.0
320f7291-abcb-4ec4-bf4a-8c059b1d3e1f,11ab2abe-be97-4d29-a1b4-54bf7757c1e8,Loan,2024-11-13,Active,10633.16,14582.56,48.0,12.3
d1f168c2-db23-4969-aa83-9deafd01565c,11ab2abe-be97-4d29-a1b4-54bf7757c1e8,FixedDeposit,2025-08-20,Active,61987.09,0.0,24.0,4.5
38f44897-4290-4c88-b20b-e9e8d01e094e,11ab2abe-be97-4d29-a1b4-54bf7757c1e8,FixedDeposit,2025-11-12,Active,23378.33,0.0,24.0,4.5
938c1d9e-8377-4795-b4d1-07599e70d602,11ab2abe-be97-4d29-a1b4-54bf7757c1e8,FixedDeposit,2025-02-19,Active,76780.95,0.0,12.0,4.8
65900b2e-fedb-49b2-94b4-b9e0cbf9d458,8203681f-c33e-4ed4-a9c6-5d223b108df3,Savings,2022-08-04,Active,370903.34,0.0,0.0,0.0
742193c5-3643-478a-a916-25eebe3193dd,8203681f-c33e-4ed4-a9c6-5d223b108df3,Loan,2023-04-05,Inactive,0.0,117184.77,24.0,10.9
37a3767e-1aa7-43e9-8f66-1184a960f60d,8203681f-c33e-4ed4-a9c6-5d223b108df3,FixedDeposit,2025-02-24,Active,46574.41,0.0,12.0,4.8
e8608304-37c0-4ce3-af8a-107da84ee485,357c7935-5a53-4438-aa41-09a475c88f44,Savings,2022-12-04,Active,178676.64,0.0,0.0,0.0
8bc06f64-cf39-46f3-a55b-79f4f67e8918,357c7935-5a53-4438-aa41-09a475c88f44,Loan,2024-02-03,Inactive,0.0,69156.87,12.0,8.5
1b82f1ae-8c88-4a8c-b466-16c19ecc95e7,357c7935-5a53-4438-aa41-09a475c88f44,Loan,2024-07-13,Active,36542.94,69239.21,36.0,14.5
1a2afe21-9712-4ab4-8dd7-9980532f94fc,357c7935-5a53-4438-aa41-09a475c88f44,FixedDeposit,2023-07-20,Inactive,0.0,0.0,12.0,5.2
f1e4f4ad-825a-4e28-b0f3-a35ddaded064,f908dee7-bfb1-4cf9-aa7e-8dd7fd7921e3,Savings,2023-08-03,Active,187863.91,0.0,0.0,0.0
c440f364-94ee-4061-8307-fd3f06f26136,f908dee7-bfb1-4cf9-aa7e-8dd7fd7921e3,Loan,2024-10-06,Active,3798.62,5064.92,60.0,15.6
7cb1c21f-6892-405f-87ce-e1ff3d1760fb,f908dee7-bfb1-4cf9-aa7e-8dd7fd7921e3,Loan,2024-02-01,Active,19563.67,54176.14,36.0,9.9
a097b75b-5e40-45ee-bc9f-3d25468397be,f908dee7-bfb1-4cf9-aa7e-8dd7fd7921e3,FixedDeposit,2024-09-05,Active,89131.3,0.0,36.0,4.7
3ba14969-b77d-4e71-b5a7-cb00932371d0,f908dee7-bfb1-4cf9-aa7e-8dd7fd7921e3,FixedDeposit,2024-11-08,Inactive,0.0,0.0,3.0,4.8
001a4c3d-28eb-4cc8-b926-f6fe570e575b,3ce394e3-cec5-404d-a7ee-964b8c2b4d93,Savings,2023-12-15,Active,190818.24,0.0,0.0,0.0
c912ec35-7f05-433e-a8bb-48d48b2ead14,3ce394e3-cec5-404d-a7ee-964b8c2b4d93,FixedDeposit,2025-06-07,Inactive,0.0,0.0,6.0,4.5
0ac2cefa-116e-4875-a8d5-20e32707acd6,ed652fe9-54d4-4b14-91f7-b97e450c8055,Savings,2021-05-31,Active,272579.58,0.0,0.0,0.0
caf2d473-0ba6-4c9c-904f-8030d974f63f,fdcdf527-e59d-485e-b20c-d083b01be301,Savings,2020-10-02,Active,863898.92,0.0,0.0,0.0
eb1ee374-626d-44e2-bcea-c27ab5c015df,fdcdf527-e59d-485e-b20c-d083b01be301,Loan,2022-01-07,Inactive,0.0,14232.25,36.0,11.6
82998703-e8bc-42fa-b0be-78394dad8672,fdcdf527-e59d-485e-b20c-d083b01be301,FixedDeposit,2021-12-19,Inactive,0.0,0.0,3.0,0.5
89ed5ad1-e01a-456e-8e2a-099c29c4dd44,fdcdf527-e59d-485e-b20c-d083b01be301,FixedDeposit,2025-03-22,Inactive,0.0,0.0,6.0,4.5
2890e4c5-5b70-4167-96eb-554cce65d4d2,ae04406d-dc26-4ddc-91d2-238530e5eff2,Savings,2020-12-07,Active,364024.78,0.0,0.0,0.0
7f2a1e23-eff1-4fa9-8da9-8a4218e76e38,ae04406d-dc26-4ddc-91d2-238530e5eff2,Loan,2023-02-24,Active,18757.09,337625.75,36.0,15.1
4a2e1d45-6676-4736-9776-4b6273328b28,ae04406d-dc26-4ddc-91d2-238530e5eff2,Loan,2024-09-27,Active,15069.49,25833.34,36.0,22.8
72188fcb-7c34-4252-ac24-fde88f4ae537,ae04406d-dc26-4ddc-91d2-238530e5eff2,FixedDeposit,2021-07-22,Inactive,0.0,0.0,6.0,0.8
209ee181-09e5-4360-baee-007299a3d0be,bd1677ba-8966-456f-af3c-3ba8ff943c9e,Savings,2024-04-07,Active,154536.36,0.0,0.0,0.0
2bc2d35e-0e3d-4c16-b7a5-d5747fb72d5b,bd1677ba-8966-456f-af3c-3ba8ff943c9e,Loan,2025-07-24,Active,34742.95,37901.4,60.0,7.9
815e21d3-4040-482f-9a3c-43d293234d99,dfe3fcb4-8a98-41e5-afef-901f8fa5d3cc,Savings,2021-12-04,Active,296905.53,0.0,0.0,0.0
cba51f39-e760-44d0-ab44-caedab587ce4,dfe3fcb4-8a98-41e5-afef-901f8fa5d3cc,FixedDeposit,2025-08-16,Active,7690.89,0.0,36.0,4.2
3f21f81a-e5dd-413f-af4f-6f05e1982936,686b0d2a-993a-4d24-9868-8ccc08f22a4e,Savings,2022-11-01,Active,68109.52,0.0,0.0,0.0
6b67d4fa-f5ae-4df3-8b0b-842a3b67ca33,686b0d2a-993a-4d24-9868-8ccc08f22a4e,FixedDeposit,2025-06-09,Inactive,0.0,0.0,3.0,4.2
5eb3844a-3065-4d87-a6bc-791a1fecc131,686b0d2a-993a-4d24-9868-8ccc08f22a4e,FixedDeposit,2023-01-01,Inactive,0.0,0.0,12.0,5.2
e69e8205-aab1-497b-bdd4-bf059ee9d482,d666b82b-00b2-47fe-b9cb-e4628395ee79,Savings,2023-06-26,Active,209672.39,0.0,0.0,0.0
6cf8f151-7f86-45ab-bf31-0ec14f2da30c,d666b82b-00b2-47fe-b9cb-e4628395ee79,FixedDeposit,2025-05-05,Active,79151.93,0.0,12.0,4.8
66f3471f-87ef-4ed1-b817-dcf6be2bcfe9,d666b82b-00b2-47fe-b9cb-e4628395ee79,FixedDeposit,2023-08-29,Inactive,0.0,0.0,12.0,5.2
75b5b8c4-3d47-468d-b7bf-b543f5239143,0c303295-e725-4c27-859c-bbb278962202,Savings,2022-03-26,Active,701286.15,0.0,0.0,0.0
bb0f5dba-d583-4030-9c11-08809b71dabc,0c303295-e725-4c27-859c-bbb278962202,FixedDeposit,2025-01-21,Inactive,0.0,0.0,3.0,4.2
b9f66298-f9f8-424d-b248-0fb36f43a529,0c303295-e725-4c27-859c-bbb278962202,FixedDeposit,2024-12-18,Inactive,0.0,0.0,12.0,5.3
02830bea-492c-4fe3-887b-81bf68889688,0c303295-e725-4c27-859c-bbb278962202,FixedDeposit,2022-11-18,Inactive,0.0,0.0,36.0,3.2
86446d0f-12e5-4564-906d-80863c48a396,3e44c697-f2ca-41c3-bd2f-700284db28ae,Savings,2020-04-10,Active,527325.56,0.0,0.0,0.0
0e22024a-a68d-44ae-a0a3-ad177a44d490,3e44c697-f2ca-41c3-bd2f-700284db28ae,Loan,2021-04-26,Inactive,0.0,20334.19,36.0,6.9
ff51f6a9-0c44-4ff3-b433-aa02f7511c6e,3e44c697-f2ca-41c3-bd2f-700284db28ae,Loan,2024-03-04,Inactive,0.0,12168.2,12.0,21.7
1f9a6042-5428-43e7-bc84-f4d101d8fdeb,7b3eaa81-5e57-4bc1-9f40-a1e350e4d2fd,Savings,2024-03-29,Active,348924.93,0.0,0.0,0.0
934d3e1e-051a-4b19-b37c-eda616a72076,7b3eaa81-5e57-4bc1-9f40-a1e350e4d2fd,Loan,2024-05-20,Active,1139.18,2412.18,36.0,21.3
09968b68-8747-4d86-b4ff-fbb1eb31cc87,7b3eaa81-5e57-4bc1-9f40-a1e350e4d2fd,FixedDeposit,2024-06-13,Active,74567.62,0.0,24.0,5.0
cea16405-9b1e-4425-bb32-94464f9d1806,7b3eaa81-5e57-4bc1-9f40-a1e350e4d2fd,FixedDeposit,2025-05-18,Active,85867.86,0.0,12.0,4.8
49b2d691-0a68-4149-885c-a0ea1fd44601,7b3eaa81-5e57-4bc1-9f40-a1e350e4d2fd,FixedDeposit,2024-04-04,Inactive,0.0,0.0,12.0,5.3
046de84a-be2f-450b-9e7d-247ab23462d8,bf0ffb67-ae09-49d8-a5a3-10ecd3964f94,Savings,2022-03-24,Active,118453.7,0.0,0.0,0.0
dfba6a71-cd14-4b17-92a5-b28c9406dae1,bf0ffb67-ae09-49d8-a5a3-10ecd3964f94,Loan,2023-09-25,Inactive,0.0,10752.46,12.0,17.4
4a74f0ad-2215-4ad4-820b-94c806257dcc,bf0ffb67-ae09-49d8-a5a3-10ecd3964f94,Loan,2022-04-11,Inactive,0.0,52355.61,12.0,6.9
c04b90d2-b0cb-4e71-88d4-b578053b133c,bf0ffb67-ae09-49d8-a5a3-10ecd3964f94,FixedDeposit,2025-11-19,Active,29548.25,0.0,12.0,4.8
57dbad45-4cd5-489b-b3d7-7f14707019bc,bf0ffb67-ae09-49d8-a5a3-10ecd3964f94,FixedDeposit,2024-02-21,Active,2211.78,0.0,24.0,5.0
2d7914e8-d482-4025-9919-2dbebf6f7fbe,416f2ce0-09b7-42a7-8ea8-09187b9cdcb7,Savings,2025-07-29,Active,99510.0,0.0,0.0,0.0
ee59bf80-debf-4be7-b52a-76cb1ded51c6,416f2ce0-09b7-42a7-8ea8-09187b9cdcb7,FixedDeposit,2025-10-01,Inactive,0.0,0.0,3.0,4.2
9ceb9aa8-5119-4780-90b0-bb7327635ef6,b4ea3bc1-308a-46b4-98d6-f10c085dfcd5,Savings,2023-08-17,Active,109869.5,0.0,0.0,0.0
230482ea-fb9d-48b0-b5c6-80456e4b2f45,b4ea3bc1-308a-46b4-98d6-f10c085dfcd5,FixedDeposit,2023-09-08,Active,43914.04,0.0,36.0,4.5
2a9fd09b-8585-45b0-bae7-e51dd062372b,b4ea3bc1-308a-46b4-98d6-f10c085dfcd5,FixedDeposit,2024-11-06,Inactive,0.0,0.0,6.0,5.1
3b5a7623-24f5-4b48-a48a-5bc0b02fee32,b4ea3bc1-308a-46b4-98d6-f10c085dfcd5,FixedDeposit,2024-10-03,Active,23582.87,0.0,36.0,4.7
5f770927-9772-4336-ba9a-806d8ddafccf,4e796413-736c-4272-a38a-deb5fee65746,Savings,2020-04-10,Active,278469.34,0.0,0.0,0.0
10a93c16-21b5-4868-ad92-ce55011f65de,4e796413-736c-4272-a38a-deb5fee65746,Loan,2021-11-01,Inactive,0.0,35718.17,12.0,20.5
8466378a-9146-48ff-990d-8fb05b293e54,4e796413-736c-4272-a38a-deb5fee65746,Loan,2022-09-24,Inactive,0.0,25442.5,24.0,20.5
4909895d-fbe9-4455-999c-199dea833dcd,4e796413-736c-4272-a38a-deb5fee65746,FixedDeposit,2021-01-30,Inactive,0.0,0.0,12.0,1.0
ded40931-bd02-4daa-874f-0f00141de625,4e796413-736c-4272-a38a-deb5fee65746,FixedDeposit,2021-12-03,Inactive,0.0,0.0,6.0,0.8
83309fce-8314-4701-852a-a5de8ead3bc7,4e796413-736c-4272-a38a-deb5fee65746,FixedDeposit,2021-10-22,Inactive,0.0,0.0,36.0,1.4
26868269-3138-4e5f-8737-159869578f45,bd40fc1a-dcd4-49e4-8300-df5bf583326a,Savings,2021-09-14,Active,412538.19,0.0,0.0,0.0
b94cd943-fc3d-4873-807e-0348c4e8d16f,bd40fc1a-dcd4-49e4-8300-df5bf583326a,Loan,2025-07-12,Active,14707.05,17079.15,36.0,7.2
868a3e40-b5a4-458a-975a-783f3f488fea,bd40fc1a-dcd4-49e4-8300-df5bf583326a,FixedDeposit,2025-03-13,Active,44695.71,0.0,36.0,4.2
db8feccd-8daa-4340-9afb-8ce04e4b0ff5,bd40fc1a-dcd4-49e4-8300-df5bf583326a,FixedDeposit,2022-09-06,Inactive,0.0,0.0,24.0,3.0
7dc7f411-7e79-4084-90f6-5c9a74399a1c,bd40fc1a-dcd4-49e4-8300-df5bf583326a,FixedDeposit,2023-03-13,Active,95232.55,0.0,36.0,4.5
cc1fff05-7c80-4898-94ad-eb48d1f2f07e,fd0d2cfa-4902-4a23-9b71-7052cf7c86e1,Savings,2023-06-26,Active,176710.08,0.0,0.0,0.0
16c7a51d-891f-4027-b9ca-5870916ac434,fd0d2cfa-4902-4a23-9b71-7052cf7c86e1,FixedDeposit,2024-11-14,Active,8955.05,0.0,24.0,5.0
48382f74-d259-45f3-9776-bd8a2a5dedc3,cfc52ba1-e807-48dc-812a-b395093072e1,Savings,2024-10-18,Active,217546.98,0.0,0.0,0.0
af11867b-e938-4baa-b3f9-acb3bbd3bb98,cfc52ba1-e807-48dc-812a-b395093072e1,Loan,2025-01-19,Active,15025.9,18399.05,60.0,20.5
9a9c25c7-8c0a-490f-aeea-530a1f030249,cfc52ba1-e807-48dc-812a-b395093072e1,Loan,2025-03-03,Active,15569.51,18683.41,60.0,11.4
f9eee873-bb2e-4858-a16c-73b51fdf4337,b993dd91-2ea5-4560-9e00-51bb6058f0ce,Savings,2022-05-20,Active,154920.86,0.0,0.0,0.0
cbd94600-45d2-4c3e-bfdd-0900b8d263ad,b993dd91-2ea5-4560-9e00-51bb6058f0ce,FixedDeposit,2025-06-10,Inactive,0.0,0.0,3.0,4.2
0f781f7a-8657-4652-bc4e-16fc434612ea,0c3e1f83-d600-4bc8-943b-5ef61636580f,Savings,2021-11-27,Active,44349.8,0.0,0.0,0.0
bc4196a4-1d6e-44f9-995d-aab5955df960,0c3e1f83-d600-4bc8-943b-5ef61636580f,Loan,2023-05-20,Inactive,0.0,47807.79,24.0,22.6
663f02ab-a740-4922-b67b-85d73cd83e60,0c3e1f83-d600-4bc8-943b-5ef61636580f,Loan,2021-12-08,Inactive,0.0,35223.01,12.0,13.7
5748df1d-4eb0-4982-bdbf-ca935b3c310f,0c3e1f83-d600-4bc8-943b-5ef61636580f,FixedDeposit,2022-04-22,Inactive,0.0,0.0,6.0,2.2
7acfd9e3-620c-421f-a80e-168d1cf25245,0c3e1f83-d600-4bc8-943b-5ef61636580f,FixedDeposit,2025-10-09,Active,83433.53,0.0,3.0,4.2
2ef52bc2-c3da-41d5-a1aa-fa0b73643f2d,0c3e1f83-d600-4bc8-943b-5ef61636580f,FixedDeposit,2022-12-15,Inactive,0.0,0.0,24.0,3.0
c273cf14-0ede-46cf-930b-ea68c9747861,f9aae20e-612f-4ae7-b40d-8b7adc9a6035,Savings,2023-10-22,Active,61763.93,0.0,0.0,0.0
c8583b61-80d4-4427-9099-cc30247142a0,f9aae20e-612f-4ae7-b40d-8b7adc9a6035,Loan,2025-10-18,Active,50463.72,52657.8,48.0,13.9
8489cadd-9430-4f16-a324-259963166179,f9aae20e-612f-4ae7-b40d-8b7adc9a6035,Loan,2025-09-12,Active,35543.27,37912.82,48.0,18.6
235501b4-1ba1-48dd-bb30-76f74c1a666e,f9aae20e-612f-4ae7-b40d-8b7adc9a6035,FixedDeposit,2023-10-24,Inactive,0.0,0.0,6.0,5.0
3e668e09-2d39-4bd9-a679-c01b1d1010ac,f9aae20e-612f-4ae7-b40d-8b7adc9a6035,FixedDeposit,2024-02-09,Active,81304.61,0.0,36.0,4.7
0246a38e-c015-4413-83d7-3c8498b42f8c,f1671a91-dc57-4683-933a-2d560289302c,Savings,2025-04-26,Active,108708.65,0.0,0.0,0.0
4ae34458-5db3-4720-b43a-f74dd2a68fbc,f1671a91-dc57-4683-933a-2d560289302c,Loan,2025-07-11,Active,13350.43,14902.83,48.0,19.9
44cdfdbf-a069-465c-aa94-6aa28e6379a2,f1671a91-dc57-4683-933a-2d560289302c,FixedDeposit,2025-08-07,Inactive,0.0,0.0,3.0,4.2
57c9df87-3ed4-40c5-9075-a2aeb6f6b0f3,f1671a91-dc57-4683-933a-2d560289302c,FixedDeposit,2025-09-24,Inactive,0.0,0.0,3.0,4.2
e2958b20-bab0-413e-a3db-15e7472c477c,f1671a91-dc57-4683-933a-2d560289302c,FixedDeposit,2025-06-07,Active,62050.73,0.0,24.0,4.5
3fe3bfe6-c0de-443e-887b-60b720510abb,912c6114-330b-4cee-9c63-02e37bf27988,Savings,2024-01-07,Active,25563.42,0.0,0.0,0.0
82b8fc8a-6dbb-4b4d-8354-bc709ef24c32,912c6114-330b-4cee-9c63-02e37bf27988,FixedDeposit,2024-03-30,Inactive,0.0,0.0,3.0,4.8
88937020-e93f-4995-9382-3b6384f2b167,c0eb9fb8-f119-4011-bd07-5c51957b4193,Savings,2020-07-25,Active,330619.89,0.0,0.0,0.0
ed503df5-1ada-4ea3-8926-5cb0895569c4,c0eb9fb8-f119-4011-bd07-5c51957b4193,Loan,2023-12-19,Inactive,0.0,5198.44,24.0,9.7
93ce6501-6373-43ee-ac93-85b27018add1,c0eb9fb8-f119-4011-bd07-5c51957b4193,Loan,2020-08-12,Inactive,0.0,11456.29,60.0,11.9
4d63582e-dd13-4b0a-9c24-80b4a4b83145,c0eb9fb8-f119-4011-bd07-5c51957b4193,FixedDeposit,2021-04-18,Inactive,0.0,0.0,12.0,1.0
0d3c293b-f503-4247-84e6-398260aae1be,c0eb9fb8-f119-4011-bd07-5c51957b4193,FixedDeposit,2022-10-14,Inactive,0.0,0.0,3.0,1.5
efa3b802-bb20-4db8-8b73-e01681864261,a7af23ab-d9a2-4806-b986-4dbaa8e078b7,Savings,2024-09-17,Active,491726.37,0.0,0.0,0.0
0546486e-9286-451e-bec0-dcd593ac732f,a7af23ab-d9a2-4806-b986-4dbaa8e078b7,FixedDeposit,2025-06-26,Active,61374.31,0.0,24.0,4.5
f4c2e5f3-633e-4495-a348-818a74565ad3,a7af23ab-d9a2-4806-b986-4dbaa8e078b7,FixedDeposit,2025-11-21,Active,21882.4,0.0,12.0,4.8
7e966c50-2cf8-446f-84d9-638a2b56980d,87587817-bf05-4a69-a490-63c07f57af2d,Savings,2025-07-12,Active,63786.85,0.0,0.0,0.0
c45897e2-f911-4a42-a7da-4f31dccdae75,87587817-bf05-4a69-a490-63c07f57af2d,Loan,2025-09-18,Active,353424.21,471232.29,12.0,14.3
3f01152b-f5a2-47d9-a60a-524603b0b0d8,87587817-bf05-4a69-a490-63c07f57af2d,Loan,2025-10-20,Active,25683.77,28018.65,24.0,10.0
b04ea643-6876-48bd-a751-d9ba1933044f,414e5f2f-ad31-49b6-9afb-996efa5f164c,Savings,2022-12-16,Active,662608.53,0.0,0.0,0.0
e4cf964e-7cdd-40a6-adca-0930583599ab,414e5f2f-ad31-49b6-9afb-996efa5f164c,Loan,2025-02-23,Active,493849.82,683792.02,36.0,15.6
83ebad17-79af-4b78-a6f4-3687f0d06540,414e5f2f-ad31-49b6-9afb-996efa5f164c,Loan,2025-03-11,Active,14338.68,57354.72,12.0,11.7
3367f95c-56dd-4c87-9440-5dd1fd70393a,414e5f2f-ad31-49b6-9afb-996efa5f164c,FixedDeposit,2023-07-13,Inactive,0.0,0.0,12.0,5.2
21f4716b-76d3-402c-bb4a-b1eb172b8791,414e5f2f-ad31-49b6-9afb-996efa5f164c,FixedDeposit,2024-03-19,Inactive,0.0,0.0,3.0,4.8
91cbbff6-fc97-4303-ab4b-32bb9a107584,414e5f2f-ad31-49b6-9afb-996efa5f164c,FixedDeposit,2024-02-18,Active,29955.11,0.0,24.0,5.0
4230dcd9-9eda-4004-a4de-e0b1955c7489,0621ec1e-68e4-432b-9231-bea7df755460,Savings,2024-08-03,Active,140728.44,0.0,0.0,0.0
2c16e3b6-783e-4112-b545-c5ff4be28129,d165ce5b-8034-46a3-aa89-1c3e3ffc8fa0,Savings,2021-08-23,Active,233981.86,0.0,0.0,0.0
b56b150a-b324-4e73-a71c-1c2e2f5582e4,d165ce5b-8034-46a3-aa89-1c3e3ffc8fa0,FixedDeposit,2025-09-19,Inactive,0.0,0.0,3.0,4.2
4890ee29-b74f-48e6-849b-c9e1cd5d27ea,2a038492-507f-447b-9315-04b961a5cd0e,Savings,2023-12-28,Active,15774.94,0.0,0.0,0.0
72f4fff1-bae4-464d-973d-07a94eb3bd2e,2a038492-507f-447b-9315-04b961a5cd0e,Loan,2024-05-21,Active,174823.26,289362.67,48.0,9.9
2582949f-d393-460f-b320-b6a1f0247d26,2a038492-507f-447b-9315-04b961a5cd0e,Loan,2025-03-12,Active,29985.67,35277.31,60.0,10.0
a1bb5413-1e9d-46a0-97f9-5dae98599d3c,2a038492-507f-447b-9315-04b961a5cd0e,FixedDeposit,2024-08-27,Active,83153.13,0.0,24.0,5.0
3c5d74e1-e20a-4b8f-9bbc-b5cf158d2b01,c9c4eaa0-aac3-4caf-b915-a1fe0eb3ba32,Savings,2020-01-24,Active,794118.77,0.0,0.0,0.0
5fdc1def-80f5-4814-a803-01794973e492,c9c4eaa0-aac3-4caf-b915-a1fe0eb3ba32,Loan,2020-12-17,Inactive,0.0,10411.57,36.0,6.7
25ad792c-9930-4db5-b904-46a3360d6b21,c9c4eaa0-aac3-4caf-b915-a1fe0eb3ba32,FixedDeposit,2020-08-09,Inactive,0.0,0.0,12.0,1.0
40b0016f-0b03-4045-8868-8b90d92eaa7b,c9c4eaa0-aac3-4caf-b915-a1fe0eb3ba32,FixedDeposit,2020-06-06,Inactive,0.0,0.0,24.0,1.2
c4ce914b-25c1-4a9f-bf16-72622526a7f9,c9c4eaa0-aac3-4caf-b915-a1fe0eb3ba32,FixedDeposit,2024-12-30,Active,22028.32,0.0,24.0,5.0
3cd18500-4fec-4aa5-af8f-eeaa738bb4df,0aee7850-fb55-4bc3-bc2a-b66bf752a5a0,Savings,2021-12-03,Active,173903.8,0.0,0.0,0.0
1c35122d-3993-47f5-b3fb-bebafd5df3f6,0aee7850-fb55-4bc3-bc2a-b66bf752a5a0,FixedDeposit,2023-01-06,Inactive,0.0,0.0,12.0,5.2
d64b6fe2-247d-4206-ba6c-849c997aad39,e85c6743-3a25-4090-be3e-857844181b80,Savings,2023-08-16,Active,285477.21,0.0,0.0,0.0
bf5cb3ae-b6f4-49c7-bcee-0c140c842030,e85c6743-3a25-4090-be3e-857844181b80,Loan,2024-12-24,Active,2738.05,32857.15,12.0,8.8
e9f80d4e-c27e-42ce-b761-ddbeeee86de3,e85c6743-3a25-4090-be3e-857844181b80,FixedDeposit,2025-06-17,Active,82149.93,0.0,36.0,4.2
b84e57de-1962-443d-9d34-0618fbfb0923,e85c6743-3a25-4090-be3e-857844181b80,FixedDeposit,2025-03-06,Active,18279.38,0.0,24.0,4.5
6ea464c3-083a-488d-a55d-c90a4352f68d,5125e106-34b3-4f11-858b-09d78fc2a52c,Savings,2021-06-01,Active,257488.28,0.0,0.0,0.0
428e3ac5-c31e-4d66-ba73-48def253062a,5125e106-34b3-4f11-858b-09d78fc2a52c,Loan,2025-01-17,Active,487.42,5849.26,12.0,17.3
4800ddd5-0827-462d-92fc-7fc84ba7762b,5125e106-34b3-4f11-858b-09d78fc2a52c,Loan,2021-12-05,Inactive,0.0,9900.6,12.0,18.4
4729c025-0348-495d-b63e-f1513aeb1a81,5125e106-34b3-4f11-858b-09d78fc2a52c,FixedDeposit,2023-03-26,Inactive,0.0,0.0,12.0,5.2
e4a6e4dd-3880-4f0b-aea7-174f67d09d1e,5125e106-34b3-4f11-858b-09d78fc2a52c,FixedDeposit,2025-01-15,Inactive,0.0,0.0,6.0,4.5
26941d54-d104-4dad-b318-b8827d15055c,5125e106-34b3-4f11-858b-09d78fc2a52c,FixedDeposit,2022-11-20,Inactive,0.0,0.0,6.0,2.2
90bba287-251e-4574-8e0b-55c2e56e0725,19e965e9-9752-4f37-b8a1-d85bbc8d9780,Savings,2020-05-07,Active,662467.14,0.0,0.0,0.0
d80dbd57-3d1f-4ddd-88a7-05808deb2452,8693956b-b7ce-42f8-bfe6-d157c5175129,Savings,2021-01-12,Active,338869.14,0.0,0.0,0.0
f4200637-58f3-4787-83d0-03ee5d41c09c,8693956b-b7ce-42f8-bfe6-d157c5175129,FixedDeposit,2021-08-30,Inactive,0.0,0.0,6.0,0.8
047d4466-e377-4a3b-88ff-d229b37db56a,8693956b-b7ce-42f8-bfe6-d157c5175129,FixedDeposit,2025-09-20,Active,62648.59,0.0,36.0,4.2
fade9ab5-753b-4883-bf5f-8350c34d0d19,31077741-a81a-4d54-8bb3-1decf425b4e5,Savings,2020-03-03,Active,117317.04,0.0,0.0,0.0
10261805-52fa-45d0-a9b6-907fa963d545,31077741-a81a-4d54-8bb3-1decf425b4e5,Loan,2022-12-23,Active,11004.33,44017.41,48.0,7.1
15f44781-cda9-43fe-95d9-528029767ec4,31077741-a81a-4d54-8bb3-1decf425b4e5,Loan,2024-10-26,Active,8240.4,11633.44,48.0,19.9
6b590fcb-bbc7-4e3e-bbb3-3aa9865a0027,c93d9723-5c7f-4a5e-b750-7b885068f02d,Savings,2024-08-29,Active,116647.82,0.0,0.0,0.0
8d2ce84e-9aa3-495a-8109-2e5f164dbdc7,c93d9723-5c7f-4a5e-b750-7b885068f02d,FixedDeposit,2024-10-07,Active,70866.08,0.0,24.0,5.0
66c6526a-0889-4813-8551-52ccad89446f,c93d9723-5c7f-4a5e-b750-7b885068f02d,FixedDeposit,2025-11-27,Active,67611.28,0.0,3.0,4.2
85785e07-e73d-4a20-9dff-a76d2366b44d,9761af44-c01a-4dea-840c-a8b8a7c68c4a,Savings,2021-04-12,Active,436968.87,0.0,0.0,0.0
8a4c1427-14fc-48e5-ad28-6aabcc8eb78f,9761af44-c01a-4dea-840c-a8b8a7c68c4a,Loan,2024-04-14,Active,4715.56,28292.96,24.0,13.1
25b15962-ac4f-4677-bcad-21691e2e58d9,9761af44-c01a-4dea-840c-a8b8a7c68c4a,FixedDeposit,2021-04-21,Inactive,0.0,0.0,24.0,1.2
1951ed95-b54d-45ab-be72-7f109479b85e,8d3e4880-6b07-494d-b27a-b58968cc3812,Savings,2021-09-01,Active,163846.01,0.0,0.0,0.0
d657f344-4d66-489f-a502-08036a79ebcd,8d3e4880-6b07-494d-b27a-b58968cc3812,Loan,2023-12-17,Active,17282.15,51846.71,36.0,18.0
9fc93a77-ef04-4d49-9551-931bcd489011,e5f9d33b-64d6-488f-bb17-58c5bd3d3182,Savings,2020-02-15,Active,436844.35,0.0,0.0,0.0
eef9ca26-d202-405f-ac70-472dd262eccd,e5f9d33b-64d6-488f-bb17-58c5bd3d3182,Loan,2025-06-14,Active,5856.44,7027.76,36.0,16.8
4c76ecf6-686e-47e4-8d16-fedb646ca7c3,ea400295-9c70-4e77-a213-23cdd9de5fc3,Savings,2021-08-29,Active,479219.52,0.0,0.0,0.0
b10f91f0-ca08-4f9d-b922-959f14b76738,ea400295-9c70-4e77-a213-23cdd9de5fc3,Loan,2024-08-07,Active,10830.55,20521.06,36.0,7.8
3198a6a2-9215-49f2-8781-3ffafeb75afa,920f510e-d492-4f2f-9828-49451e586d20,Savings,2021-12-04,Active,115642.92,0.0,0.0,0.0
dbb1f6f7-c828-483a-988a-50ad577e365a,920f510e-d492-4f2f-9828-49451e586d20,FixedDeposit,2022-10-21,Inactive,0.0,0.0,24.0,3.0
ac9f1eb5-52a6-4357-b3c6-7ab1f0e7073b,6b36c9d4-e56c-45da-b3bc-ba4043e18bd8,Savings,2021-12-10,Active,11246.52,0.0,0.0,0.0
b298704a-d64b-4b82-bd7f-f364f73ffba4,6b36c9d4-e56c-45da-b3bc-ba4043e18bd8,Loan,2023-09-01,Active,97673.23,351623.55,36.0,16.8
0a7c5e94-7ecb-4f35-942b-959531d49a0b,6b36c9d4-e56c-45da-b3bc-ba4043e18bd8,Loan,2023-05-30,Active,767.99,5528.66,36.0,8.7
61df40ca-0c0c-4839-a72f-aaaa4d7dffa0,6b36c9d4-e56c-45da-b3bc-ba4043e18bd8,FixedDeposit,2023-12-02,Active,8358.41,0.0,36.0,4.5
c91b0846-f32b-4587-9cf9-16780209d282,6b36c9d4-e56c-45da-b3bc-ba4043e18bd8,FixedDeposit,2022-10-14,Inactive,0.0,0.0,6.0,2.2
685c330a-1d71-44b2-8262-5a06618416ac,6b36c9d4-e56c-45da-b3bc-ba4043e18bd8,FixedDeposit,2023-03-04,Active,91456.97,0.0,36.0,4.5
db6a5e2c-b598-43db-8d79-aa414b3124c8,b4a88e2d-8725-4db0-a9ee-5546301d4aa9,Savings,2023-10-06,Active,107242.39,0.0,0.0,0.0
6125c64d-16dd-4b18-82af-1921127e1b9c,b4a88e2d-8725-4db0-a9ee-5546301d4aa9,Loan,2025-07-29,Active,34438.44,38442.89,48.0,19.3
4e27d6d6-0f32-485e-8036-7b572adae00c,b4a88e2d-8725-4db0-a9ee-5546301d4aa9,Loan,2024-06-22,Active,11064.45,22128.87,36.0,6.9
ae3d265e-41eb-486e-86de-d7fe7d686301,b4a88e2d-8725-4db0-a9ee-5546301d4aa9,FixedDeposit,2025-07-30,Active,15598.96,0.0,12.0,4.8
681c26f1-473f-4068-a1d0-5a7a26777cc2,b4a88e2d-8725-4db0-a9ee-5546301d4aa9,FixedDeposit,2025-11-08,Active,37872.73,0.0,24.0,4.5
2f7d3816-81a9-480f-a6a3-4d902938f6c2,d076ba50-7861-4804-a472-09c51567b527,Savings,2020-05-23,Active,622256.17,0.0,0.0,0.0
adde48b9-e55a-4e14-8c8c-4cc3b4128233,d076ba50-7861-4804-a472-09c51567b527,Loan,2023-01-01,Inactive,0.0,314457.7,36.0,12.6
562c4196-0cd5-47ba-9295-f59b8289c9b0,d076ba50-7861-4804-a472-09c51567b527,Loan,2021-01-10,Inactive,0.0,353222.12,12.0,15.2
1253c529-a968-449e-9530-faca5b8e804b,a7540b66-73f2-4d27-bd7d-f7230f2ee585,Savings,2021-01-11,Active,467112.66,0.0,0.0,0.0
4412d06e-b37c-4ff1-9a35-c60db2849d38,a7540b66-73f2-4d27-bd7d-f7230f2ee585,Loan,2022-07-19,Inactive,0.0,11474.74,24.0,14.1
c26a560c-3475-4583-8a89-937a608edfbf,a7540b66-73f2-4d27-bd7d-f7230f2ee585,Loan,2023-08-04,Active,6418.2,33007.72,36.0,17.6
82051d93-bb51-41f7-b0c6-1c6d991c10fe,ebd10969-37f4-4161-8d94-275c946542ed,Savings,2022-06-06,Active,390926.39,0.0,0.0,0.0
a6637332-8d87-455f-9408-a19439953784,ebd10969-37f4-4161-8d94-275c946542ed,Loan,2022-09-28,Active,1864.67,9943.91,48.0,22.8
7ac61e9c-7708-4eb0-b76d-6ac989108601,87ff2ec6-8dfb-4e65-8e40-6077954aa952,Savings,2023-04-10,Active,319657.18,0.0,0.0,0.0
97185285-5f51-4914-814c-e4d5dca7b539,87ff2ec6-8dfb-4e65-8e40-6077954aa952,Loan,2023-10-15,Active,19760.61,43114.07,48.0,13.9
6a062d9a-44ba-4643-8a04-62871716ab4f,87ff2ec6-8dfb-4e65-8e40-6077954aa952,FixedDeposit,2023-07-25,Inactive,0.0,0.0,6.0,5.0
1f85f4b6-9bdf-418c-976c-6bad3f645e95,87ff2ec6-8dfb-4e65-8e40-6077954aa952,FixedDeposit,2024-05-03,Inactive,0.0,0.0,3.0,4.8
d3157cc6-14ae-44a8-bf8c-c924f9c49e3f,87ff2ec6-8dfb-4e65-8e40-6077954aa952,FixedDeposit,2025-06-24,Active,8938.72,0.0,36.0,4.2
026ca993-ea57-4e91-9f18-0209a3b1d68c,13c9819c-7d8a-4e00-82a2-69d231cffabe,Savings,2022-07-10,Active,562411.83,0.0,0.0,0.0
a6d699af-66df-4530-885b-e5e0a2c9a6f9,13c9819c-7d8a-4e00-82a2-69d231cffabe,Loan,2022-09-08,Inactive,0.0,5893.18,36.0,11.9
fc916c63-8107-4583-b8b5-42457b986890,13c9819c-7d8a-4e00-82a2-69d231cffabe,Loan,2023-09-26,Inactive,0.0,2551.61,24.0,8.6
4873d9a0-c170-4fe2-8586-228714f05293,13c9819c-7d8a-4e00-82a2-69d231cffabe,FixedDeposit,2025-05-29,Active,68795.86,0.0,12.0,4.8
f3987993-112f-40ce-bf10-dca8d656c9b8,13c9819c-7d8a-4e00-82a2-69d231cffabe,FixedDeposit,2022-07-28,Inactive,0.0,0.0,12.0,2.8
444b3ac3-5023-411b-ba78-656c31ad5106,13c9819c-7d8a-4e00-82a2-69d231cffabe,FixedDeposit,2025-02-23,Active,29494.78,0.0,36.0,4.2
88453255-473a-4f44-8fe0-be6be11c5ab6,6972cd64-8b7a-4ccc-a5e7-82d7c3a8350b,Savings,2023-05-13,Active,187862.3,0.0,0.0,0.0
ca119e41-5b5e-4897-bdb8-40da817eb8d3,6972cd64-8b7a-4ccc-a5e7-82d7c3a8350b,Loan,2025-02-22,Active,34524.62,41429.52,60.0,22.4
dfb1885e-eaca-4289-9891-fb6fcf6509fe,6972cd64-8b7a-4ccc-a5e7-82d7c3a8350b,Loan,2023-09-05,Inactive,0.0,20841.83,12.0,20.4
a8278ab1-3bbb-460a-8551-36c7be08323b,c1d3abb9-73ce-4740-9abe-cf2ca286240f,Savings,2020-06-21,Active,50676.53,0.0,0.0,0.0
706ea63d-e47f-4830-9bb9-36722a2f1aee,c1d3abb9-73ce-4740-9abe-cf2ca286240f,FixedDeposit,2025-10-28,Active,23261.82,0.0,6.0,4.5
022d910c-511d-4676-ac00-b14b1ba96636,405d1383-35c2-48fc-a40e-e8621367b71c,Savings,2022-08-05,Active,256499.82,0.0,0.0,0.0
0a933e57-f3f1-4bf6-8f87-9985b2941ba2,405d1383-35c2-48fc-a40e-e8621367b71c,Loan,2024-09-08,Active,44468.71,59291.71,60.0,11.9
53cff988-41fc-42f1-8fda-14c4aef92805,e58e07a7-63c7-475b-907a-533b71a434ed,Savings,2021-11-22,Active,16148.0,0.0,0.0,0.0
84275128-22b4-4ef9-a8c1-9def4a2c4c30,e58e07a7-63c7-475b-907a-533b71a434ed,Loan,2025-08-27,Active,16535.56,18897.79,24.0,15.3
27577e3a-4c0c-4d7f-8ebb-028be8191b92,e58e07a7-63c7-475b-907a-533b71a434ed,FixedDeposit,2025-10-01,Active,9498.09,0.0,12.0,4.8
129e7804-1503-4c69-b52b-da335d01c813,e58e07a7-63c7-475b-907a-533b71a434ed,FixedDeposit,2024-01-26,Inactive,0.0,0.0,6.0,5.1
5460a3c3-5395-44dc-9a6d-4e0d94a1d8a8,e28f1e85-6a79-48e5-af94-34f4c5ceb0ae,Savings,2021-01-11,Active,271664.87,0.0,0.0,0.0
11c26046-f32f-45f1-89d6-9cc2b70107a5,e28f1e85-6a79-48e5-af94-34f4c5ceb0ae,Loan,2025-07-06,Active,10595.36,18163.46,12.0,17.4
daa14de4-64a6-4dc3-93f9-7acc1ed254b5,e28f1e85-6a79-48e5-af94-34f4c5ceb0ae,FixedDeposit,2021-07-21,Inactive,0.0,0.0,36.0,1.4
2e196271-c79c-4f48-ae23-84ece8bb54bb,ce177866-9648-40f8-aeb1-95dbac64edfd,Savings,2021-11-29,Active,769109.19,0.0,0.0,0.0
35cec978-8c1a-4d88-babb-98772467528c,ce177866-9648-40f8-aeb1-95dbac64edfd,Loan,2025-03-26,Active,208782.88,334052.62,24.0,20.5
1eeff9df-3951-4266-a8d1-0112751ea475,ce177866-9648-40f8-aeb1-95dbac64edfd,FixedDeposit,2023-01-18,Inactive,0.0,0.0,12.0,5.2
f88e45a6-d9c4-475d-9dd2-0de561293eb8,ce177866-9648-40f8-aeb1-95dbac64edfd,FixedDeposit,2022-11-01,Inactive,0.0,0.0,12.0,2.8
9bcc34e7-0cda-44e6-bd04-b9f6669f0325,ce177866-9648-40f8-aeb1-95dbac64edfd,FixedDeposit,2022-05-22,Inactive,0.0,0.0,36.0,3.2
e784c27b-a136-44e8-b5f5-6a652d1044d0,c46b7e16-7ec6-4f96-9e92-87ddd54195fc,Savings,2025-08-05,Active,5505.64,0.0,0.0,0.0
40333e53-8d83-4ce6-85da-7fa4d1d59bb5,c46b7e16-7ec6-4f96-9e92-87ddd54195fc,Loan,2025-09-05,Active,48565.87,51121.96,60.0,11.0
5f699aeb-8de4-47cb-b876-96f23e04ae29,c46b7e16-7ec6-4f96-9e92-87ddd54195fc,FixedDeposit,2025-08-06,Active,14248.99,0.0,24.0,4.5
43cba6b0-737d-46f4-b9e3-79bf33e83809,e70af638-9e78-481c-b90b-e7cd009b8794,Savings,2020-07-05,Active,571639.72,0.0,0.0,0.0
e812e3fc-6372-4c84-bcfa-ce33fdb39f3b,0a52ae44-fb12-4076-8282-765430f8d4a3,Savings,2021-02-24,Active,224644.41,0.0,0.0,0.0
efdef607-2849-4f19-b676-9aebe84bf543,0a52ae44-fb12-4076-8282-765430f8d4a3,FixedDeposit,2022-05-20,Inactive,0.0,0.0,12.0,2.8
447822d0-8c95-4238-9996-9b48c0e4d9f0,0a52ae44-fb12-4076-8282-765430f8d4a3,FixedDeposit,2024-08-30,Active,23535.04,0.0,36.0,4.7
ab6eb4e8-bcf9-4a2d-8fec-1134f8833d75,0a52ae44-fb12-4076-8282-765430f8d4a3,FixedDeposit,2025-06-10,Inactive,0.0,0.0,3.0,4.2
63229aff-8101-44cd-8929-9e285817b393,7199c75a-3e30-4e03-9587-a1c5f1c8d843,Savings,2022-07-02,Active,166992.33,0.0,0.0,0.0
3ea8b44e-f6e6-4c4b-b9fe-0cc4698f0f8f,7199c75a-3e30-4e03-9587-a1c5f1c8d843,Loan,2024-11-23,Active,8363.87,18248.42,24.0,18.4
f2ca0447-880d-47ca-bbd4-b8cfd5805c06,7199c75a-3e30-4e03-9587-a1c5f1c8d843,FixedDeposit,2023-05-19,Inactive,0.0,0.0,24.0,4.8
ae4485c6-bcf6-4ce5-a6c0-28ab95225e12,7199c75a-3e30-4e03-9587-a1c5f1c8d843,FixedDeposit,2023-12-08,Inactive,0.0,0.0,12.0,5.2
bbc14ad2-235d-4751-a8db-15764cf8cd11,7199c75a-3e30-4e03-9587-a1c5f1c8d843,FixedDeposit,2024-03-02,Inactive,0.0,0.0,12.0,5.3
a74615cb-cdb2-4f58-8e8d-aae8433e715e,2b966a6b-fa38-4fe7-9712-76dff4ea3367,Savings,2025-09-09,Active,75371.08,0.0,0.0,0.0
29629298-ac9c-4351-9192-331a665eab51,2b966a6b-fa38-4fe7-9712-76dff4ea3367,FixedDeposit,2025-12-01,Active,41367.16,0.0,24.0,4.5
d56de80d-5347-4a77-b041-a1b125b7aaf0,e4d45c21-565b-4bac-9e4d-01f6f73d41e3,Savings,2020-07-13,Active,157630.22,0.0,0.0,0.0
0a92ebf7-ffef-4132-b5ea-6902056dada8,e4d45c21-565b-4bac-9e4d-01f6f73d41e3,Loan,2025-10-23,Active,30912.4,37094.88,12.0,14.5
a74f5271-7527-4e3c-b9ef-5a9fe8418e60,59760d71-f10b-4ff1-b66d-f7ff812160e8,Savings,2023-03-10,Active,243373.62,0.0,0.0,0.0
20461f86-5270-4d05-9368-3abc640ef148,59760d71-f10b-4ff1-b66d-f7ff812160e8,FixedDeposit,2023-11-20,Inactive,0.0,0.0,12.0,5.2
7958474b-52fa-4a83-98c5-b55e1ff732b4,de6052a3-3ee3-4ee7-a62f-a5182973503c,Savings,2020-11-03,Active,375665.02,0.0,0.0,0.0
17dbbaf8-e56d-46ef-9d71-ce21b20e6b86,de6052a3-3ee3-4ee7-a62f-a5182973503c,Loan,2025-01-17,Active,15065.12,19543.88,48.0,11.4
8c86a02e-eaf5-49a5-8a3c-305bd7a4f139,de6052a3-3ee3-4ee7-a62f-a5182973503c,Loan,2021-12-12,Inactive,0.0,41512.73,12.0,10.4
6e3c75f6-b03d-499a-b560-0cc2df527661,de6052a3-3ee3-4ee7-a62f-a5182973503c,FixedDeposit,2025-10-24,Active,83786.45,0.0,6.0,4.5
f199f051-f6a1-40e9-b799-55772e1e03af,f1b0f6a4-75aa-4008-8456-a1b6068810c8,Savings,2023-10-25,Active,263240.51,0.0,0.0,0.0
bc776448-46f4-469b-ae82-b9276991b868,f1b0f6a4-75aa-4008-8456-a1b6068810c8,Loan,2025-04-11,Active,35885.3,41406.1,60.0,21.1
d1badab8-2501-47e2-bb50-5fc38926a1cd,f1b0f6a4-75aa-4008-8456-a1b6068810c8,Loan,2025-04-14,Active,8916.38,13374.54,24.0,15.3
7d160a1d-3766-4f4d-8895-6176fb7d251c,75135d5b-34c7-4720-9578-a36108f788a1,Savings,2025-05-02,Active,339630.64,0.0,0.0,0.0
918235be-5456-4596-8e73-a15451e3d8a6,75135d5b-34c7-4720-9578-a36108f788a1,Loan,2025-08-11,Active,412591.69,464165.65,36.0,13.7
0b4adf42-dd5b-43ed-a177-cead4155fc8c,75135d5b-34c7-4720-9578-a36108f788a1,Loan,2025-06-15,Active,41026.91,46887.89,48.0,23.9
559e494e-d910-40f7-91a3-868e56c68484,75135d5b-34c7-4720-9578-a36108f788a1,FixedDeposit,2025-09-06,Active,59751.77,0.0,24.0,4.5
29080825-3d4e-4ef2-8ed1-86f07069f846,75135d5b-34c7-4720-9578-a36108f788a1,FixedDeposit,2025-08-21,Active,20137.61,0.0,36.0,4.2
c0f30d06-1498-4ba4-9f0b-4b508b7c71d7,75135d5b-34c7-4720-9578-a36108f788a1,FixedDeposit,2025-11-24,Active,6343.65,0.0,6.0,4.5
4e91e51c-b9ea-4cc8-a5d7-042ea2334451,d6eac423-1251-46e5-8787-142ebd0a82fe,Savings,2022-10-10,Active,385259.32,0.0,0.0,0.0
b34e471d-5641-4ea1-8cce-37ef0b42d4dd,d6eac423-1251-46e5-8787-142ebd0a82fe,Loan,2025-10-29,Active,238291.36,246508.3,60.0,16.0
fcf7e247-b52d-43b8-bbcc-10ca5bb3ab5a,d6eac423-1251-46e5-8787-142ebd0a82fe,Loan,2023-07-29,Active,8143.93,14807.26,60.0,18.7
c7b98c78-fc2e-4f92-ad5c-bd49767bbe74,d6eac423-1251-46e5-8787-142ebd0a82fe,FixedDeposit,2025-08-10,Inactive,0.0,0.0,3.0,4.2
adca2494-798f-4133-8cda-47b3a835b8fd,d6eac423-1251-46e5-8787-142ebd0a82fe,FixedDeposit,2023-11-10,Inactive,0.0,0.0,12.0,5.2
4fcd1e19-ca24-495b-a827-45b95fcf55a4,4702f47e-ab49-47ca-938f-8b950cbd2542,Savings,2023-04-05,Active,186639.11,0.0,0.0,0.0
8e1eadc6-2175-40d6-9ee2-e35e8f3b1bb2,4702f47e-ab49-47ca-938f-8b950cbd2542,Loan,2025-09-18,Active,43302.77,49488.89,24.0,19.4
e94c84db-bd33-43ac-b844-9e6b446b60dd,4702f47e-ab49-47ca-938f-8b950cbd2542,Loan,2024-01-28,Inactive,0.0,310511.19,12.0,16.8
021587cd-6183-46f3-9695-0391b8f2dd6d,4702f47e-ab49-47ca-938f-8b950cbd2542,FixedDeposit,2023-12-22,Inactive,0.0,0.0,3.0,4.5
cb8d1175-3bea-46f4-97f2-f66775c1ce51,e3797804-06d7-4ce6-9477-c1f56cfca22c,Savings,2020-03-30,Active,368074.49,0.0,0.0,0.0
ad6d0ac1-7d82-4e34-a888-870b970588ac,e3797804-06d7-4ce6-9477-c1f56cfca22c,FixedDeposit,2021-03-25,Inactive,0.0,0.0,12.0,1.0
56c3393c-4e2e-4bea-bea6-907f5dc04e23,e3797804-06d7-4ce6-9477-c1f56cfca22c,FixedDeposit,2024-08-26,Active,3080.11,0.0,36.0,4.7
a74aca2a-eb1a-476a-98a8-0e7cf080a898,e16a46d0-a720-41ec-8f04-6af229b2c968,Savings,2024-03-20,Active,44115.27,0.0,0.0,0.0
65219308-b032-48e5-a26d-9e59642f3921,47c2d65b-970c-4092-b6a7-4ec400965d44,Savings,2025-01-02,Active,74472.32,0.0,0.0,0.0
5060ceca-5fb6-4318-a98d-d3b50efe8e3a,47c2d65b-970c-4092-b6a7-4ec400965d44,Loan,2025-10-05,Active,10294.27,10741.85,48.0,19.4
bf83af01-4ccf-4f29-9958-bfe3767d9978,47c2d65b-970c-4092-b6a7-4ec400965d44,Loan,2025-02-25,Active,5125.48,6474.28,48.0,7.9
49275a8e-3e45-4a2e-96d9-390e35e1ea16,47c2d65b-970c-4092-b6a7-4ec400965d44,FixedDeposit,2025-03-10,Active,41306.52,0.0,24.0,4.5
b62bb1ab-8dca-4c47-8cc1-633037cf0bd4,47c2d65b-970c-4092-b6a7-4ec400965d44,FixedDeposit,2025-02-02,Active,57271.37,0.0,12.0,4.8
6715b832-8ee4-4d30-a00b-54e5ce0c596e,d25b15ca-7f9d-484a-ac96-dd141e926c47,Savings,2023-06-21,Active,252564.08,0.0,0.0,0.0
4f848f5f-ae64-4ef1-907c-d3e1167e8a09,d25b15ca-7f9d-484a-ac96-dd141e926c47,Loan,2024-06-01,Active,11099.17,23504.08,36.0,9.3
8f58c35a-e73e-4b2b-bcc1-7e3a1a837202,d25b15ca-7f9d-484a-ac96-dd141e926c47,Loan,2024-06-23,Active,551.19,1102.35,36.0,18.0
85af1ed2-10f4-405e-943e-b467b4ee22fa,d25b15ca-7f9d-484a-ac96-dd141e926c47,FixedDeposit,2025-04-23,Active,8664.85,0.0,36.0,4.2
aababc40-7d3b-42bd-8f2d-c6a2f66839e9,d25b15ca-7f9d-484a-ac96-dd141e926c47,FixedDeposit,2025-10-04,Active,22196.8,0.0,6.0,4.5
4f5c88c5-c972-4bfb-a074-3b1dc18526e6,d25b15ca-7f9d-484a-ac96-dd141e926c47,FixedDeposit,2023-12-06,Inactive,0.0,0.0,12.0,5.2
d46addb9-b61f-4ac5-894d-ecdf486d528b,5311cc18-2a36-405a-ba15-139164616b11,Savings,2024-10-28,Active,25513.96,0.0,0.0,0.0
303cd79a-d50d-47bb-b4c6-0d349dbde572,5311cc18-2a36-405a-ba15-139164616b11,Loan,2024-12-25,Inactive,0.0,43989.62,12.0,21.1
0c2eacdb-1312-4141-ae67-09f6e8e636d2,7c370571-bce5-4f43-98aa-7e77f8866fa9,Savings,2020-06-05,Active,779813.69,0.0,0.0,0.0
2daedc9a-d89b-4729-9193-0cd4fb367f05,7c370571-bce5-4f43-98aa-7e77f8866fa9,Loan,2020-10-28,Inactive,0.0,20629.98,12.0,16.0
f2a6054e-cab8-422c-ace0-bcbdf5dce671,7c370571-bce5-4f43-98aa-7e77f8866fa9,Loan,2025-08-09,Active,37005.61,44406.73,24.0,22.4
e4b806f4-b67a-4b21-b34d-81dd3f233412,7c370571-bce5-4f43-98aa-7e77f8866fa9,FixedDeposit,2021-11-26,Inactive,0.0,0.0,36.0,1.4
224095be-ef92-4d20-be9a-3f19d4d22d48,7c370571-bce5-4f43-98aa-7e77f8866fa9,FixedDeposit,2024-05-14,Inactive,0.0,0.0,3.0,4.8
23c64890-fa50-4f16-8012-172d66dc2256,7c370571-bce5-4f43-98aa-7e77f8866fa9,FixedDeposit,2021-03-10,Inactive,0.0,0.0,3.0,0.5
864c8f81-c3d7-482d-bd2b-13540b474e4f,eb77fe96-d9fd-49c5-b079-e8b9a609cb9a,Savings,2025-05-01,Active,157976.88,0.0,0.0,0.0
14a4bbd0-e53d-4078-8e8e-a5e0b339a609,eb77fe96-d9fd-49c5-b079-e8b9a609cb9a,Loan,2025-10-10,Active,17004.4,18550.26,24.0,10.8
4215911c-9e7e-4b1d-a16c-0df6a51d9004,db2f3b3c-0651-4c97-984d-ae1a719297b2,Savings,2021-10-12,Active,1234445.1,0.0,0.0,0.0
b734aab0-a4ae-430b-9e9f-0df5ae272f5f,db2f3b3c-0651-4c97-984d-ae1a719297b2,FixedDeposit,2021-11-06,Inactive,0.0,0.0,6.0,0.8
669483e2-4a61-4d03-880c-6a70f6fff63c,11a334f2-8beb-48fe-a43e-9425ff60faa5,Savings,2022-05-13,Active,128602.67,0.0,0.0,0.0
4cfad60e-a7cb-4124-9813-3ddaf9344517,11a334f2-8beb-48fe-a43e-9425ff60faa5,Loan,2022-06-26,Inactive,0.0,57831.84,24.0,17.9
ffa13b74-3691-4489-a605-2ca9c33bc6e9,11a334f2-8beb-48fe-a43e-9425ff60faa5,Loan,2022-06-06,Inactive,0.0,85236.31,24.0,12.4
2bcd5841-c033-4c4c-bb3f-8d5a1430da43,11a334f2-8beb-48fe-a43e-9425ff60faa5,FixedDeposit,2024-06-15,Inactive,0.0,0.0,3.0,4.8
0f5b8358-6d08-4e11-877b-63b16c352c64,11a334f2-8beb-48fe-a43e-9425ff60faa5,FixedDeposit,2022-10-24,Inactive,0.0,0.0,12.0,2.8
b714b961-9a1a-40dd-9a86-ef5c73b2d09d,11a334f2-8beb-48fe-a43e-9425ff60faa5,FixedDeposit,2023-07-13,Inactive,0.0,0.0,24.0,4.8
ae3843a8-766d-4df0-a38c-ccca323039bc,4043f3e8-192d-4605-9e47-e9d7966f11e6,Savings,2020-07-21,Active,923986.55,0.0,0.0,0.0
25fc9edd-ff4e-45d9-ac10-810253d3b2cd,64e49050-0fe8-4326-a622-563c6c3a12a9,Savings,2025-04-18,Active,66932.99,0.0,0.0,0.0
d9bba69f-d85b-45df-a3d3-935d0a4e8bed,64e49050-0fe8-4326-a622-563c6c3a12a9,Loan,2025-04-21,Active,4675.02,6010.78,36.0,17.5
812939dc-22a9-430a-9da2-4f7a12ceb068,64e49050-0fe8-4326-a622-563c6c3a12a9,Loan,2025-04-21,Active,8470.59,10164.67,48.0,22.9
154e5c7a-042a-4b6b-81a0-b72e55d918a2,64e49050-0fe8-4326-a622-563c6c3a12a9,FixedDeposit,2025-08-26,Inactive,0.0,0.0,3.0,4.2
f7a891a6-9be7-416e-a398-b8cfac29874b,64e49050-0fe8-4326-a622-563c6c3a12a9,FixedDeposit,2025-12-01,Active,90386.19,0.0,24.0,4.5
4ae9f5e8-46be-45b9-8367-2837eaa462a1,64e49050-0fe8-4326-a622-563c6c3a12a9,FixedDeposit,2025-10-04,Active,60006.51,0.0,36.0,4.2
ce28155f-d2e9-445c-bc2a-3bd0b7d066a1,d2e6eb6a-1a76-4da0-be8c-f4228ed60739,Savings,2023-08-06,Active,235366.13,0.0,0.0,0.0
d1d51ba5-b3f8-4c65-a319-6b6db141af61,d2e6eb6a-1a76-4da0-be8c-f4228ed60739,Loan,2024-03-16,Active,9395.07,16702.23,48.0,18.1
a73199a4-89b9-49fd-989c-39de45797a38,d2e6eb6a-1a76-4da0-be8c-f4228ed60739,FixedDeposit,2024-03-18,Active,4131.28,0.0,36.0,4.7
eda9edc7-827c-4573-ae9f-ce32f6faf910,70c30f25-15e9-48c5-829c-079dc21362df,Savings,2025-03-22,Active,470107.97,0.0,0.0,0.0
3d522004-7a02-4f97-b767-b39fe64c9843,70c30f25-15e9-48c5-829c-079dc21362df,Loan,2025-10-09,Active,17250.4,18000.42,48.0,23.7
da715ec2-f7a6-4377-b0e9-fd620d3696ae,70c30f25-15e9-48c5-829c-079dc21362df,Loan,2025-05-27,Active,410204.28,579111.97,24.0,19.7
713d6bff-9810-4004-889a-f90f816c029e,3dd07463-c793-48e2-9a98-577b0cb567cf,Savings,2023-01-21,Active,194020.11,0.0,0.0,0.0
d6d29091-6c05-44ca-9e01-395734323f8c,3dd07463-c793-48e2-9a98-577b0cb567cf,FixedDeposit,2023-05-12,Inactive,0.0,0.0,12.0,5.2
5f0c66b5-d65a-4f26-8aea-ff7241697866,d373ab78-e562-42c9-a3fa-83da3fa313e2,Savings,2024-08-18,Active,198025.29,0.0,0.0,0.0
604b74bc-5297-46f9-a0ba-77788b4e6e60,d373ab78-e562-42c9-a3fa-83da3fa313e2,Loan,2025-06-29,Active,13342.93,15249.07,48.0,16.2
4c21478d-e1ae-430d-81ea-ac857d032fdf,d373ab78-e562-42c9-a3fa-83da3fa313e2,FixedDeposit,2025-03-29,Inactive,0.0,0.0,3.0,4.2
abfd8f97-534f-4626-9520-875e67c037e2,2b275e67-ca6c-4c6f-abe9-edfbe6290bdd,Savings,2025-02-15,Active,926022.44,0.0,0.0,0.0
f22fcb4c-438e-4adb-a66f-447503cd4450,2b275e67-ca6c-4c6f-abe9-edfbe6290bdd,Loan,2025-09-22,Active,511592.62,538518.55,60.0,19.4
cdb81662-c184-4965-98b7-641aeb6e03a2,2b275e67-ca6c-4c6f-abe9-edfbe6290bdd,Loan,2025-10-09,Active,272040.57,326448.69,12.0,14.6
653d2c33-d3f1-40df-97ff-9202c9c2f3b8,2b275e67-ca6c-4c6f-abe9-edfbe6290bdd,FixedDeposit,2025-03-04,Active,5066.75,0.0,36.0,4.2
ab85f3f6-3d73-421e-841a-d820c9f93f50,2b275e67-ca6c-4c6f-abe9-edfbe6290bdd,FixedDeposit,2025-05-01,Inactive,0.0,0.0,3.0,4.2
ce1aa828-d862-4edd-a103-9849955981ce,2b275e67-ca6c-4c6f-abe9-edfbe6290bdd,FixedDeposit,2025-03-05,Active,60525.71,0.0,12.0,4.8
00ee2093-119a-489f-b6e0-e7ace033a9e7,81324989-3d6c-48b1-b7d5-904e08a48023,Savings,2020-04-09,Active,468611.44,0.0,0.0,0.0
be1ca9a0-5b75-498d-b3f4-604f9602b98e,81324989-3d6c-48b1-b7d5-904e08a48023,Loan,2020-08-18,Inactive,0.0,19171.23,12.0,18.6
34ad434c-f3e8-4ec3-8c7d-8308181b5ca7,81324989-3d6c-48b1-b7d5-904e08a48023,Loan,2022-10-04,Inactive,0.0,23099.38,24.0,12.3
92c3d9f7-99a9-4091-90cc-ce508025673d,81324989-3d6c-48b1-b7d5-904e08a48023,FixedDeposit,2025-01-15,Active,15570.87,0.0,24.0,4.5
bcd15628-9745-43ae-a5bd-cfc32ae875fc,0e7d6c13-f4f0-414a-9ec6-e123236a91ce,Savings,2021-02-28,Active,300857.65,0.0,0.0,0.0
6a15750d-339c-42ef-9918-ca5480b33a23,0e7d6c13-f4f0-414a-9ec6-e123236a91ce,FixedDeposit,2024-04-08,Inactive,0.0,0.0,3.0,4.8
c6d9668e-91cd-4cf7-9eb5-19d637f7ec29,a779dffd-51dd-4c1e-ab0b-02b0822ece8d,Savings,2021-04-08,Active,378695.76,0.0,0.0,0.0
70bbbde5-1254-4ce4-80df-d027500decbb,a779dffd-51dd-4c1e-ab0b-02b0822ece8d,Loan,2023-09-09,Active,177427.33,798422.53,36.0,20.9
125fc026-7b9a-423b-a9a2-9ba46ddc644f,a779dffd-51dd-4c1e-ab0b-02b0822ece8d,Loan,2024-10-07,Inactive,0.0,768261.66,12.0,21.7
3ba8c1a2-eed1-455e-b603-ea85c0e5b065,a779dffd-51dd-4c1e-ab0b-02b0822ece8d,FixedDeposit,2023-01-13,Inactive,0.0,0.0,24.0,4.8
66165056-ac52-4b16-a9b1-b7a931ffa137,a779dffd-51dd-4c1e-ab0b-02b0822ece8d,FixedDeposit,2021-04-13,Inactive,0.0,0.0,6.0,0.8
a7fd5bad-a036-4473-9f9e-40e2296090d8,a779dffd-51dd-4c1e-ab0b-02b0822ece8d,FixedDeposit,2023-07-13,Inactive,0.0,0.0,3.0,4.5
717b858b-4622-4ee9-8c53-e911660aae9a,ecf57a4c-ece0-4a71-9179-2392b9127603,Savings,2021-08-25,Active,509689.8,0.0,0.0,0.0
41802699-421a-43ab-ba28-ce4f94b12710,ecf57a4c-ece0-4a71-9179-2392b9127603,FixedDeposit,2022-01-13,Inactive,0.0,0.0,24.0,3.0
8a900772-3927-46d9-94c9-0d2e742f708a,ecf57a4c-ece0-4a71-9179-2392b9127603,FixedDeposit,2025-02-01,Active,65728.38,0.0,12.0,4.8
1015bdc3-c224-48b8-b214-9b440fefc2a7,59d6a0ee-2b79-44d6-a28b-7b04e81c784a,Savings,2022-09-11,Active,276820.98,0.0,0.0,0.0
81ddf842-dfae-4b24-affb-71ba3e09a26c,59d6a0ee-2b79-44d6-a28b-7b04e81c784a,Loan,2025-06-23,Active,27165.87,32599.05,36.0,14.3
3ccbf069-41d0-4301-9755-66a41e86719c,59d6a0ee-2b79-44d6-a28b-7b04e81c784a,Loan,2025-03-20,Active,5030.66,20122.67,12.0,9.7
1551f8da-5f66-4f78-996f-0158bf629642,522d02dc-ff6d-4a0d-921e-454cdfb91267,Savings,2024-02-01,Active,18762.22,0.0,0.0,0.0
250f359f-15bd-4bb5-b3ee-da2022fa0742,522d02dc-ff6d-4a0d-921e-454cdfb91267,Loan,2024-11-18,Active,1036.56,1622.47,36.0,8.5
5a89a4d6-13e3-4903-aabb-715a9dbdf871,522d02dc-ff6d-4a0d-921e-454cdfb91267,FixedDeposit,2025-11-02,Active,59832.58,0.0,24.0,4.5
7c2149a2-3f1e-49b6-81e9-a34185797e57,a3427060-7d05-47e0-b6c0-d8f8d2f4615c,Savings,2025-10-11,Active,440814.84,0.0,0.0,0.0
f6c372f6-d7e6-42ef-8c8a-39260fa00e4c,a3427060-7d05-47e0-b6c0-d8f8d2f4615c,Loan,2025-10-13,Active,292705.61,351246.73,12.0,7.3
b542dfff-5b35-46f9-8241-7d8cab1175b6,a3427060-7d05-47e0-b6c0-d8f8d2f4615c,Loan,2025-10-17,Active,274242.54,299173.68,24.0,13.5
fb569a17-7628-4f98-b452-fc442e834e26,a3427060-7d05-47e0-b6c0-d8f8d2f4615c,FixedDeposit,2025-10-22,Active,56192.58,0.0,36.0,4.2
23bd52f3-81a7-4af0-8412-cef27a4e9fd8,a3427060-7d05-47e0-b6c0-d8f8d2f4615c,FixedDeposit,2025-10-18,Active,64720.93,0.0,36.0,4.2
550c9ce4-e8a8-459d-bf11-51c7ccb44edb,a3427060-7d05-47e0-b6c0-d8f8d2f4615c,FixedDeposit,2025-11-29,Active,22694.95,0.0,24.0,4.5
8f4ac671-3a13-4cdf-ba72-d336189f8c62,8530be78-39a3-4068-b38b-1f5739f8bc7e,Savings,2022-08-26,Active,203520.4,0.0,0.0,0.0
8a6f317c-4de5-4710-91e7-2f66e46a0beb,8530be78-39a3-4068-b38b-1f5739f8bc7e,FixedDeposit,2023-05-05,Inactive,0.0,0.0,6.0,5.0
4f56c708-fc59-4009-af32-4061ec61ee18,8530be78-39a3-4068-b38b-1f5739f8bc7e,FixedDeposit,2024-05-12,Active,83232.47,0.0,36.0,4.7
99bb0934-169e-41cb-9a1a-f62de17399ad,8530be78-39a3-4068-b38b-1f5739f8bc7e,FixedDeposit,2024-10-27,Inactive,0.0,0.0,12.0,5.3
b092317f-e63c-4668-ae66-31f6cd57d5af,2e286d7c-70b0-4b7c-b3d9-39d7d8ce5439,Savings,2022-02-01,Active,149323.29,0.0,0.0,0.0
acc79c26-40c5-4039-8c0a-623f001d0916,2e286d7c-70b0-4b7c-b3d9-39d7d8ce5439,FixedDeposit,2022-10-14,Inactive,0.0,0.0,6.0,2.2
8e6455be-00bf-4323-b317-514b254d08df,63f6a03f-e4a7-4dbe-8852-ca437d5bd92f,Savings,2023-08-20,Active,277352.64,0.0,0.0,0.0
f5d0a8f8-6561-4d3f-ba30-6c01a30488d7,63f6a03f-e4a7-4dbe-8852-ca437d5bd92f,FixedDeposit,2024-03-31,Inactive,0.0,0.0,3.0,4.8
6863be78-0128-4f53-9d1a-288ebbe854f4,eac8fec2-b497-4466-a2cd-65cba714fddf,Savings,2022-07-06,Active,189616.81,0.0,0.0,0.0
2b1242b6-3691-4201-a6cd-d7fdfee5ebf1,eac8fec2-b497-4466-a2cd-65cba714fddf,Loan,2022-08-06,Inactive,0.0,31434.71,36.0,8.1
e5df1c18-04c4-40e9-9aa7-2858f50499c4,eac8fec2-b497-4466-a2cd-65cba714fddf,Loan,2023-06-07,Active,88269.95,182627.75,60.0,13.0
c8cf60d7-4556-4af5-af31-594bcfa88963,a922abdd-4529-4f8c-ad89-bac920afdfc5,Savings,2023-06-16,Active,301444.56,0.0,0.0,0.0
72a2bc46-8940-4849-8685-f30daee48d57,a922abdd-4529-4f8c-ad89-bac920afdfc5,FixedDeposit,2025-01-05,Active,65656.08,0.0,36.0,4.2
a375e075-d83e-41c3-a74a-3885033d1bdb,a922abdd-4529-4f8c-ad89-bac920afdfc5,FixedDeposit,2024-12-28,Inactive,0.0,0.0,3.0,4.8
b1d2a105-bc6a-43bd-8c3c-a1e929dffce2,a922abdd-4529-4f8c-ad89-bac920afdfc5,FixedDeposit,2024-11-08,Active,51601.35,0.0,24.0,5.0
75ad0da4-3af0-4976-85e3-901e1d38fac1,4817a088-f018-4d2e-847b-b9e4433cfadd,Savings,2025-10-06,Active,245891.08,0.0,0.0,0.0
95adbc67-4d7e-4c04-ba5a-9be909b9b076,4817a088-f018-4d2e-847b-b9e4433cfadd,Loan,2025-10-26,Active,208488.53,227442.03,24.0,16.7
2ebee5bd-1657-492b-9c45-2d5378ec4cd3,4817a088-f018-4d2e-847b-b9e4433cfadd,Loan,2025-10-15,Active,53116.49,54948.09,60.0,19.1
b4ba2e17-b015-4bda-be29-539f98214b7f,735f8466-ea40-4e06-ae0e-c3be9b6abf72,Savings,2022-03-31,Active,169335.5,0.0,0.0,0.0
d4d9676c-e1ec-4fc3-83c8-9e69340f6021,735f8466-ea40-4e06-ae0e-c3be9b6abf72,FixedDeposit,2023-12-09,Inactive,0.0,0.0,3.0,4.5
967965b6-6312-40a1-bdfe-343c77c3e45a,735f8466-ea40-4e06-ae0e-c3be9b6abf72,FixedDeposit,2023-12-11,Inactive,0.0,0.0,6.0,5.0
73021d46-1271-4414-8e63-15b8d1c7d3f5,735f8466-ea40-4e06-ae0e-c3be9b6abf72,FixedDeposit,2022-09-06,Inactive,0.0,0.0,36.0,3.2
e71a9ae4-eba1-4bf4-a70a-6c138f55d0e9,311f501e-06e3-465a-b437-8cf3d232c258,Savings,2024-02-11,Active,341281.4,0.0,0.0,0.0
4d31f61c-186c-47bb-ab50-30b885d8ab25,311f501e-06e3-465a-b437-8cf3d232c258,Loan,2024-03-04,Active,5025.52,7935.02,60.0,19.2
6f746165-174d-44e7-ab38-50236c0c56a5,311f501e-06e3-465a-b437-8cf3d232c258,Loan,2025-10-18,Active,8634.83,8932.59,60.0,22.9
870ed689-a164-4350-b802-613b03127a6e,311f501e-06e3-465a-b437-8cf3d232c258,FixedDeposit,2025-11-04,Active,44368.14,0.0,6.0,4.5
a3c5d852-ec6a-44a6-845d-462ad8929e83,311f501e-06e3-465a-b437-8cf3d232c258,FixedDeposit,2024-03-18,Inactive,0.0,0.0,6.0,5.1
5c4b74ee-59d0-4856-926f-2a0a4533347f,311f501e-06e3-465a-b437-8cf3d232c258,FixedDeposit,2024-04-07,Active,88651.6,0.0,24.0,5.0
5cd5e40e-4f81-448d-a01c-6b59d8cefd1a,93553e44-a468-4357-b23a-babe24424161,Savings,2024-05-04,Active,225436.13,0.0,0.0,0.0
de85e4a8-6738-46b5-bb52-385e99f67946,93553e44-a468-4357-b23a-babe24424161,Loan,2024-07-20,Active,12613.47,17600.25,60.0,10.0
6f792ee1-2bfc-4d9e-b1c5-6d76bd79c914,89917cc7-113d-4181-b493-c2516939edb8,Savings,2024-07-19,Active,332832.9,0.0,0.0,0.0
2638dcfd-25b5-4dde-9510-a705ac806d0f,89917cc7-113d-4181-b493-c2516939edb8,Loan,2024-08-17,Active,16999.85,23181.61,60.0,14.2
fca41a5d-f741-472d-ab15-d77d24cb1c95,89917cc7-113d-4181-b493-c2516939edb8,Loan,2024-08-20,Active,5090.75,7636.03,48.0,19.7
1c1627c4-edad-45de-b252-2f6492f24e93,89917cc7-113d-4181-b493-c2516939edb8,FixedDeposit,2024-11-10,Inactive,0.0,0.0,6.0,5.1
5690a3b1-6ec8-4709-94e6-714320b05d89,056f3f95-c203-40be-b37b-366b1979bbb8,Savings,2020-01-10,Active,59318.9,0.0,0.0,0.0
0c0faa30-eda8-4dff-89d6-28002f9135de,056f3f95-c203-40be-b37b-366b1979bbb8,Loan,2023-01-04,Active,9503.87,38015.87,48.0,22.8
6bc0435a-b6c2-4555-8827-bef6c08d1700,056f3f95-c203-40be-b37b-366b1979bbb8,Loan,2024-02-15,Active,14763.12,37962.56,36.0,12.9
9d35222e-256c-47c8-b127-64c56aaffbf7,056f3f95-c203-40be-b37b-366b1979bbb8,FixedDeposit,2024-04-15,Inactive,0.0,0.0,3.0,4.8
eb659def-3d6c-4308-88e8-ac580fb83254,056f3f95-c203-40be-b37b-366b1979bbb8,FixedDeposit,2025-03-06,Active,91867.31,0.0,24.0,4.5
0d5be7b9-d208-423a-b2df-9a676593939f,056f3f95-c203-40be-b37b-366b1979bbb8,FixedDeposit,2023-10-03,Inactive,0.0,0.0,12.0,5.2
7ea25850-5d65-4654-9099-566617139f3e,d00ed608-8fda-417c-a6f6-abb208cf4bb3,Savings,2020-02-12,Active,25296.8,0.0,0.0,0.0
a5035787-5ba1-46e6-8413-524dfdfedf4f,d00ed608-8fda-417c-a6f6-abb208cf4bb3,Loan,2021-02-11,Inactive,0.0,397001.94,24.0,15.7
3cfd8df3-bd82-414b-abb3-6531b23197f8,d00ed608-8fda-417c-a6f6-abb208cf4bb3,FixedDeposit,2021-07-08,Inactive,0.0,0.0,36.0,1.4
91ab6682-8318-44ff-bb90-6c9031689d60,d8f4b2c9-657d-4760-93ab-99a27b5bc0df,Savings,2020-08-18,Active,284838.55,0.0,0.0,0.0
f6d7efb8-d08c-4594-bb34-b734519eb13d,d8f4b2c9-657d-4760-93ab-99a27b5bc0df,Loan,2021-01-27,Inactive,0.0,19084.3,12.0,8.5
a6cb5032-9231-4a05-89d4-2137b1c6b7e8,d8f4b2c9-657d-4760-93ab-99a27b5bc0df,FixedDeposit,2025-11-08,Active,42226.97,0.0,3.0,4.2
93b6ecab-92d4-467f-98b8-291c22c6341a,5c3a53b0-3cb9-4f64-adca-b97e3ed28cfb,Savings,2025-05-15,Active,149851.93,0.0,0.0,0.0
08c8badf-0c27-420f-bec3-0bb88405cfe2,5c3a53b0-3cb9-4f64-adca-b97e3ed28cfb,FixedDeposit,2025-07-17,Active,41676.97,0.0,12.0,4.8
29064608-2bc7-44b3-b8b5-c24b7ca4986b,7e5a37d3-ea55-4b4d-9c77-17446c25d5da,Savings,2024-05-14,Active,75797.43,0.0,0.0,0.0
336042fb-4ff7-41c2-9b9e-69b02f2823bf,7e5a37d3-ea55-4b4d-9c77-17446c25d5da,Loan,2025-03-27,Active,34683.19,55493.17,24.0,23.9
03ed4775-300b-45a8-a4a9-326aa93d01d2,7e5a37d3-ea55-4b4d-9c77-17446c25d5da,FixedDeposit,2025-06-16,Inactive,0.0,0.0,3.0,4.2
8893e695-369a-4a35-93e4-10b2cb84f0e4,7e5a37d3-ea55-4b4d-9c77-17446c25d5da,FixedDeposit,2025-05-27,Inactive,0.0,0.0,3.0,4.2
646ffe62-d3e7-441d-8410-1ef1916e1615,6f007aab-b99e-4d06-8357-4b50fe5f21d6,Savings,2025-04-05,Active,154750.83,0.0,0.0,0.0
a05c304f-5c01-4ba1-afab-d27e60adb2f5,6f007aab-b99e-4d06-8357-4b50fe5f21d6,FixedDeposit,2025-06-19,Inactive,0.0,0.0,3.0,4.2
65fc6373-b042-4cac-9b16-d434fc576413,6f007aab-b99e-4d06-8357-4b50fe5f21d6,FixedDeposit,2025-06-18,Active,26836.72,0.0,24.0,4.5
10aef58d-cf1e-48a0-b325-0e416a28608c,6f007aab-b99e-4d06-8357-4b50fe5f21d6,FixedDeposit,2025-06-12,Active,21761.08,0.0,24.0,4.5
e85fdfe5-5bd6-4a28-89af-9785257a4c6b,5fe159ae-80ea-424e-9e53-51f81f8a3c4f,Savings,2025-07-26,Active,451220.91,0.0,0.0,0.0
53cdfad6-02be-47ce-bb96-33601dfec639,5fe159ae-80ea-424e-9e53-51f81f8a3c4f,Loan,2025-10-09,Active,295769.68,305968.64,60.0,13.6
655dd1ac-2e96-4068-bd9c-c9c4c1a3f77f,5fe159ae-80ea-424e-9e53-51f81f8a3c4f,Loan,2025-08-09,Active,35980.44,38550.48,60.0,8.3
206d9657-4664-41b0-a909-41c0eb3d2d10,5fe159ae-80ea-424e-9e53-51f81f8a3c4f,FixedDeposit,2025-07-30,Active,80288.32,0.0,12.0,4.8
5acde7c9-5290-4b51-a97f-3be25e39e2b6,5fe159ae-80ea-424e-9e53-51f81f8a3c4f,FixedDeposit,2025-11-01,Active,6494.32,0.0,6.0,4.5
a50e8956-7188-412e-98b3-32c842730e51,d4ce8919-b68b-480a-8bbe-5a477f2d36a9,Savings,2023-07-06,Active,146650.78,0.0,0.0,0.0
6181cd48-d6f3-43d9-8238-4c0b0d69af2f,d4ce8919-b68b-480a-8bbe-5a477f2d36a9,Loan,2024-07-16,Active,9767.53,15123.89,48.0,9.8
420b2677-0952-4699-a5c0-fab58eefee9b,d4ce8919-b68b-480a-8bbe-5a477f2d36a9,Loan,2025-08-12,Active,7133.3,7781.78,48.0,7.8
dc6f135f-b69f-478d-a4a9-102973bd0a6c,780fe98d-21dc-4da5-9b1c-7122b4600dc2,Savings,2024-08-25,Active,98554.85,0.0,0.0,0.0
b6d6d9a4-a61e-44d4-880e-30e944c84319,780fe98d-21dc-4da5-9b1c-7122b4600dc2,Loan,2025-05-24,Active,24042.68,27218.09,60.0,10.8
3ba2f673-4113-4db6-8f4c-f0c280b9a4d2,780fe98d-21dc-4da5-9b1c-7122b4600dc2,Loan,2025-02-01,Active,2635.59,31626.64,12.0,15.2
ee864f91-fec5-4415-8265-75ac407f604d,780fe98d-21dc-4da5-9b1c-7122b4600dc2,FixedDeposit,2025-02-12,Active,53784.82,0.0,24.0,4.5
a3acb44e-c642-4066-9bef-86473ed81ced,780fe98d-21dc-4da5-9b1c-7122b4600dc2,FixedDeposit,2024-10-18,Active,27813.88,0.0,36.0,4.7
f4ab1198-4cca-4fc9-8443-d0aa1c164393,780fe98d-21dc-4da5-9b1c-7122b4600dc2,FixedDeposit,2024-09-14,Active,43721.11,0.0,24.0,5.0
34d7d9c0-4442-4c38-9f0f-bc86d8a8f535,8f72ac27-483b-42fc-aec8-40f7e4f87247,Savings,2023-10-01,Active,202776.75,0.0,0.0,0.0
1e30ac98-a0f4-40b6-940b-f305cd575182,8f72ac27-483b-42fc-aec8-40f7e4f87247,Loan,2024-08-24,Active,16508.58,24762.98,48.0,13.8
a71abdba-182b-437a-a04f-698433b79a5d,8f72ac27-483b-42fc-aec8-40f7e4f87247,Loan,2023-10-20,Inactive,0.0,7472.64,12.0,9.0
6793ef40-7a17-478b-a458-fc9bdd446fc3,8f72ac27-483b-42fc-aec8-40f7e4f87247,FixedDeposit,2023-11-12,Active,22033.93,0.0,36.0,4.5
02ed305b-2207-4ef0-834d-a0c59298487f,57c8a376-f664-4d60-861b-d497e278ea4a,Savings,2024-06-03,Active,98665.27,0.0,0.0,0.0
8a90ecad-ca79-4364-b008-a195b2d5bede,57c8a376-f664-4d60-861b-d497e278ea4a,Loan,2025-06-12,Active,5802.88,11605.78,12.0,14.5
ccc61b3e-5f12-437d-a2c7-7126107d4db4,57c8a376-f664-4d60-861b-d497e278ea4a,FixedDeposit,2024-09-28,Active,30702.05,0.0,36.0,4.7
22a5b22b-30b7-4192-af1b-40b80d0628ef,57c8a376-f664-4d60-861b-d497e278ea4a,FixedDeposit,2024-07-24,Inactive,0.0,0.0,12.0,5.3
599494a0-06af-4d53-9315-f0958ad6c5a0,c02957f1-5ebb-4725-a6ee-0eb90b96935f,Savings,2025-08-27,Active,95088.99,0.0,0.0,0.0
90731569-c0e1-4e55-8099-6e42764204b5,c02957f1-5ebb-4725-a6ee-0eb90b96935f,Loan,2025-09-24,Active,32504.53,43339.39,12.0,11.9
88edc133-9e51-4278-8095-8b861c956013,c02957f1-5ebb-4725-a6ee-0eb90b96935f,FixedDeposit,2025-09-10,Active,68431.99,0.0,36.0,4.2
14be3f57-b74e-496b-8cf0-bdfd7f8c00c9,d8868687-9fda-475e-b1df-645344718edb,Savings,2024-04-22,Active,43842.62,0.0,0.0,0.0
8a44ecb3-2ad3-4760-899f-75333d1c4423,1f312583-70ff-475d-bbaf-b03b74094d47,Savings,2024-07-08,Active,39978.71,0.0,0.0,0.0
4de6ab19-fdfb-475e-aec7-9c4015da0a35,eb832938-117d-436a-a1d6-d16b712c1113,Savings,2022-12-30,Active,238809.93,0.0,0.0,0.0
f1e08e0d-4cae-46f6-a9e6-148d31482453,eb832938-117d-436a-a1d6-d16b712c1113,Loan,2024-11-11,Inactive,0.0,5845.89,12.0,14.8
c7913bab-a3d3-4edc-90eb-885c23c9946e,eb832938-117d-436a-a1d6-d16b712c1113,Loan,2025-06-23,Active,14694.73,19593.01,24.0,13.4
195ec9e3-30d3-495e-bd8f-b37dcd49f46d,eb832938-117d-436a-a1d6-d16b712c1113,FixedDeposit,2024-11-21,Inactive,0.0,0.0,3.0,4.8
1f3b8077-65d4-46fb-be45-2728f2c1cced,eb832938-117d-436a-a1d6-d16b712c1113,FixedDeposit,2023-03-07,Inactive,0.0,0.0,24.0,4.8
008177c7-8823-4954-ade7-97336964c1b4,eb832938-117d-436a-a1d6-d16b712c1113,FixedDeposit,2025-01-19,Active,47494.77,0.0,24.0,4.5
57e858b9-220c-453d-986e-5736722cd902,7c77ed41-3f56-4b9d-aa1f-1f2c27cc9e31,Savings,2021-10-30,Active,179756.57,0.0,0.0,0.0
8ab70044-5ede-4ef3-9548-4a735ec3ebf5,7c77ed41-3f56-4b9d-aa1f-1f2c27cc9e31,Loan,2023-06-18,Active,10658.58,21316.98,60.0,8.6
0c683c83-1624-4d56-ac68-2b022cb3a361,7d01ce42-8568-4a45-840a-285bcf9f4d1f,Savings,2025-10-22,Active,6334.9,0.0,0.0,0.0
124e00e0-0c98-4a15-89fd-abcf0419aea5,7d01ce42-8568-4a45-840a-285bcf9f4d1f,Loan,2025-10-24,Active,4314.86,4463.64,60.0,14.5
5e4c8dda-c4a5-4ebe-a42b-b32a3343cc9c,7d01ce42-8568-4a45-840a-285bcf9f4d1f,Loan,2025-10-25,Active,14485.52,14985.02,60.0,17.5
31c5eefd-6bbf-4fcd-9cd0-afdb976d37e1,7d01ce42-8568-4a45-840a-285bcf9f4d1f,FixedDeposit,2025-11-10,Active,60655.24,0.0,12.0,4.8
f362ca45-c3f9-418c-a3de-702ddbbd4054,7d01ce42-8568-4a45-840a-285bcf9f4d1f,FixedDeposit,2025-11-15,Active,22447.38,0.0,12.0,4.8
a5603b05-a7a3-49d6-90ec-d05478f3da4a,b9cef20a-b5f9-461e-92ce-2cd6b2c64240,Savings,2025-05-31,Active,774062.17,0.0,0.0,0.0
4360834d-987b-42b0-93d8-050e960174f1,b9cef20a-b5f9-461e-92ce-2cd6b2c64240,Loan,2025-10-06,Active,512855.69,543023.67,36.0,14.4
84fbe5eb-4eac-4e07-9abe-e968e6feafe9,b9cef20a-b5f9-461e-92ce-2cd6b2c64240,FixedDeposit,2025-11-06,Active,26219.13,0.0,12.0,4.8
3eee26a4-9a88-4e0a-afb5-79d26f2fe7b9,b9cef20a-b5f9-461e-92ce-2cd6b2c64240,FixedDeposit,2025-06-01,Active,76825.21,0.0,24.0,4.5
ca675a1e-6897-4936-813b-5ee45d229ad1,b9cef20a-b5f9-461e-92ce-2cd6b2c64240,FixedDeposit,2025-11-17,Active,74943.6,0.0,24.0,4.5
f0db371c-3470-40c9-8b2f-ffd033026223,33a6ceef-7e01-4cf2-8741-66f298c107e5,Savings,2022-11-21,Active,125887.63,0.0,0.0,0.0
1fc59087-92fb-4e52-acda-00fa1e112523,33a6ceef-7e01-4cf2-8741-66f298c107e5,Loan,2024-02-25,Active,16985.77,43677.93,36.0,22.9
fec05fbf-731e-4ed4-aa1f-8148425534fd,33a6ceef-7e01-4cf2-8741-66f298c107e5,Loan,2023-09-15,Active,4828.5,11036.61,48.0,16.6
a9a643ec-1538-4bb0-8ccc-c569af549998,33a6ceef-7e01-4cf2-8741-66f298c107e5,FixedDeposit,2025-11-07,Active,18518.09,0.0,3.0,4.2
77d87ff3-cd23-42b5-8dcb-0d8c5fe29133,33a6ceef-7e01-4cf2-8741-66f298c107e5,FixedDeposit,2023-07-21,Inactive,0.0,0.0,12.0,5.2
4cf0bc01-7172-4296-a774-96c4d367f80e,3bec7d65-3b4b-4d45-9f00-2d8f489d86ad,Savings,2022-06-14,Active,160892.24,0.0,0.0,0.0
0f3d5d2a-ac85-4414-9156-e754a7c20861,fca9da38-f406-4799-b165-8a3d0a55f7ba,Savings,2023-07-16,Active,111839.07,0.0,0.0,0.0
77914f7d-8c3d-43ba-927d-a6e5dd3daa93,fca9da38-f406-4799-b165-8a3d0a55f7ba,Loan,2025-05-18,Active,34582.86,40487.29,48.0,20.9
82440158-08eb-498e-8bac-cc4577be67b9,fca9da38-f406-4799-b165-8a3d0a55f7ba,Loan,2024-05-20,Inactive,0.0,10859.51,12.0,19.0
815d1b90-2f38-45fd-ae58-06aa4fd74728,fca9da38-f406-4799-b165-8a3d0a55f7ba,FixedDeposit,2025-05-05,Active,26437.68,0.0,12.0,4.8
f64c55c6-180d-4599-9622-b965ae513539,fca9da38-f406-4799-b165-8a3d0a55f7ba,FixedDeposit,2024-01-16,Inactive,0.0,0.0,12.0,5.3
f8188532-ad47-40e1-a984-b8044a9d5257,4dffa4f1-ee50-4e96-b961-6c0f157c9dc5,Savings,2023-01-10,Active,640317.0,0.0,0.0,0.0
f7abe71f-dc16-4202-a865-3a1a8ea769a7,4dffa4f1-ee50-4e96-b961-6c0f157c9dc5,Loan,2025-03-05,Active,21800.58,37372.48,24.0,19.7
f7f36b56-236f-4f45-b842-a1851424bdf6,4dffa4f1-ee50-4e96-b961-6c0f157c9dc5,FixedDeposit,2023-09-14,Active,72783.03,0.0,36.0,4.5
76f77aa1-720b-480d-9a1e-201116850959,4dffa4f1-ee50-4e96-b961-6c0f157c9dc5,FixedDeposit,2023-08-03,Inactive,0.0,0.0,3.0,4.5
112aa834-0dd7-4067-a780-785a3437ab26,331720b6-ddd0-4367-8187-21a61b36f531,Savings,2021-03-11,Active,466293.94,0.0,0.0,0.0
9c16877e-f1c7-4054-8e67-17c933ffa050,331720b6-ddd0-4367-8187-21a61b36f531,FixedDeposit,2025-04-12,Inactive,0.0,0.0,6.0,4.5
10360e37-11c5-4b8f-beec-dfcc28be139e,331720b6-ddd0-4367-8187-21a61b36f531,FixedDeposit,2022-04-06,Inactive,0.0,0.0,36.0,3.2
1b8b08ce-be7d-4aab-afc6-5edafd372b28,40a24503-72d8-48ed-ada2-a112454c5e15,Savings,2023-10-14,Active,457037.65,0.0,0.0,0.0
bfa94093-21cc-4195-8672-e00551b459df,40a24503-72d8-48ed-ada2-a112454c5e15,Loan,2025-03-06,Active,20677.89,26119.49,48.0,18.2
87e36ecc-4b2c-4fa9-aaaa-82313bf7c4f6,40a24503-72d8-48ed-ada2-a112454c5e15,Loan,2024-07-05,Active,220270.02,314671.38,60.0,14.4
2dce8719-14d3-47c7-9766-e4f2722f06c8,40a24503-72d8-48ed-ada2-a112454c5e15,FixedDeposit,2024-10-27,Inactive,0.0,0.0,12.0,5.3
d0618455-9463-4dd3-b855-1b5448cd92af,fb4cd49d-b276-46fd-8ae6-231629ee8b1d,Savings,2024-07-06,Active,107042.18,0.0,0.0,0.0
7312b209-fa98-4d6b-b9d8-c41eaedceaab,fb4cd49d-b276-46fd-8ae6-231629ee8b1d,FixedDeposit,2025-11-16,Active,7648.85,0.0,24.0,4.5
1de13891-4611-4ec3-8fd2-00ef8b06622d,0d1af9d9-4374-43de-bd3c-597fe427b88c,Savings,2025-08-26,Active,38378.53,0.0,0.0,0.0
7c60169a-c6ce-4911-852d-756908097b2b,0d1af9d9-4374-43de-bd3c-597fe427b88c,FixedDeposit,2025-09-10,Active,15363.97,0.0,12.0,4.8
4dfbcda2-0f89-4870-80f4-9fa62682ac4c,0d1af9d9-4374-43de-bd3c-597fe427b88c,FixedDeposit,2025-09-27,Active,75318.5,0.0,24.0,4.5
79052eaf-ae82-4f0e-b9ce-9f15700f424d,4691993b-e724-4b7d-9a50-a8b56e358198,Savings,2022-01-20,Active,450520.08,0.0,0.0,0.0
d87c254f-d719-4d5e-9fd8-95d8ce43aeed,4691993b-e724-4b7d-9a50-a8b56e358198,Loan,2022-10-01,Active,960.44,2744.3,60.0,11.7
60fc9e53-1739-4ca6-9944-f260e6f6e257,4691993b-e724-4b7d-9a50-a8b56e358198,Loan,2022-07-26,Active,14557.18,45970.56,60.0,15.4
81732a26-bc60-47d3-a22d-e29616d7bd12,eeb821f6-b975-4138-b73b-c55e69d933cf,Savings,2022-11-09,Active,312352.85,0.0,0.0,0.0
b18c7f71-ee94-4e51-87b7-99e7baa47ddb,eeb821f6-b975-4138-b73b-c55e69d933cf,FixedDeposit,2024-12-27,Inactive,0.0,0.0,12.0,5.3
63da8708-3df5-4a53-9eaf-585c049fd612,eeb821f6-b975-4138-b73b-c55e69d933cf,FixedDeposit,2025-02-13,Inactive,0.0,0.0,3.0,4.2
dc9f8aa6-0f47-41e3-a4be-8a111a45fc79,eeb821f6-b975-4138-b73b-c55e69d933cf,FixedDeposit,2024-06-12,Inactive,0.0,0.0,12.0,5.3
7ba3019b-2d9d-4b02-a5ca-ee81c5b0ab6b,80e3bbba-7737-4c0b-b8a9-f3ad7438ac2a,Savings,2023-12-31,Active,150606.7,0.0,0.0,0.0
34ace364-cd92-4289-900a-fbeb3087560f,80e3bbba-7737-4c0b-b8a9-f3ad7438ac2a,Loan,2025-03-15,Active,11840.06,13929.5,60.0,14.7
86534eaf-6084-49af-bfc4-a5e73bbdd319,80e3bbba-7737-4c0b-b8a9-f3ad7438ac2a,FixedDeposit,2024-12-13,Inactive,0.0,0.0,3.0,4.8
faf7d094-bbd3-4550-9612-20ad5ec314ff,80e3bbba-7737-4c0b-b8a9-f3ad7438ac2a,FixedDeposit,2024-12-27,Inactive,0.0,0.0,3.0,4.8
d2e56e60-cb02-4af1-a186-aa104f449f44,b0fe6291-316b-4163-be37-b57e6b80a7cb,Savings,2022-06-07,Active,654966.21,0.0,0.0,0.0
4e07fcf6-033d-491a-8620-eed874bc8c4a,b0fe6291-316b-4163-be37-b57e6b80a7cb,Loan,2025-07-12,Active,163483.09,206504.94,24.0,10.0
410d8966-1de2-4536-8ac1-6921a2c040d5,b0fe6291-316b-4163-be37-b57e6b80a7cb,Loan,2023-10-28,Active,7756.65,13688.03,60.0,21.3
ca1ec3f9-b54e-4518-80bb-19be5c56ab99,0eaba284-9ce3-40cc-bf79-fe3951c6ac70,Savings,2024-07-18,Active,183758.6,0.0,0.0,0.0
2f12b452-2638-4196-86fe-e322e27787de,0eaba284-9ce3-40cc-bf79-fe3951c6ac70,Loan,2024-10-23,Active,9438.12,22651.32,24.0,8.0
c19e5298-5166-4001-8507-090aed0ac2a0,0eaba284-9ce3-40cc-bf79-fe3951c6ac70,Loan,2025-08-24,Active,4208.98,6313.46,12.0,21.1
24e9e725-f286-4191-aef9-be88d947c7ae,0eaba284-9ce3-40cc-bf79-fe3951c6ac70,FixedDeposit,2024-07-30,Inactive,0.0,0.0,3.0,4.8
38617d25-1015-44c5-9202-d05e41f6d35a,61843316-154e-4a9c-9786-de451a2b76f4,Savings,2024-05-21,Active,154013.28,0.0,0.0,0.0
dafde196-0808-4022-a58b-d239171345e3,61843316-154e-4a9c-9786-de451a2b76f4,Loan,2025-04-16,Active,3339.9,5009.82,24.0,23.4
5219959d-c658-4da9-9057-8319e310da88,b45c844f-786a-489a-a7cc-f55aa33df67d,Savings,2020-03-23,Active,1064964.34,0.0,0.0,0.0
e7819ddb-6ea6-4fde-bed4-2b2d4606f739,b45c844f-786a-489a-a7cc-f55aa33df67d,FixedDeposit,2024-10-02,Inactive,0.0,0.0,6.0,5.1
fb07e000-1d0f-48dc-bbf3-793dc4cd81fe,b45c844f-786a-489a-a7cc-f55aa33df67d,FixedDeposit,2022-08-03,Inactive,0.0,0.0,36.0,3.2
01337e5f-a9d1-4513-9bfa-4fc7dd4eeb98,7afc8997-1a18-449c-8956-7f854815d64b,Savings,2021-02-23,Active,94029.86,0.0,0.0,0.0
84c973ea-4ced-48f4-acb8-b23e8c74768d,7afc8997-1a18-449c-8956-7f854815d64b,FixedDeposit,2025-03-05,Active,67804.14,0.0,12.0,4.8
fe78e6e5-0438-447b-b4ac-dd7eca24b7c1,03e59911-d436-4ad6-a7cc-55113a2e10d4,Savings,2021-03-03,Active,490505.88,0.0,0.0,0.0
d6298923-93b7-42d7-bf58-1ac76ddd20c5,03e59911-d436-4ad6-a7cc-55113a2e10d4,Loan,2025-05-16,Active,7377.28,8636.79,48.0,16.5
da698b28-98f1-4402-b967-52880f1d969e,03e59911-d436-4ad6-a7cc-55113a2e10d4,FixedDeposit,2024-07-16,Inactive,0.0,0.0,3.0,4.8
dbe55047-9ee2-432b-b438-645cec8e1047,03e59911-d436-4ad6-a7cc-55113a2e10d4,FixedDeposit,2025-09-19,Inactive,0.0,0.0,3.0,4.2
c1705f26-6e68-49f3-b4d6-1880eeebd2b6,03e59911-d436-4ad6-a7cc-55113a2e10d4,FixedDeposit,2024-01-14,Inactive,0.0,0.0,6.0,5.1
00dc398c-d13e-4ff8-b76b-fef5056ca061,50af50bf-e133-4af7-8bf8-e105b34e365a,Savings,2020-02-18,Active,388099.24,0.0,0.0,0.0
7b645544-7063-452c-be0d-85642e6901d2,50af50bf-e133-4af7-8bf8-e105b34e365a,Loan,2022-06-25,Active,14546.26,48487.3,60.0,23.3
9adf8c7f-3353-4c45-8d30-0eaf9886ea33,50af50bf-e133-4af7-8bf8-e105b34e365a,Loan,2022-04-22,Inactive,0.0,27663.06,24.0,23.9
cbbf48b5-a301-4bb4-b56b-ee845de308ec,50af50bf-e133-4af7-8bf8-e105b34e365a,FixedDeposit,2022-10-18,Inactive,0.0,0.0,36.0,3.2
8ed33523-2ca6-4096-94b8-57b325bb3069,50af50bf-e133-4af7-8bf8-e105b34e365a,FixedDeposit,2021-02-03,Inactive,0.0,0.0,6.0,0.8
23b8cf21-aaea-41c1-945f-8fd56da598f7,ac68fadf-d53f-4275-8728-fbd5a13154b2,Savings,2023-12-13,Active,146337.17,0.0,0.0,0.0
98607eb7-d165-4df1-b1ef-ecaa1ab87be5,ac68fadf-d53f-4275-8728-fbd5a13154b2,Loan,2024-01-12,Active,448.28,10757.57,24.0,23.1
d6c6ec2b-5f16-4e45-86a0-0771e1f33325,81496110-82b0-4c59-81c0-c1a21df60bdc,Savings,2023-05-22,Active,241739.75,0.0,0.0,0.0
7edcd04a-17fc-4124-8e44-ce5f1f13fa20,81496110-82b0-4c59-81c0-c1a21df60bdc,FixedDeposit,2025-05-24,Active,82672.53,0.0,36.0,4.2
30763257-fe07-445a-845f-9f4823a153fe,81496110-82b0-4c59-81c0-c1a21df60bdc,FixedDeposit,2024-10-16,Inactive,0.0,0.0,6.0,5.1
118ae27f-4982-41c9-907f-f207b68761d2,81496110-82b0-4c59-81c0-c1a21df60bdc,FixedDeposit,2025-03-01,Active,99931.81,0.0,36.0,4.2
4451761b-c45b-421c-a710-51a3941f7d3f,88a06d40-2b7e-4c5e-ade9-e5eb5bf784f2,Savings,2022-10-14,Active,311671.61,0.0,0.0,0.0
85da0a50-b8f2-47d0-be03-e83f44d3b727,88a06d40-2b7e-4c5e-ade9-e5eb5bf784f2,Loan,2022-11-04,Inactive,0.0,5604.29,24.0,16.6
ea77322f-49ff-4c1b-9df1-03ef33548d44,88a06d40-2b7e-4c5e-ade9-e5eb5bf784f2,FixedDeposit,2022-10-30,Inactive,0.0,0.0,36.0,3.2
500e457e-798a-4452-b721-5fbaaa7bf887,bd9dad6c-2eb4-49da-8dc9-b77671a115c8,Savings,2023-01-09,Active,296536.84,0.0,0.0,0.0
6c5ed5e7-40a2-4ae5-87d4-1ab8f761485f,bd9dad6c-2eb4-49da-8dc9-b77671a115c8,Loan,2023-11-27,Active,11767.86,24558.86,48.0,13.5
3078d125-fff9-450e-a3e5-e6d52c1c640f,bd9dad6c-2eb4-49da-8dc9-b77671a115c8,Loan,2023-01-25,Inactive,0.0,13674.44,12.0,9.3
52e8604f-9bf4-4400-a37a-c4243bfdf10b,bd9dad6c-2eb4-49da-8dc9-b77671a115c8,FixedDeposit,2025-01-30,Inactive,0.0,0.0,6.0,4.5
2beb73d3-a006-4092-839d-7ffe7c4eb594,bd9dad6c-2eb4-49da-8dc9-b77671a115c8,FixedDeposit,2024-03-22,Active,61483.91,0.0,24.0,5.0
3517fdf5-0f45-43a3-b3a8-38e961f37ed2,bd9dad6c-2eb4-49da-8dc9-b77671a115c8,FixedDeposit,2024-12-21,Inactive,0.0,0.0,6.0,5.1
2898f116-ed48-4033-ab1e-f6e05d9feff6,48581129-9165-4ee8-b5f4-3a8bd3c8ad93,Savings,2021-10-23,Active,261349.73,0.0,0.0,0.0
83c08cfe-7878-4b59-9974-7cebfa3293e9,48581129-9165-4ee8-b5f4-3a8bd3c8ad93,Loan,2025-03-02,Active,6788.86,40733.36,12.0,20.3
73222913-6959-4f11-a449-6303bfcfcebc,48581129-9165-4ee8-b5f4-3a8bd3c8ad93,FixedDeposit,2025-10-28,Active,51031.64,0.0,6.0,4.5
2a599c28-466a-458c-a82d-19f234105bcf,1ae3f4e1-6dca-433c-8bce-c18a470ab26f,Savings,2025-03-12,Active,9472.48,0.0,0.0,0.0
631ee564-aa34-4bbd-82f1-2ea6c8020c8d,1ae3f4e1-6dca-433c-8bce-c18a470ab26f,FixedDeposit,2025-10-31,Active,2598.05,0.0,12.0,4.8
08dc8d94-a1fd-4fad-a012-a6e07570052e,1ae3f4e1-6dca-433c-8bce-c18a470ab26f,FixedDeposit,2025-10-05,Active,21854.52,0.0,12.0,4.8
d370d176-7169-4190-b77b-efa5bd3e8b78,1ae3f4e1-6dca-433c-8bce-c18a470ab26f,FixedDeposit,2025-03-24,Active,81640.18,0.0,12.0,4.8
ccf48f1e-d408-422f-a6cf-b02d25b547f9,3b59b9c4-42e4-4721-b1ae-ef27980fbfa1,Savings,2023-07-19,Active,160562.21,0.0,0.0,0.0
630baf10-a912-4a43-92fa-ac954c72fe2e,3b59b9c4-42e4-4721-b1ae-ef27980fbfa1,Loan,2023-11-11,Inactive,0.0,40600.87,24.0,20.1
a3945a41-849e-471d-9faf-f982c2dc9bfd,20ebb257-2a2c-4e7c-8563-5442a5330913,Savings,2025-10-01,Active,14299.51,0.0,0.0,0.0
f36cbaac-6499-4f6f-9494-fc28370ba1a4,20ebb257-2a2c-4e7c-8563-5442a5330913,Loan,2025-10-27,Active,3306.56,3967.88,12.0,21.1
5250ba99-1bda-4f3f-b08c-db9d6d60ff66,20ebb257-2a2c-4e7c-8563-5442a5330913,Loan,2025-10-22,Active,11711.03,12220.21,48.0,17.7
94071578-5f6d-44fe-b4bc-e3d462dab6ce,20ebb257-2a2c-4e7c-8563-5442a5330913,FixedDeposit,2025-10-21,Active,12197.15,0.0,36.0,4.2
f819c3e4-27f2-460f-bdb3-f05e6317cc76,20ebb257-2a2c-4e7c-8563-5442a5330913,FixedDeposit,2025-10-30,Active,20422.15,0.0,24.0,4.5
43b4859d-a1b1-4a9c-bd9d-21d0705e4149,20ebb257-2a2c-4e7c-8563-5442a5330913,FixedDeposit,2025-10-15,Active,64979.86,0.0,3.0,4.2
d63c1d36-02f2-40f4-a4af-2999d90fd9f9,d9645599-da76-49c9-9715-7a77beeeb370,Savings,2025-05-29,Active,41065.91,0.0,0.0,0.0
44bf9229-53ce-4b6b-8b47-f3361022548e,d9645599-da76-49c9-9715-7a77beeeb370,Loan,2025-10-07,Active,1713.85,2056.61,12.0,16.2
4eba6831-6ed7-412b-aad5-195667a4637a,d9645599-da76-49c9-9715-7a77beeeb370,FixedDeposit,2025-10-05,Active,15697.8,0.0,36.0,4.2
be5734e3-e0af-4af2-962c-3eac7fa9f2d0,54bd535a-92e2-4284-97d6-aba387e33515,Savings,2025-05-09,Active,174862.0,0.0,0.0,0.0
60231523-bff8-4086-abb6-4e0936440b82,54bd535a-92e2-4284-97d6-aba387e33515,Loan,2025-06-22,Active,4725.76,5670.94,36.0,15.5
e11e8a79-af17-413d-92e1-414ef7b48415,54bd535a-92e2-4284-97d6-aba387e33515,Loan,2025-08-02,Active,10863.13,12615.23,36.0,9.5
ad6b552c-f7b9-4a95-a341-40bc34a86971,54bd535a-92e2-4284-97d6-aba387e33515,FixedDeposit,2025-06-13,Active,14939.35,0.0,12.0,4.8
0da3e57e-b336-4d66-894b-97a2d1b22cfb,a25c1528-bb2b-4019-9e2b-706e62835601,Savings,2021-10-18,Active,282362.33,0.0,0.0,0.0
c6dc34c5-2c96-49e2-9b90-3ce7bf8b255e,a25c1528-bb2b-4019-9e2b-706e62835601,Loan,2021-12-31,Active,2940.05,70562.81,48.0,7.7
8a51438a-944d-43f4-8ad3-67a336987f82,a25c1528-bb2b-4019-9e2b-706e62835601,FixedDeposit,2022-12-15,Inactive,0.0,0.0,6.0,2.2
e9f27a3b-2830-4f4f-a553-54364482a8c2,f7042822-0b7c-4ce5-b657-c554d828b4b0,Savings,2025-02-04,Active,403974.57,0.0,0.0,0.0
d36aa0b5-08a8-4339-bc8d-90e6621f0d36,f7042822-0b7c-4ce5-b657-c554d828b4b0,Loan,2025-09-08,Active,9382.09,9875.89,60.0,20.3
ddd779f1-9564-4c44-869a-79d637a35f03,f7042822-0b7c-4ce5-b657-c554d828b4b0,Loan,2025-04-26,Active,11362.63,17043.99,24.0,15.8
d80a495e-dec2-4a6d-9fee-94f66c4db933,08ed2d4b-9be9-4493-ba09-bf7f0ce09cdd,Savings,2025-07-08,Active,73972.42,0.0,0.0,0.0
ec36238b-e700-45b2-95ae-19546a600681,08ed2d4b-9be9-4493-ba09-bf7f0ce09cdd,Loan,2025-08-10,Active,36612.04,39940.4,48.0,19.2
e2f17259-1a8c-4c78-8233-b90705f1aef8,08ed2d4b-9be9-4493-ba09-bf7f0ce09cdd,Loan,2025-07-16,Active,19428.58,21687.73,48.0,19.9
c1ad0369-ff95-404b-ba4d-55ae4610df4b,08ed2d4b-9be9-4493-ba09-bf7f0ce09cdd,FixedDeposit,2025-07-28,Active,46726.1,0.0,36.0,4.2
3bf42443-d665-4b9b-81f5-2b61d99326d1,08ed2d4b-9be9-4493-ba09-bf7f0ce09cdd,FixedDeposit,2025-11-24,Active,71947.48,0.0,12.0,4.8
be854bd6-8a42-4b99-88b5-2aeb0feba5e5,08ed2d4b-9be9-4493-ba09-bf7f0ce09cdd,FixedDeposit,2025-09-15,Active,83493.29,0.0,6.0,4.5
9543493a-82f0-456a-b036-7b2d37849fd8,442285d8-f8a2-466f-b178-b2340b856159,Savings,2025-10-28,Active,12413.84,0.0,0.0,0.0
934ca168-988a-43d8-9fdc-ee478d189397,442285d8-f8a2-466f-b178-b2340b856159,Loan,2025-10-31,Active,3061.73,3674.07,12.0,8.6
d7df6380-7065-479e-8582-5e75fa8d59dd,442285d8-f8a2-466f-b178-b2340b856159,Loan,2025-11-01,Active,1964.43,2143.01,24.0,22.1
9cf03c04-eb31-434d-ad60-03771a8c1904,442285d8-f8a2-466f-b178-b2340b856159,FixedDeposit,2025-11-02,Active,54174.06,0.0,6.0,4.5
4677145a-c89d-4f8f-b1aa-4e5021f7d01d,672984ad-50aa-4360-9883-ac6b0a6b6814,Savings,2021-04-09,Active,364420.69,0.0,0.0,0.0
93f46ebf-9544-44e4-82f0-663cbed3d437,672984ad-50aa-4360-9883-ac6b0a6b6814,FixedDeposit,2025-09-27,Active,47510.24,0.0,12.0,4.8
0fda9b58-84db-447d-87cb-ffc131017a1d,672984ad-50aa-4360-9883-ac6b0a6b6814,FixedDeposit,2021-11-09,Inactive,0.0,0.0,24.0,1.2
eb12ad7f-fc77-4937-b915-ff05aca3606d,672984ad-50aa-4360-9883-ac6b0a6b6814,FixedDeposit,2025-09-05,Active,62258.2,0.0,12.0,4.8
b1f42a3d-c752-48e2-99cd-65b32537f21b,0e0a95fe-7979-493e-9c00-32ff2de3b2e1,Savings,2024-04-22,Active,204878.98,0.0,0.0,0.0
b52ea089-87df-4ddc-86eb-83d58272efa4,0e0a95fe-7979-493e-9c00-32ff2de3b2e1,Loan,2025-06-15,Active,6721.38,8065.62,36.0,20.2
bf6d0696-b8c9-4087-9f00-be00391b0016,0e0a95fe-7979-493e-9c00-32ff2de3b2e1,Loan,2025-05-03,Active,10349.09,11941.25,60.0,14.0
636ee213-721c-43ee-8b3a-5fc5e2aea018,0e0a95fe-7979-493e-9c00-32ff2de3b2e1,FixedDeposit,2024-06-01,Active,14904.85,0.0,24.0,5.0
abda3f83-fbcb-42fb-9af3-b33a9e6cabd3,0e0a95fe-7979-493e-9c00-32ff2de3b2e1,FixedDeposit,2024-10-06,Inactive,0.0,0.0,12.0,5.3
78beeef6-6476-425f-a393-7bee8d471be2,cb729fe3-4cb9-48dd-b27a-639077661a63,Savings,2020-09-25,Active,5465.56,0.0,0.0,0.0
1137a678-17db-4ecb-b8b9-3a3a12ac1371,cb729fe3-4cb9-48dd-b27a-639077661a63,Loan,2025-09-24,Active,50658.59,54035.84,48.0,10.4
3a61968e-8f9e-433a-a192-8c1c147e2b10,cb729fe3-4cb9-48dd-b27a-639077661a63,FixedDeposit,2025-06-22,Active,66824.08,0.0,24.0,4.5
abd9a42f-82cf-45aa-b79f-183cded68f50,cb729fe3-4cb9-48dd-b27a-639077661a63,FixedDeposit,2024-06-01,Inactive,0.0,0.0,6.0,5.1
ca20046d-ece8-4ba0-9933-51df01d86a0b,cb729fe3-4cb9-48dd-b27a-639077661a63,FixedDeposit,2020-11-25,Inactive,0.0,0.0,3.0,0.5
9faa3d6d-d9af-4421-98aa-8e08801244a4,892dec89-f06e-43e2-a5d4-7185c8876dee,Savings,2020-12-16,Active,473688.93,0.0,0.0,0.0
90bc926a-28ac-4aa9-b955-6cde14fce4e1,892dec89-f06e-43e2-a5d4-7185c8876dee,Loan,2021-11-02,Inactive,0.0,8310.82,48.0,18.8
a1aced28-7fe5-411e-b85d-d3971ab5e4d5,892dec89-f06e-43e2-a5d4-7185c8876dee,FixedDeposit,2021-07-09,Inactive,0.0,0.0,6.0,0.8
98e65221-dcc1-461b-a7ce-09014d7c1bef,892dec89-f06e-43e2-a5d4-7185c8876dee,FixedDeposit,2023-09-10,Active,29037.05,0.0,36.0,4.5
ab1cb70c-4ead-40d4-8874-0f34c55d628e,6755932d-ac2e-449f-92bf-e8901839fe62,Savings,2020-05-17,Active,669935.47,0.0,0.0,0.0
0347e14a-f45d-4d91-a7de-bb06016f9a89,6755932d-ac2e-449f-92bf-e8901839fe62,FixedDeposit,2024-06-12,Active,25412.48,0.0,36.0,4.7
c30ee939-2f88-4082-b2c3-341d6a7eac0d,0d22fb82-3d25-40be-8892-3cae1f41c046,Savings,2022-10-29,Active,90277.15,0.0,0.0,0.0
d2b30838-8819-477e-b919-c7c30e784678,0d22fb82-3d25-40be-8892-3cae1f41c046,Loan,2024-07-25,Active,34377.21,47968.2,60.0,11.0
cd407f82-8a91-481e-bd8e-a0d31472abb1,0d22fb82-3d25-40be-8892-3cae1f41c046,FixedDeposit,2023-04-16,Inactive,0.0,0.0,6.0,5.0
fc91d904-e95f-47d9-9940-e7a1864275f0,0d22fb82-3d25-40be-8892-3cae1f41c046,FixedDeposit,2023-12-08,Inactive,0.0,0.0,24.0,4.8
d7b8cdc2-99ad-4ad5-a99a-04267935a2be,0d22fb82-3d25-40be-8892-3cae1f41c046,FixedDeposit,2023-06-22,Inactive,0.0,0.0,6.0,5.0
a67bc75f-a880-4926-b1eb-698b82072e62,875c3c77-8289-437d-9a8e-f5173c168381,Savings,2021-10-08,Active,191063.24,0.0,0.0,0.0
65c5fd8a-17da-40c4-af29-1ad870ef3a1a,875c3c77-8289-437d-9a8e-f5173c168381,Loan,2023-11-09,Inactive,0.0,50044.82,12.0,10.8
6834977e-d689-44b7-a269-9b73cc3315c5,07e23c33-b1fd-448b-87fc-8650090c5f12,Savings,2020-02-27,Active,465621.6,0.0,0.0,0.0
5f5e38d9-2ad2-4672-8c1c-3f0cc5a0be86,07e23c33-b1fd-448b-87fc-8650090c5f12,FixedDeposit,2023-04-11,Inactive,0.0,0.0,24.0,4.8
d2de72bd-8200-4692-9221-1691c6bf2dac,07e23c33-b1fd-448b-87fc-8650090c5f12,FixedDeposit,2021-11-14,Inactive,0.0,0.0,36.0,1.4
028ab96b-2c86-4ea5-b505-d28bc334f1db,07e23c33-b1fd-448b-87fc-8650090c5f12,FixedDeposit,2021-10-25,Inactive,0.0,0.0,6.0,0.8
541e321d-ac16-449e-8fa4-8a42e09cba1b,29629ed2-85b6-40c3-a490-7faa2e27701e,Savings,2022-09-16,Active,409106.08,0.0,0.0,0.0
a0db1810-5bfc-437c-8f2c-155521843f85,29629ed2-85b6-40c3-a490-7faa2e27701e,Loan,2022-12-13,Active,21424.44,257091.3,36.0,8.4
fc34733c-9b6e-4fc8-b370-ced47dff2c2c,29629ed2-85b6-40c3-a490-7faa2e27701e,Loan,2024-06-28,Active,21635.88,34617.48,48.0,17.0
75cd4bad-7d0a-4e34-9464-d51c83a1d378,29629ed2-85b6-40c3-a490-7faa2e27701e,FixedDeposit,2024-06-23,Inactive,0.0,0.0,12.0,5.3
3dbaf8c7-2b34-478f-a034-4959aed0df1b,29629ed2-85b6-40c3-a490-7faa2e27701e,FixedDeposit,2023-01-14,Inactive,0.0,0.0,36.0,4.5
5b45d354-b601-4c52-a3cb-ed8a112c53c1,d8c42f7b-1287-4249-99de-827b59280195,Savings,2020-01-08,Active,80935.43,0.0,0.0,0.0
542327e3-e1e4-4bdf-bba1-b3a35c80c0bd,d8c42f7b-1287-4249-99de-827b59280195,FixedDeposit,2024-09-13,Inactive,0.0,0.0,12.0,5.3
684a8505-2bcb-4d80-8dfa-63728e29741f,d8c42f7b-1287-4249-99de-827b59280195,FixedDeposit,2024-12-15,Active,82453.91,0.0,24.0,5.0
60006d70-f15f-4e00-a97b-2de3a6aa5544,d8c42f7b-1287-4249-99de-827b59280195,FixedDeposit,2023-10-04,Inactive,0.0,0.0,6.0,5.0
23dd78ce-2a79-442f-8beb-ce09502e6cb9,a7423076-c017-419a-8d46-d6c9ab0056d5,Savings,2022-08-08,Active,1693797.02,0.0,0.0,0.0
40b75642-098d-4c44-9008-7fa887868f2e,a7423076-c017-419a-8d46-d6c9ab0056d5,Loan,2024-01-25,Active,575.16,13801.31,24.0,21.1
d7aa8e6f-730e-4919-92ce-244ffdd3962b,a7423076-c017-419a-8d46-d6c9ab0056d5,Loan,2023-09-03,Inactive,0.0,11514.45,24.0,16.1
afd4000e-2d8a-4d4f-8af2-4443a2fd5f26,a7423076-c017-419a-8d46-d6c9ab0056d5,FixedDeposit,2023-11-20,Inactive,0.0,0.0,24.0,4.8
380a228e-4368-43fc-a77f-a924f34ab9b9,a7423076-c017-419a-8d46-d6c9ab0056d5,FixedDeposit,2023-01-07,Inactive,0.0,0.0,12.0,5.2
2b21691c-4c08-4e83-939c-84c9f2f87b0e,a7423076-c017-419a-8d46-d6c9ab0056d5,FixedDeposit,2024-03-03,Inactive,0.0,0.0,6.0,5.1
6a565555-da28-431a-a852-b7db36c7df40,3354ef3c-439e-4dec-af47-f15510f0b656,Savings,2025-05-17,Active,31791.3,0.0,0.0,0.0
ee680202-1918-4ca7-a445-4d810de431c5,3354ef3c-439e-4dec-af47-f15510f0b656,FixedDeposit,2025-07-11,Active,40141.99,0.0,12.0,4.8
adeacfd6-d540-4ece-bbb7-02ca4a8857aa,3354ef3c-439e-4dec-af47-f15510f0b656,FixedDeposit,2025-10-13,Active,62507.63,0.0,6.0,4.5
090d19a2-ed58-482f-8adb-8edec5ee30c9,3354ef3c-439e-4dec-af47-f15510f0b656,FixedDeposit,2025-11-03,Active,18084.43,0.0,12.0,4.8
49a47dda-e1aa-4f2e-a41a-73a3f4e2461a,62d5f300-10e7-41b5-8bd5-36cb34621ecc,Savings,2023-10-08,Active,386279.84,0.0,0.0,0.0
da84fb4e-f4c4-462f-b626-4581c9fa09e4,ab7e89ce-fc4d-43fe-b0c9-62c79d65d0eb,Savings,2025-11-29,Active,37522.83,0.0,0.0,0.0
b9da693d-2c73-4400-851f-31d2a76076b6,ab7e89ce-fc4d-43fe-b0c9-62c79d65d0eb,Loan,2025-11-29,Active,9342.97,10192.33,12.0,16.3
fa8647c1-8698-4e8a-b772-ed083f03f11f,ab7e89ce-fc4d-43fe-b0c9-62c79d65d0eb,Loan,2025-11-29,Active,6747.34,6940.12,36.0,15.1
a6215bf8-fbf5-4ab5-9dcc-a47ff9b3f16d,e89e7cf5-4d3d-43a5-a9ab-0d52cff98ffa,Savings,2022-07-21,Active,76391.54,0.0,0.0,0.0
5fb43d79-d86a-4c17-be6f-32b358a17c88,e89e7cf5-4d3d-43a5-a9ab-0d52cff98ffa,Loan,2023-09-05,Inactive,0.0,74840.55,12.0,14.3
2f0efdf7-e8ef-4ee7-8bc3-ddfe609d49c3,e89e7cf5-4d3d-43a5-a9ab-0d52cff98ffa,FixedDeposit,2024-02-23,Inactive,0.0,0.0,6.0,5.1
d496172d-0d53-4957-8aa5-79443403afb1,e89e7cf5-4d3d-43a5-a9ab-0d52cff98ffa,FixedDeposit,2022-11-28,Inactive,0.0,0.0,36.0,3.2
91684e2b-46b7-4843-82da-b18662315af7,be14641c-56c2-4032-85c9-93bccee63853,Savings,2024-08-18,Active,370991.86,0.0,0.0,0.0
c7e9c20e-4375-401c-aa51-31f9d3bc6008,be14641c-56c2-4032-85c9-93bccee63853,Loan,2024-11-06,Inactive,0.0,15354.31,12.0,16.9
2f5f4cc5-cf67-4a6c-8c0f-18c9bf2d92f2,be14641c-56c2-4032-85c9-93bccee63853,Loan,2025-03-20,Active,11968.67,19149.86,24.0,15.8
7bac1f8e-1f1e-4dfe-8456-cf7d5d387a7a,be14641c-56c2-4032-85c9-93bccee63853,FixedDeposit,2025-10-06,Active,6437.47,0.0,24.0,4.5
70179dd0-6543-4083-a7a7-49035f79c406,be14641c-56c2-4032-85c9-93bccee63853,FixedDeposit,2025-01-15,Inactive,0.0,0.0,6.0,4.5
efe18c14-e09b-4ce8-aea9-bd7eec1c59a1,ec390c4a-0291-4953-8207-09fd36382d43,Savings,2025-05-25,Active,38272.69,0.0,0.0,0.0
1e99723c-305f-4bb9-8eef-03166c5148d9,ec390c4a-0291-4953-8207-09fd36382d43,Loan,2025-10-23,Active,12175.24,14610.28,12.0,18.8
6d2bd6c6-b9ea-4efc-ae65-72d3be9ae1af,ec390c4a-0291-4953-8207-09fd36382d43,FixedDeposit,2025-06-22,Active,37603.96,0.0,12.0,4.8
67f896e6-a782-493c-8fa3-c9f74e7aeb23,01c68704-6b21-4469-a5aa-45e41169762e,Savings,2020-02-01,Active,162392.18,0.0,0.0,0.0
dd6f1b60-6725-4f8b-87e4-c44edb8eec4d,01c68704-6b21-4469-a5aa-45e41169762e,Loan,2024-09-26,Active,14606.89,25040.44,36.0,12.3
48e6af2f-10e3-469b-8b36-a156f31decdd,01c68704-6b21-4469-a5aa-45e41169762e,Loan,2025-06-13,Active,22270.24,29693.62,24.0,15.8
464dab65-ab73-4094-b86f-d36f61f614c1,01c68704-6b21-4469-a5aa-45e41169762e,FixedDeposit,2022-01-16,Inactive,0.0,0.0,6.0,2.2
4ea4f140-ae7c-48c7-8cd1-89aa9aa87df0,01c68704-6b21-4469-a5aa-45e41169762e,FixedDeposit,2020-05-27,Inactive,0.0,0.0,12.0,1.0
e9ebf157-6f5f-4741-b5ea-04217bc77949,b3de5849-ff38-4a87-a725-b05bd9f4817c,Savings,2021-06-14,Active,127068.33,0.0,0.0,0.0
4ac2ed0c-2669-4291-b6b9-1908ba111f81,59ce8957-3a7c-4493-a835-af2bd7d911e2,Savings,2025-03-20,Active,88583.4,0.0,0.0,0.0
626cea25-4e82-4bd9-ae90-3a7c1aa6f6ef,be892ef2-2f3d-4b98-9a44-9c0e4aefb229,Savings,2025-11-20,Active,126684.77,0.0,0.0,0.0
4269d5d8-4741-4b3d-9cc9-17f0daba64d1,be892ef2-2f3d-4b98-9a44-9c0e4aefb229,Loan,2025-11-20,Active,32908.87,34339.69,24.0,11.2
5bd3521e-4873-4c22-a98b-edf2956d8f40,be892ef2-2f3d-4b98-9a44-9c0e4aefb229,Loan,2025-11-20,Active,96646.58,105432.63,12.0,21.6
76e2de81-7344-46cb-98e6-2d3ac0a73d3a,be892ef2-2f3d-4b98-9a44-9c0e4aefb229,FixedDeposit,2025-11-28,Active,30650.76,0.0,12.0,4.8
141b0a88-f1da-47e7-83d4-d525f36cd387,9c4bc289-1d63-4ea2-989a-5739fba8012a,Savings,2021-04-23,Active,453890.54,0.0,0.0,0.0
711cd4cf-2b11-49c0-80f4-a4331e1f1409,9c4bc289-1d63-4ea2-989a-5739fba8012a,Loan,2025-04-08,Active,9511.64,12229.24,36.0,8.4
648b15c5-98d0-4a0c-bd66-714e6709fc15,9c4bc289-1d63-4ea2-989a-5739fba8012a,FixedDeposit,2025-01-13,Active,79883.58,0.0,12.0,4.8
2b17947f-7e6e-48c7-858a-ca142280f3f2,9c4bc289-1d63-4ea2-989a-5739fba8012a,FixedDeposit,2024-11-23,Inactive,0.0,0.0,3.0,4.8
281b96cc-d852-4274-8ddb-aa5a924d17c9,9c4bc289-1d63-4ea2-989a-5739fba8012a,FixedDeposit,2024-10-10,Inactive,0.0,0.0,3.0,4.8
185b9576-9ba4-42c3-a6bf-97d9b9e93bcc,6efdd199-019a-43d4-af44-365a6492dc54,Savings,2023-08-20,Active,32106.39,0.0,0.0,0.0
697c8558-0b60-4427-b25f-b15543f68d43,6efdd199-019a-43d4-af44-365a6492dc54,FixedDeposit,2023-08-28,Inactive,0.0,0.0,6.0,5.0
25c59181-68bf-4ffb-944d-1dfbe58fd0fb,6efdd199-019a-43d4-af44-365a6492dc54,FixedDeposit,2025-07-13,Active,90769.49,0.0,12.0,4.8
0c943a0a-db7e-4f1d-8f04-735122827e39,894e25fd-37b5-438d-a704-c218db7bc94d,Savings,2024-02-26,Active,110037.52,0.0,0.0,0.0
69409830-f1d7-4bc5-8e73-54ac669a03f0,894e25fd-37b5-438d-a704-c218db7bc94d,FixedDeposit,2025-05-26,Inactive,0.0,0.0,6.0,4.5
39951d39-1782-49b1-8e5b-1d2fffc1921e,894e25fd-37b5-438d-a704-c218db7bc94d,FixedDeposit,2025-07-23,Active,59647.44,0.0,6.0,4.5
5398bfe8-f90a-4208-b037-8370c86582f7,4f197b67-91ee-45c5-87af-9c28aa06d9b3,Savings,2020-02-23,Active,478842.42,0.0,0.0,0.0
7af86db8-5c91-4ba0-91ef-7f3538eaa3ed,4f197b67-91ee-45c5-87af-9c28aa06d9b3,Loan,2020-06-06,Inactive,0.0,9795.83,48.0,8.1
62f7b307-02ac-44b5-a987-ca5399e6a25f,4f197b67-91ee-45c5-87af-9c28aa06d9b3,FixedDeposit,2022-05-08,Inactive,0.0,0.0,3.0,1.5
3b5cb8eb-19b9-4b40-9b65-48315104c2d0,3158655e-97bc-44dc-bfa1-ef0f29515d02,Savings,2020-05-10,Active,312942.92,0.0,0.0,0.0
7d4802b6-dc07-416f-8d5d-f3644aede09f,3158655e-97bc-44dc-bfa1-ef0f29515d02,Loan,2025-03-18,Active,25242.87,33657.15,36.0,10.5
c5991dc6-01cd-410f-a701-a79a377eb174,3158655e-97bc-44dc-bfa1-ef0f29515d02,Loan,2023-09-02,Active,3109.04,7461.92,48.0,15.8
453060ec-1eb5-4834-aaac-1153fbca3b46,3158655e-97bc-44dc-bfa1-ef0f29515d02,FixedDeposit,2021-10-01,Inactive,0.0,0.0,3.0,0.5
c8dc3ad2-76b4-4cd5-928f-3242fc00051b,3158655e-97bc-44dc-bfa1-ef0f29515d02,FixedDeposit,2025-11-07,Active,36612.33,0.0,36.0,4.2
f940410b-70a1-496d-9c04-929e6c4f6a9d,ec05ba63-cde6-421b-8914-05e33895864b,Savings,2024-01-28,Active,117307.59,0.0,0.0,0.0
284e212e-ccf9-4161-9966-10f60173e11c,ec05ba63-cde6-421b-8914-05e33895864b,Loan,2025-05-10,Active,11097.25,26633.4,12.0,12.5
7d64dd8c-603b-415a-99de-2ca407ecf718,ec05ba63-cde6-421b-8914-05e33895864b,FixedDeposit,2025-04-19,Active,72149.15,0.0,36.0,4.2
a29566a0-a6f2-4a3c-b439-efce1e77faeb,ec05ba63-cde6-421b-8914-05e33895864b,FixedDeposit,2024-12-08,Active,32661.36,0.0,36.0,4.7
63da2ddc-78ed-4b35-a355-0f2298892ae5,0d7b9a1b-b442-487b-909d-57ba9e3eb0e6,Savings,2020-12-13,Active,30558.19,0.0,0.0,0.0
8c5795e9-ad4d-4d88-963a-47ca8b96ae0e,0d7b9a1b-b442-487b-909d-57ba9e3eb0e6,FixedDeposit,2025-08-11,Active,15431.98,0.0,12.0,4.8
a57d5d77-e6ce-4322-811d-240b47ea5341,0d7b9a1b-b442-487b-909d-57ba9e3eb0e6,FixedDeposit,2025-11-11,Active,54822.56,0.0,3.0,4.2
b10ce077-27ab-421e-9f1d-49adb3a0bde8,0d7b9a1b-b442-487b-909d-57ba9e3eb0e6,FixedDeposit,2023-05-26,Active,33859.54,0.0,36.0,4.5
6d38c14d-d78e-42e2-8510-00a8009e75f2,9e3aea8b-858c-4270-a4e3-6fff1f640e27,Savings,2023-12-27,Active,304962.45,0.0,0.0,0.0
d95980c3-fe9a-4149-90cb-beb3d1daa041,9e3aea8b-858c-4270-a4e3-6fff1f640e27,FixedDeposit,2024-09-17,Active,14139.45,0.0,36.0,4.7
f1d3f51d-34e0-4e61-9710-d37df9b8de8c,9d092173-8360-4ddb-9d5c-77281d0f6102,Savings,2021-07-24,Active,144734.27,0.0,0.0,0.0
ee2685f8-0cbb-4b7f-aa49-0058c09ef042,9d092173-8360-4ddb-9d5c-77281d0f6102,FixedDeposit,2024-02-01,Inactive,0.0,0.0,12.0,5.3
92a2a21b-8d0b-4702-b35a-d5340597b6fb,9d092173-8360-4ddb-9d5c-77281d0f6102,FixedDeposit,2023-12-27,Inactive,0.0,0.0,24.0,4.8
94a8ebf7-b5d4-46dc-b061-c1ec126587cb,93f0763a-2a0f-4b86-b13d-bc109e0b4fc6,Savings,2022-11-18,Active,1696.45,0.0,0.0,0.0
6fb17fd1-7ef7-4b69-92ae-ec0efcd7e70c,93f0763a-2a0f-4b86-b13d-bc109e0b4fc6,Loan,2024-09-05,Active,26696.72,71191.22,24.0,20.2
d1e3052a-659d-47f5-b1d3-ec96d1f3891c,93f0763a-2a0f-4b86-b13d-bc109e0b4fc6,Loan,2023-04-16,Inactive,0.0,53090.18,24.0,11.5
9a001018-db72-4429-af8b-94e3ea13eba1,93f0763a-2a0f-4b86-b13d-bc109e0b4fc6,FixedDeposit,2023-01-19,Inactive,0.0,0.0,3.0,4.5
315eed53-8563-4779-977a-619d3577c310,93f0763a-2a0f-4b86-b13d-bc109e0b4fc6,FixedDeposit,2024-01-05,Inactive,0.0,0.0,6.0,5.1
88b9e745-7da1-44fe-b14f-0a8a37eb410f,b6409a6e-221b-49f5-a332-a469c9b17430,Savings,2025-06-19,Active,349544.07,0.0,0.0,0.0
4d08e600-d564-48ee-8b62-7f8281d2b6ec,b6409a6e-221b-49f5-a332-a469c9b17430,Loan,2025-07-17,Active,37700.75,42084.55,48.0,19.5
cc2dc791-06fc-48fb-86f1-78f48f1dba52,b6409a6e-221b-49f5-a332-a469c9b17430,FixedDeposit,2025-06-30,Active,94068.5,0.0,36.0,4.2
e902a871-8ceb-465a-af74-a732160a94bc,b6409a6e-221b-49f5-a332-a469c9b17430,FixedDeposit,2025-06-27,Active,97572.47,0.0,12.0,4.8
4d067422-63ce-4575-abed-566d779f7477,b6409a6e-221b-49f5-a332-a469c9b17430,FixedDeposit,2025-06-19,Active,25016.88,0.0,24.0,4.5
301237dd-d98b-4352-b1d3-e1cff229eb29,3d3398d8-0d06-4d74-a049-7e15b1178169,Savings,2020-03-03,Active,53728.46,0.0,0.0,0.0
575a8f92-86d6-4e46-999e-166137de6e30,3d3398d8-0d06-4d74-a049-7e15b1178169,Loan,2021-09-14,Inactive,0.0,56583.53,24.0,11.4
76111a76-9f0c-4048-a5bc-adbb818e2b53,3d3398d8-0d06-4d74-a049-7e15b1178169,FixedDeposit,2024-12-26,Active,61700.55,0.0,36.0,4.7
0eef2237-aad4-4c89-9fea-fb724551940d,3d3398d8-0d06-4d74-a049-7e15b1178169,FixedDeposit,2025-11-30,Active,64013.73,0.0,6.0,4.5
e28bb448-d173-436e-aa69-040b4427025a,f4cfd691-2636-4e16-bf60-76a47163963e,Savings,2021-09-29,Active,5873.17,0.0,0.0,0.0
4ce62f0e-ce68-44f2-abb7-4d424749495a,f4cfd691-2636-4e16-bf60-76a47163963e,Loan,2023-05-13,Active,22207.13,47586.97,60.0,23.0
9779c978-222d-46fb-9437-341142715c0e,f4cfd691-2636-4e16-bf60-76a47163963e,FixedDeposit,2024-01-11,Inactive,0.0,0.0,12.0,5.3
0b2b3ad9-4cdb-4f3b-bf39-bb6b6d63186a,15bc181a-0a42-4683-9155-68f8663b4969,Savings,2022-03-15,Active,302487.68,0.0,0.0,0.0
d5de628b-a32f-4eb7-a09f-dcfada968844,15bc181a-0a42-4683-9155-68f8663b4969,Loan,2022-11-09,Inactive,0.0,41242.38,24.0,19.9
cbb3fc1b-82f4-4ed0-939e-a1590a6b376b,e2e71647-d32c-49d2-b103-7866f4c2a8da,Savings,2023-04-29,Active,321956.4,0.0,0.0,0.0
736452bc-abd6-4258-b517-0d2c6b7ba1b5,e2e71647-d32c-49d2-b103-7866f4c2a8da,Loan,2023-05-11,Active,2565.98,7698.14,48.0,8.8
ccef94cc-e7ee-420f-923e-df2fd328dd0c,e2e71647-d32c-49d2-b103-7866f4c2a8da,FixedDeposit,2025-09-03,Active,37553.1,0.0,12.0,4.8
3ce100f3-cb31-4ea8-b40d-bbd8b1d51c11,13e5efd4-d359-403f-bded-465c2f693baf,Savings,2022-07-08,Active,252506.46,0.0,0.0,0.0
3769550a-576a-43df-9b4c-c96edc174ad6,3d68a23b-ff8d-4aa2-9453-ad1fd41a8c08,Savings,2024-07-05,Active,412577.73,0.0,0.0,0.0
162ca574-5667-4ed1-ab0e-d04bd160ef9e,3d68a23b-ff8d-4aa2-9453-ad1fd41a8c08,Loan,2025-04-10,Active,24596.99,29516.43,48.0,11.0
3871783f-be02-43c1-a0a9-00178d79d3f8,3d68a23b-ff8d-4aa2-9453-ad1fd41a8c08,Loan,2025-05-26,Active,4989.38,11974.54,12.0,10.3
a9d2e561-a46c-4638-9cba-808cfba1207d,3d68a23b-ff8d-4aa2-9453-ad1fd41a8c08,FixedDeposit,2025-02-25,Inactive,0.0,0.0,6.0,4.5
82037aae-85eb-4bdf-b04c-1f3ca1d51f02,3d68a23b-ff8d-4aa2-9453-ad1fd41a8c08,FixedDeposit,2025-06-09,Active,32031.5,0.0,36.0,4.2
4237993f-0369-40b3-b9af-f814f4157233,48056200-34b0-419d-88f7-2b17e919c316,Savings,2022-07-01,Active,234376.82,0.0,0.0,0.0
fd6d175a-f39d-4c5e-aa63-109149039530,48056200-34b0-419d-88f7-2b17e919c316,Loan,2022-10-08,Active,19425.32,55500.71,60.0,21.7
dabbf9bc-9693-4868-8829-78c49765728e,48056200-34b0-419d-88f7-2b17e919c316,Loan,2025-10-04,Active,39514.24,41232.24,48.0,20.3
b602014c-84c6-4c2a-9f50-528ac8587776,48056200-34b0-419d-88f7-2b17e919c316,FixedDeposit,2023-07-16,Inactive,0.0,0.0,12.0,5.2
63b2bcc0-272a-4f27-87ce-9270cfa40430,48056200-34b0-419d-88f7-2b17e919c316,FixedDeposit,2025-08-03,Inactive,0.0,0.0,3.0,4.2
48fdc79b-8fd2-4eff-bf3e-bf11523c45bb,48056200-34b0-419d-88f7-2b17e919c316,FixedDeposit,2023-05-13,Inactive,0.0,0.0,3.0,4.5
d4f73f88-5467-4cbf-ad45-f910243349b3,20b2b001-8ad9-42ec-9d1a-1803a20dac93,Savings,2021-10-28,Active,343605.82,0.0,0.0,0.0
a39434af-1065-4654-ba06-c36ed816e486,20b2b001-8ad9-42ec-9d1a-1803a20dac93,FixedDeposit,2022-01-24,Inactive,0.0,0.0,36.0,3.2
b294fc94-b725-4ff4-959e-2737c2ee0b9b,20b2b001-8ad9-42ec-9d1a-1803a20dac93,FixedDeposit,2023-06-15,Inactive,0.0,0.0,3.0,4.5
defb9066-d9e7-4699-a961-32f0517f749d,20b2b001-8ad9-42ec-9d1a-1803a20dac93,FixedDeposit,2023-07-06,Inactive,0.0,0.0,6.0,5.0
2f924d60-db56-4e25-8e83-cdd92ace6e4a,60fc95dd-4085-4a60-8b0a-5bdc3edc6966,Savings,2020-03-11,Active,257734.09,0.0,0.0,0.0
11b3aa47-89d2-4666-a10b-e205d6bd71b6,60fc95dd-4085-4a60-8b0a-5bdc3edc6966,Loan,2020-04-02,Inactive,0.0,20437.64,48.0,7.2
f652ffee-f03d-49a4-b85b-7011eb0c5384,60fc95dd-4085-4a60-8b0a-5bdc3edc6966,FixedDeposit,2024-06-10,Active,89936.47,0.0,36.0,4.7
a0e9dbd9-eed0-4de7-87dd-85a02c9c9984,60fc95dd-4085-4a60-8b0a-5bdc3edc6966,FixedDeposit,2022-05-20,Inactive,0.0,0.0,6.0,2.2
a4fd4718-d9c2-476c-a0a4-57ff8478a197,60fc95dd-4085-4a60-8b0a-5bdc3edc6966,FixedDeposit,2021-12-25,Inactive,0.0,0.0,36.0,1.4
f78f47cc-6148-4895-928f-895f457fd779,0d8d25f1-23f9-4432-803c-52cee02a7b2a,Savings,2023-04-16,Active,584751.02,0.0,0.0,0.0
676eeb15-638d-4895-91a5-ead8fd4bb145,0d8d25f1-23f9-4432-803c-52cee02a7b2a,Loan,2025-05-08,Active,4436.9,5022.94,60.0,19.3
02d0ebd3-f05b-44b5-9b9c-e4ad4d4cf3e5,0d8d25f1-23f9-4432-803c-52cee02a7b2a,FixedDeposit,2023-11-09,Inactive,0.0,0.0,3.0,4.5
3d649170-1beb-4075-adf1-f8ab29fad95d,0d8d25f1-23f9-4432-803c-52cee02a7b2a,FixedDeposit,2023-04-17,Inactive,0.0,0.0,12.0,5.2
0e5802c1-c58d-49b8-b40f-baf3bde5c67f,0d8d25f1-23f9-4432-803c-52cee02a7b2a,FixedDeposit,2023-09-15,Inactive,0.0,0.0,6.0,5.0
5b2b3174-7a1d-4055-acd4-ada96450921a,6f719350-b18c-4184-a38e-33296bfe0dcc,Savings,2022-10-28,Active,251741.81,0.0,0.0,0.0
fb4dd480-6e14-4263-b63b-aee068dd047c,6f719350-b18c-4184-a38e-33296bfe0dcc,Loan,2025-03-10,Active,16814.62,22419.55,36.0,23.5
8f1d0cc4-f42e-46fa-91a2-66bd70da4808,937ab4ca-1c9e-4e24-8a30-de5a4ec1a4f2,Savings,2024-04-24,Active,119278.36,0.0,0.0,0.0
1334906b-d80b-4858-9546-772c66022fa2,937ab4ca-1c9e-4e24-8a30-de5a4ec1a4f2,FixedDeposit,2025-10-15,Active,4197.28,0.0,3.0,4.2
a17cf4c5-cfa5-44b2-8b42-b44448889d95,937ab4ca-1c9e-4e24-8a30-de5a4ec1a4f2,FixedDeposit,2024-11-09,Inactive,0.0,0.0,12.0,5.3
583ade5b-6af3-43b9-81c1-52348f8395fc,7c0607ef-51a6-4ee1-9385-ebfc113e8ee7,Savings,2020-09-19,Active,724389.06,0.0,0.0,0.0
5dd237d3-c8b8-4559-bfaa-5aa818ce2c7c,7c0607ef-51a6-4ee1-9385-ebfc113e8ee7,Loan,2025-10-05,Active,2585.78,2674.94,60.0,8.9
76e26b5a-051a-4ff3-b890-12256550325f,7c0607ef-51a6-4ee1-9385-ebfc113e8ee7,Loan,2023-07-12,Active,5517.55,14713.45,48.0,9.6
48315206-b7b9-4f0c-b9e4-e5a4e3cd5256,7c0607ef-51a6-4ee1-9385-ebfc113e8ee7,FixedDeposit,2024-03-29,Active,13690.48,0.0,24.0,5.0
a699998c-7581-426f-82dc-d9b324387329,7c0607ef-51a6-4ee1-9385-ebfc113e8ee7,FixedDeposit,2023-01-19,Inactive,0.0,0.0,24.0,4.8
1dce0f7e-7ceb-4709-8dea-73b61b68788c,7c0607ef-51a6-4ee1-9385-ebfc113e8ee7,FixedDeposit,2023-01-01,Inactive,0.0,0.0,24.0,4.8
74dc7df7-9969-4819-b468-068b38f45ed1,fb3a253d-9ac4-486f-a21e-ed4b394e1971,Savings,2020-02-28,Active,419513.35,0.0,0.0,0.0
da86c4d8-0d1b-4cee-90de-2a18c85b8a9a,fb3a253d-9ac4-486f-a21e-ed4b394e1971,FixedDeposit,2022-03-11,Inactive,0.0,0.0,3.0,1.5
9226836c-1d53-415c-95b3-626d3934472c,0b8a1eb5-6499-400d-8bcd-0c2bdd982c75,Savings,2020-12-30,Active,115449.04,0.0,0.0,0.0
2a6c4503-4c2d-4433-8f17-670ba2e56461,0b8a1eb5-6499-400d-8bcd-0c2bdd982c75,FixedDeposit,2023-03-18,Inactive,0.0,0.0,12.0,5.2
a364c1fd-be8e-4977-81df-bee18ef9a723,0b8a1eb5-6499-400d-8bcd-0c2bdd982c75,FixedDeposit,2024-07-19,Inactive,0.0,0.0,12.0,5.3
a5ad4029-91b8-42c2-ab74-37953467e7fc,0b8a1eb5-6499-400d-8bcd-0c2bdd982c75,FixedDeposit,2025-03-19,Inactive,0.0,0.0,3.0,4.2
56665707-ee6c-4bcc-bf7b-4cf68a4d33d4,05dae615-b90d-49f7-9cc9-45afbab6d238,Savings,2023-10-30,Active,147602.6,0.0,0.0,0.0
de745ab4-adbc-42cf-9cf8-14988be0fd21,05dae615-b90d-49f7-9cc9-45afbab6d238,Loan,2024-05-31,Active,12546.17,20765.95,48.0,9.8
ef738a9a-79e5-441b-ac36-abdb832f9489,05dae615-b90d-49f7-9cc9-45afbab6d238,Loan,2024-01-26,Active,213.59,5128.69,24.0,10.9
e5c80612-fb56-4397-9514-cd2843cfef93,05dae615-b90d-49f7-9cc9-45afbab6d238,FixedDeposit,2024-04-10,Active,99096.13,0.0,36.0,4.7
01e1b9b3-d570-423a-80e9-bdc778fe9a80,2db9d68c-eb2d-4a6b-8125-7811512af005,Savings,2020-01-27,Active,421096.02,0.0,0.0,0.0
fd963c1f-511a-435c-8af9-5b5fc50f6541,2db9d68c-eb2d-4a6b-8125-7811512af005,Loan,2020-12-15,Inactive,0.0,12093.29,36.0,7.0
b8c4eefc-b810-4a56-b63e-4148ec93cde2,2db9d68c-eb2d-4a6b-8125-7811512af005,FixedDeposit,2025-07-22,Active,56638.18,0.0,6.0,4.5
2f24c9df-8eaa-48a2-bea9-f8b21d6e3e44,2db9d68c-eb2d-4a6b-8125-7811512af005,FixedDeposit,2021-10-04,Inactive,0.0,0.0,36.0,1.4
bd674ca8-4ab0-44b2-bce9-8fd21795eb5f,2db9d68c-eb2d-4a6b-8125-7811512af005,FixedDeposit,2024-08-16,Active,33570.68,0.0,36.0,4.7
3043ed50-6872-47f0-8668-7e8bd398a9af,682649b4-ae23-4afb-b858-2bdbd126f153,Savings,2025-10-14,Active,27950.95,0.0,0.0,0.0
88148fab-ff9b-434e-808b-e34b927efbc8,5cc09b29-4827-42c7-a539-e3479beab3b8,Savings,2021-12-01,Active,475977.14,0.0,0.0,0.0
e2e15d07-eea0-474d-a044-e6f3fd528fd2,5cc09b29-4827-42c7-a539-e3479beab3b8,Loan,2022-09-11,Active,2656.91,15941.31,48.0,13.2
81a31b10-25a2-401f-855f-4b9ae4b52fa2,5cc09b29-4827-42c7-a539-e3479beab3b8,Loan,2021-12-15,Inactive,0.0,9408.61,36.0,13.7
cf6e4ea5-ce1a-4987-b4ff-ad48578d76a9,5cc09b29-4827-42c7-a539-e3479beab3b8,FixedDeposit,2024-04-01,Active,38158.64,0.0,24.0,5.0
e3f9a580-13c7-44c5-a374-25f53cbbd51c,5cc09b29-4827-42c7-a539-e3479beab3b8,FixedDeposit,2023-11-12,Inactive,0.0,0.0,12.0,5.2
669b6910-252c-4962-ad41-583b313dec61,5cc09b29-4827-42c7-a539-e3479beab3b8,FixedDeposit,2023-01-03,Inactive,0.0,0.0,24.0,4.8
7bfffc61-7b57-4a03-9ed0-ab473ef5b448,1bd5360d-22b1-414a-baf2-601bda375598,Savings,2022-05-01,Active,17308.14,0.0,0.0,0.0
81257e21-4875-4add-bf1d-3fba4776d941,d300f020-9e87-4e5f-bc31-4ddb2cdd0b8d,Savings,2023-05-16,Active,140541.56,0.0,0.0,0.0
494433dc-e243-4803-a84c-000cb84b1bb7,d300f020-9e87-4e5f-bc31-4ddb2cdd0b8d,Loan,2023-09-27,Inactive,0.0,5024.47,24.0,23.3
a17fc566-aa6c-4d9a-988b-22d94ed20945,d300f020-9e87-4e5f-bc31-4ddb2cdd0b8d,Loan,2025-05-21,Active,15182.47,17774.57,48.0,11.1
df2b9d96-bd1d-4d7b-a3de-bc91b34a832a,d300f020-9e87-4e5f-bc31-4ddb2cdd0b8d,FixedDeposit,2024-07-21,Active,34867.64,0.0,24.0,5.0
b0feb39e-0090-41ee-8224-3457101a5c2f,d300f020-9e87-4e5f-bc31-4ddb2cdd0b8d,FixedDeposit,2025-04-09,Inactive,0.0,0.0,3.0,4.2
4b4f72e5-2fb1-412b-bea8-64aed808fd31,0f1bf93e-3098-434c-a868-4a1af15bac8d,Savings,2021-01-23,Active,169107.09,0.0,0.0,0.0
bc9b87d2-71f7-4c89-817b-309643f3f687,0f1bf93e-3098-434c-a868-4a1af15bac8d,FixedDeposit,2024-05-19,Active,32490.61,0.0,24.0,5.0
496206dc-47a9-41c9-97eb-11146c42d981,0f1bf93e-3098-434c-a868-4a1af15bac8d,FixedDeposit,2025-05-20,Active,97043.8,0.0,12.0,4.8
2ee1a02d-b886-46d3-9b81-e8b3c0fa6532,454df5ae-d894-408e-9e42-fb65d2d76cc4,Savings,2023-06-17,Active,184443.22,0.0,0.0,0.0
ec274559-6697-4f3f-b7ea-f0f1e4442f68,454df5ae-d894-408e-9e42-fb65d2d76cc4,Loan,2025-01-16,Active,12749.09,15611.18,60.0,17.0
cfe436e3-34ff-4f7b-aa47-025c090b73a9,88609e0e-2331-4543-a962-153208a74f35,Savings,2021-04-10,Active,82606.92,0.0,0.0,0.0
1bfbca46-a592-498c-9ffb-e886e8482417,88609e0e-2331-4543-a962-153208a74f35,Loan,2024-07-02,Active,13869.91,55479.79,24.0,9.0
f6f52b83-aa0f-4d2d-b14d-4c6c77d0659d,88609e0e-2331-4543-a962-153208a74f35,Loan,2024-08-13,Active,32954.63,44938.15,60.0,8.0
f635e8d5-5cf0-4afa-9a55-39bb95b6498e,88609e0e-2331-4543-a962-153208a74f35,FixedDeposit,2021-06-20,Inactive,0.0,0.0,6.0,0.8
13450639-81df-458d-8575-351460890f30,47ed8686-9c76-4124-a41c-66e66955550f,Savings,2024-04-30,Active,69041.73,0.0,0.0,0.0
4ed544e8-7902-480e-acda-7dc26a7e5c39,47ed8686-9c76-4124-a41c-66e66955550f,Loan,2024-08-12,Active,23684.18,32296.5,60.0,7.4
3c4df50c-8aee-4b55-ac8a-4a09064c4d91,47ed8686-9c76-4124-a41c-66e66955550f,FixedDeposit,2025-01-04,Inactive,0.0,0.0,6.0,4.5
aec5910d-8138-410f-979c-f2f481bd76a4,414befad-855d-4360-8747-e38c2a8c1b8c,Savings,2024-11-08,Active,113751.48,0.0,0.0,0.0
86ed015f-5a63-4315-9bb3-0b31790fbdff,414befad-855d-4360-8747-e38c2a8c1b8c,Loan,2025-05-16,Active,16044.8,38507.52,12.0,17.5
a4c2f293-3ea4-4b1b-b942-f0a00c6e7f3f,414befad-855d-4360-8747-e38c2a8c1b8c,Loan,2025-10-09,Active,33486.2,35455.98,36.0,16.2
c51fb0e7-139c-4fd7-8084-7f4f64ee2d92,414befad-855d-4360-8747-e38c2a8c1b8c,FixedDeposit,2025-05-19,Active,88652.75,0.0,36.0,4.2
5cf8621d-cfb3-400b-a926-ddd2d8aac991,22875602-6dc5-4417-a9ab-b10b818d9962,Savings,2025-11-04,Active,19342.68,0.0,0.0,0.0
c0dac337-82de-4f1b-b263-ab2ab3161dd6,babec101-9129-47b4-9211-3b648b687c8b,Savings,2025-04-24,Active,76304.16,0.0,0.0,0.0
33115d09-0220-45a6-b7a2-35b451ad533b,babec101-9129-47b4-9211-3b648b687c8b,Loan,2025-09-05,Active,36763.11,40105.2,36.0,16.5
75b84c66-615e-453d-8297-162a490c08cc,babec101-9129-47b4-9211-3b648b687c8b,FixedDeposit,2025-09-21,Active,65167.31,0.0,6.0,4.5
7933bac8-fa86-43e7-a13e-8ff3cbdc30f9,babec101-9129-47b4-9211-3b648b687c8b,FixedDeposit,2025-08-06,Active,45453.73,0.0,6.0,4.5
e449e4e0-4a0a-48c0-a8e5-2e8bb3355ff7,babec101-9129-47b4-9211-3b648b687c8b,FixedDeposit,2025-09-19,Active,69457.66,0.0,36.0,4.2
0aa25e3b-5f62-4b3e-811b-9621e5a0f06f,a4dcd8ee-dfe2-401d-afd0-a78f6de96486,Savings,2021-05-21,Active,554003.03,0.0,0.0,0.0
b5066ef1-d203-466a-837e-2204cdefc627,a4dcd8ee-dfe2-401d-afd0-a78f6de96486,Loan,2022-06-03,Active,1858.38,17841.05,48.0,16.9
594cc33b-4277-47ea-86c6-03ab8d06cd8e,a4dcd8ee-dfe2-401d-afd0-a78f6de96486,Loan,2024-02-10,Active,3292.11,9116.63,36.0,7.0
a6891dc3-6bb0-4243-8b1d-015a7c042e3c,95bd61e7-c305-41bb-922d-1e172e015f07,Savings,2024-03-11,Active,210173.15,0.0,0.0,0.0
5eb595eb-97e3-486e-a418-0350883a2f34,95bd61e7-c305-41bb-922d-1e172e015f07,Loan,2025-01-04,Active,13277.78,16597.22,60.0,16.9
8971c523-eab7-4928-a93e-7c85f8d582f1,95bd61e7-c305-41bb-922d-1e172e015f07,FixedDeposit,2024-08-25,Inactive,0.0,0.0,12.0,5.3
7ee35fc5-cac2-4657-8872-6a8ad4c79b7b,95bd61e7-c305-41bb-922d-1e172e015f07,FixedDeposit,2024-09-16,Inactive,0.0,0.0,6.0,5.1
4e1d8dd6-083c-4fb6-b572-cc97c6da1e83,1750e104-9874-4263-8eda-9b675bd0a32f,Savings,2020-01-06,Active,929653.54,0.0,0.0,0.0
9e1604b1-3e4b-40c1-845d-d35d92ed45f1,1750e104-9874-4263-8eda-9b675bd0a32f,FixedDeposit,2022-01-14,Inactive,0.0,0.0,3.0,1.5
050d0c81-2af3-416b-a5b9-c04e56ac6ad7,f87c469c-e23f-4dfb-ac2c-5afac697785b,Savings,2024-11-20,Active,53715.04,0.0,0.0,0.0
2f9ae22a-25d9-4bfa-b339-d942abaf36f1,e0144848-3ed7-49e8-8157-0aed6c86b6cb,Savings,2024-10-08,Active,155177.36,0.0,0.0,0.0
bf67ce54-1f75-41f8-b01e-dbfa8366995b,e0144848-3ed7-49e8-8157-0aed6c86b6cb,FixedDeposit,2025-08-17,Active,2039.66,0.0,24.0,4.5
1296ef5e-c6e1-47f9-975c-f1ecbdd568b9,e0144848-3ed7-49e8-8157-0aed6c86b6cb,FixedDeposit,2024-11-03,Inactive,0.0,0.0,12.0,5.3
8f03cd1f-ce89-4ae0-baae-a3bcebf222c1,1cba9020-05cb-4f9b-b0b0-730b6effa914,Savings,2020-08-18,Active,12860.49,0.0,0.0,0.0
1ab86e7b-92e0-4e6b-9f10-d8d4a71a0245,1cba9020-05cb-4f9b-b0b0-730b6effa914,Loan,2024-01-07,Inactive,0.0,52250.21,12.0,18.5
2a7caabd-d93c-4839-8352-9f2abb98e616,41848e2b-2867-48b9-91a0-b2f9ce8a1ea9,Savings,2021-06-29,Active,273085.55,0.0,0.0,0.0
6519a0ef-5255-44d8-9704-53d29ff554b6,41848e2b-2867-48b9-91a0-b2f9ce8a1ea9,Loan,2024-01-21,Active,7825.26,15024.49,48.0,18.5
2bfd2d05-fd42-41b7-b37f-cbf43d749cb6,41848e2b-2867-48b9-91a0-b2f9ce8a1ea9,FixedDeposit,2024-08-14,Inactive,0.0,0.0,6.0,5.1
4391f7c1-f3ea-4cff-8d4c-1c7c7d598609,9ecfe8ac-6a4a-4ad1-b7b9-861ab174a803,Savings,2020-11-25,Active,472461.34,0.0,0.0,0.0
3ac12743-6dbb-4b73-9faf-8698868a4bee,9ecfe8ac-6a4a-4ad1-b7b9-861ab174a803,Loan,2021-05-07,Inactive,0.0,16660.13,24.0,9.4
ae11ef62-6919-40a4-851a-dfe1da32f3c6,9ecfe8ac-6a4a-4ad1-b7b9-861ab174a803,FixedDeposit,2022-03-01,Inactive,0.0,0.0,12.0,2.8
43ffaeaa-73ab-44ff-8200-7b5427abc8ab,9ecfe8ac-6a4a-4ad1-b7b9-861ab174a803,FixedDeposit,2025-03-23,Active,16414.14,0.0,24.0,4.5
94a03383-0568-4ca8-801b-ce03d3a6657a,4d61fbe7-0deb-450c-b213-12aef207fa68,Savings,2024-02-20,Active,281926.73,0.0,0.0,0.0
ceba628d-af49-4fc4-aba7-fdafbea9cba7,4d61fbe7-0deb-450c-b213-12aef207fa68,Loan,2024-03-31,Active,6638.16,15931.71,36.0,14.0
46440c65-f3e5-4bb9-a2dc-6bec08e3fe18,6772f567-7aa7-4676-9c19-f16af9fa2b59,Savings,2021-11-11,Active,186544.72,0.0,0.0,0.0
de123f75-a241-49e5-9429-d7bb97776315,6772f567-7aa7-4676-9c19-f16af9fa2b59,Loan,2022-11-24,Inactive,0.0,46103.99,36.0,21.3
f0bee09f-e90b-4f4c-859a-23ea7843fa16,6772f567-7aa7-4676-9c19-f16af9fa2b59,FixedDeposit,2024-03-10,Inactive,0.0,0.0,6.0,5.1
eb457ce3-2761-4bb1-b0a9-69bad953b804,6772f567-7aa7-4676-9c19-f16af9fa2b59,FixedDeposit,2024-04-28,Active,96706.32,0.0,36.0,4.7
136b589e-a76c-470c-bf84-a8d5b477c212,39a914c4-646b-46c1-a85c-31ba719eee23,Savings,2022-02-24,Active,146186.08,0.0,0.0,0.0
b486c5d2-0a51-458f-aafd-fbb0a93a4551,39a914c4-646b-46c1-a85c-31ba719eee23,Loan,2023-08-08,Inactive,0.0,338158.16,24.0,8.8
e8387793-b3a3-41ab-afd0-9242c1b8f5c3,39a914c4-646b-46c1-a85c-31ba719eee23,Loan,2025-07-17,Active,2274.0,2640.75,36.0,13.5
a9d58c8c-c576-4315-8a89-c99ef6dcb1f5,39a914c4-646b-46c1-a85c-31ba719eee23,FixedDeposit,2024-03-24,Inactive,0.0,0.0,6.0,5.1
e18abbf2-7754-4b9c-a9ee-e333030d1b5d,39a914c4-646b-46c1-a85c-31ba719eee23,FixedDeposit,2022-07-27,Inactive,0.0,0.0,36.0,3.2
8df81b19-1755-433e-9645-31bdb9551b6a,39a914c4-646b-46c1-a85c-31ba719eee23,FixedDeposit,2024-09-08,Active,72134.86,0.0,36.0,4.7
c026b830-a9c7-4ca4-bf8a-6576bccdedcf,813de7b8-dcd0-455f-a653-b0159dd315d8,Savings,2024-10-18,Active,133617.47,0.0,0.0,0.0
58d8b8b0-4ea4-432c-8828-ba47fa0c1ae5,813de7b8-dcd0-455f-a653-b0159dd315d8,Loan,2025-06-27,Active,13114.06,14987.5,48.0,7.2
b114f64a-27c6-4bd3-8d0f-2214176adc69,a85ef8c7-432a-4361-9753-f68ca1f3dc6d,Savings,2021-11-10,Active,353060.85,0.0,0.0,0.0
dbbabfe3-00a3-4039-af66-5a87a7e6359c,a85ef8c7-432a-4361-9753-f68ca1f3dc6d,FixedDeposit,2024-02-16,Inactive,0.0,0.0,12.0,5.3
fa7efb0c-8fdd-4dac-903a-8b773eb7cc10,a85ef8c7-432a-4361-9753-f68ca1f3dc6d,FixedDeposit,2023-01-19,Inactive,0.0,0.0,12.0,5.2
b475c65b-930e-41cc-b4f8-6f590b8192d1,a85ef8c7-432a-4361-9753-f68ca1f3dc6d,FixedDeposit,2022-09-07,Inactive,0.0,0.0,36.0,3.2
ac420a1a-24a7-4bee-ad2e-69ae7f899aaa,44972f51-08f6-42a5-b58e-d64746171d5a,Savings,2024-09-06,Active,347586.97,0.0,0.0,0.0
009f37e6-daf6-46a4-a71b-9b4c5b0538f3,44972f51-08f6-42a5-b58e-d64746171d5a,Loan,2025-06-15,Active,250791.23,300949.49,36.0,18.2
280ec994-57ad-4fad-8463-c1feecfedb95,44972f51-08f6-42a5-b58e-d64746171d5a,FixedDeposit,2024-10-11,Inactive,0.0,0.0,6.0,5.1
fb4f1b80-5cf4-45a5-9954-af3091869f42,44972f51-08f6-42a5-b58e-d64746171d5a,FixedDeposit,2025-10-14,Active,14860.28,0.0,24.0,4.5
8e40e736-a59f-4ed3-ac28-e355b672e765,af90cc38-3a57-47df-9d58-872c3d1b7a79,Savings,2023-05-16,Active,105447.62,0.0,0.0,0.0
a172903e-572c-4ef3-a2fc-6f027cb98d6f,af90cc38-3a57-47df-9d58-872c3d1b7a79,Loan,2024-09-22,Active,42152.38,61312.48,48.0,9.7
087bef92-5790-4bae-afcd-00e51d3d34fd,af90cc38-3a57-47df-9d58-872c3d1b7a79,FixedDeposit,2024-09-18,Active,81196.07,0.0,24.0,5.0
02f176cc-3653-43a1-aceb-6c5e2c44cf1f,af90cc38-3a57-47df-9d58-872c3d1b7a79,FixedDeposit,2025-05-06,Inactive,0.0,0.0,3.0,4.2
1bd02937-152a-45ab-bbee-818a0d01237f,ea6959b2-0dcc-423e-86d2-24e2cb7a7557,Savings,2021-09-16,Active,540056.95,0.0,0.0,0.0
71a7a443-fb7e-4389-8a18-2e33cd03f8ec,ea6959b2-0dcc-423e-86d2-24e2cb7a7557,FixedDeposit,2022-06-28,Inactive,0.0,0.0,24.0,3.0
e9a914db-7017-43ad-b742-9a8944e20e69,2d04228e-8933-446d-90db-0acb00c15a87,Savings,2024-01-14,Active,61686.7,0.0,0.0,0.0
80380c86-e962-4500-96f7-d7a44e14a604,2d04228e-8933-446d-90db-0acb00c15a87,Loan,2024-10-28,Active,8658.95,14169.21,36.0,14.5
2abdd395-b4f8-4b3d-8902-e223d1144974,2d04228e-8933-446d-90db-0acb00c15a87,Loan,2024-12-06,Active,11441.4,17908.38,36.0,15.1
d19e1bb9-5998-4083-b846-1d033d023195,2d04228e-8933-446d-90db-0acb00c15a87,FixedDeposit,2025-11-30,Active,78337.71,0.0,24.0,4.5
3a9d43dd-a03d-4760-9cb6-8727025d7a09,2d04228e-8933-446d-90db-0acb00c15a87,FixedDeposit,2024-11-26,Inactive,0.0,0.0,12.0,5.3
2d7ca670-d7ba-41a3-bb62-cd737aebc5df,2d04228e-8933-446d-90db-0acb00c15a87,FixedDeposit,2024-06-18,Active,80989.18,0.0,36.0,4.7
be6c47a5-5b9e-4997-8d30-f691086cb426,34e19d1a-c404-4f67-af59-d135b993a9cf,Savings,2021-07-19,Active,466304.74,0.0,0.0,0.0
cb088726-249a-4d0c-8551-a8ccbe30a46c,34e19d1a-c404-4f67-af59-d135b993a9cf,Loan,2022-03-21,Inactive,0.0,46049.89,12.0,22.9
ff66ce2e-6488-47bf-93f5-fd9017abe6bd,34e19d1a-c404-4f67-af59-d135b993a9cf,FixedDeposit,2023-06-14,Inactive,0.0,0.0,24.0,4.8
35e46b9f-58f5-4605-8dd4-2cfa10c23a70,a32c4da1-fdbd-4a97-8873-6f6e3bb0c893,Savings,2024-07-22,Active,108775.38,0.0,0.0,0.0
1f8a791b-99cb-46a2-bf28-299ee221b742,a32c4da1-fdbd-4a97-8873-6f6e3bb0c893,Loan,2025-07-17,Active,7300.68,7964.38,60.0,15.7
44b81f2a-f156-41f3-aa75-d8e92942a212,a32c4da1-fdbd-4a97-8873-6f6e3bb0c893,Loan,2025-02-20,Active,9276.71,12844.71,36.0,16.3
87c8a49d-fc9c-4562-afa7-82e34f9199eb,2d405f2f-1280-4f91-b4de-c95b2528efb5,Savings,2025-03-29,Active,55864.73,0.0,0.0,0.0
f6074870-4cf0-4ea4-98f8-04668a8e7766,2d405f2f-1280-4f91-b4de-c95b2528efb5,Loan,2025-05-04,Active,8075.03,9317.35,60.0,12.7
a74abb01-0737-4a40-97cb-32888ba4f489,2d405f2f-1280-4f91-b4de-c95b2528efb5,FixedDeposit,2025-09-26,Active,97058.6,0.0,36.0,4.2
482fc9a8-2834-4701-95ef-5c91075918c0,fbd6a3bb-f806-4d19-b5da-ffd1c02faaaa,Savings,2020-12-14,Active,432299.34,0.0,0.0,0.0
df2b420f-be9c-4b33-a822-2f454d23d9b3,fbd6a3bb-f806-4d19-b5da-ffd1c02faaaa,Loan,2022-07-16,Active,5212.37,17374.31,60.0,7.0
bfb188e5-f8e5-42c0-8d5e-aa2736d6ea79,83e4ec43-e8a9-48cd-bbe6-9bd617eae7b9,Savings,2021-04-08,Active,193087.77,0.0,0.0,0.0
351d4c2b-1609-461f-ba34-801ad9db1b1a,83e4ec43-e8a9-48cd-bbe6-9bd617eae7b9,Loan,2021-04-30,Inactive,0.0,2934.84,48.0,23.8
45ff522d-54fc-4c5b-b1f6-68e2aab17f85,83e4ec43-e8a9-48cd-bbe6-9bd617eae7b9,FixedDeposit,2025-09-13,Active,3287.62,0.0,24.0,4.5
258aa03b-2f5c-46ee-8eb4-1c796660a587,83e4ec43-e8a9-48cd-bbe6-9bd617eae7b9,FixedDeposit,2023-07-21,Active,33903.01,0.0,36.0,4.5
7087a29f-ab30-44dc-b5f6-ae42ae8e35e1,073b3cbb-54c2-45e8-afcf-ee7cc7a92634,Savings,2025-04-07,Active,37051.51,0.0,0.0,0.0
78269220-84c5-4559-af7f-78b72fc04760,073b3cbb-54c2-45e8-afcf-ee7cc7a92634,FixedDeposit,2025-08-13,Active,32737.07,0.0,36.0,4.2
6014ffa4-f87d-426c-a389-84f94a05acb4,748a5065-509c-439e-9255-01df216a087e,Savings,2022-01-04,Active,166339.68,0.0,0.0,0.0
b154d055-f605-40f6-9759-9b05adee7ca2,748a5065-509c-439e-9255-01df216a087e,FixedDeposit,2025-05-08,Active,65493.43,0.0,36.0,4.2
d628f90d-a75d-48d9-b28f-41b9aef7ced3,748a5065-509c-439e-9255-01df216a087e,FixedDeposit,2023-02-21,Active,88270.45,0.0,36.0,4.5
51b3ce14-d273-43c7-aebc-63b3cc887af0,913e9313-364e-45f3-ad92-f3b50cc78636,Savings,2023-03-16,Active,374129.05,0.0,0.0,0.0
4c2025a6-3fef-48ec-8e01-79315032c291,913e9313-364e-45f3-ad92-f3b50cc78636,Loan,2024-08-27,Active,3787.38,11361.94,24.0,13.4
0b78d965-fbaa-49c1-8796-0b35d2a53b26,913e9313-364e-45f3-ad92-f3b50cc78636,Loan,2024-07-13,Inactive,0.0,13443.46,12.0,12.9
85e720a6-ea26-4f33-afea-82def9f0439e,913e9313-364e-45f3-ad92-f3b50cc78636,FixedDeposit,2023-08-08,Active,85979.37,0.0,36.0,4.5
889bc99c-69e8-474f-a70a-cb15880d312d,913e9313-364e-45f3-ad92-f3b50cc78636,FixedDeposit,2023-09-05,Inactive,0.0,0.0,12.0,5.2
aad5ebc9-dc8c-419c-a39f-e18aa6dc0387,6825cecc-4cb0-4565-809e-5378bd9f5f11,Savings,2022-09-14,Active,223192.52,0.0,0.0,0.0
40ffbfb9-c16d-44f6-8177-86f32ab789cb,6825cecc-4cb0-4565-809e-5378bd9f5f11,Loan,2023-05-20,Active,37723.06,271606.9,36.0,7.3
cf75c75b-b426-47e5-8e3c-05423dc9d15f,6825cecc-4cb0-4565-809e-5378bd9f5f11,Loan,2022-09-29,Inactive,0.0,395162.08,24.0,7.9
417f6eb4-9608-4b2e-87d2-84d88d8f088a,6825cecc-4cb0-4565-809e-5378bd9f5f11,FixedDeposit,2023-04-03,Inactive,0.0,0.0,3.0,4.5
ce6d7345-0992-4f25-b195-be16f6cf05f2,6825cecc-4cb0-4565-809e-5378bd9f5f11,FixedDeposit,2025-10-09,Active,63227.28,0.0,36.0,4.2
483544c1-efed-4a68-a955-e85fbdc5aa2a,feecf84a-45f8-456c-9d83-ccbf49c9d3b3,Savings,2020-06-03,Active,432180.56,0.0,0.0,0.0
06724fa1-0b96-49af-be28-333deab1ca06,feecf84a-45f8-456c-9d83-ccbf49c9d3b3,Loan,2022-07-20,Inactive,0.0,18421.61,12.0,20.2
f4e32154-191c-4071-b802-1573384a7e00,feecf84a-45f8-456c-9d83-ccbf49c9d3b3,FixedDeposit,2021-01-01,Inactive,0.0,0.0,12.0,1.0
41272fce-7449-4825-b190-585a61c32965,dfc08b9e-3e69-4a1a-b9b0-eab515c4070e,Savings,2021-01-23,Active,390399.72,0.0,0.0,0.0
8240396e-bf92-4c3a-975a-d245dd7a75e5,dbbf77d7-3d6f-412e-bd2a-41a80b7ff658,Savings,2023-03-04,Active,159464.61,0.0,0.0,0.0
7db13c6f-b930-4565-b1f1-8160e7f9592e,dbbf77d7-3d6f-412e-bd2a-41a80b7ff658,FixedDeposit,2024-08-18,Inactive,0.0,0.0,6.0,5.1
f48fb956-119a-4802-8aab-9e1e4404192e,dbbf77d7-3d6f-412e-bd2a-41a80b7ff658,FixedDeposit,2024-07-24,Inactive,0.0,0.0,12.0,5.3
d99ae36b-75fa-419a-8bc8-3b1da77fb946,dbbf77d7-3d6f-412e-bd2a-41a80b7ff658,FixedDeposit,2024-09-24,Inactive,0.0,0.0,3.0,4.8
2eddcda4-d9f0-44e1-8ac6-c5ef06f58eef,7df72570-959a-4046-b67e-f1d4a431b2f0,Savings,2025-11-05,Active,15726.33,0.0,0.0,0.0
cd25d303-0e14-44c6-94f0-5d652f832fc8,7df72570-959a-4046-b67e-f1d4a431b2f0,Loan,2025-11-05,Active,15004.55,15656.92,24.0,8.3
36b4d0da-d4a1-42ed-ab17-6e0ca8513373,7df72570-959a-4046-b67e-f1d4a431b2f0,Loan,2025-11-05,Active,42500.66,46364.36,12.0,8.7
87aae645-66ae-445a-a27d-5e899a669e71,7df72570-959a-4046-b67e-f1d4a431b2f0,FixedDeposit,2025-11-09,Active,34300.93,0.0,6.0,4.5
9bf1b2b4-82c1-4b63-8df5-cb873e113cbf,7df72570-959a-4046-b67e-f1d4a431b2f0,FixedDeposit,2025-11-23,Active,85581.91,0.0,12.0,4.8
092e0abb-6317-4e30-8d4f-5c57052217ca,1edd0e2f-a598-40d9-905a-1cf44987f69e,Savings,2025-08-21,Active,131595.48,0.0,0.0,0.0
a4f80bd4-44bb-4e0e-acfe-39a28dea8fea,1edd0e2f-a598-40d9-905a-1cf44987f69e,Loan,2025-10-19,Active,230129.07,240134.69,48.0,11.7
8831eb9c-d17e-4fda-abb3-321db6dac233,1edd0e2f-a598-40d9-905a-1cf44987f69e,FixedDeposit,2025-11-14,Active,37092.3,0.0,12.0,4.8
999d5457-2468-4e19-89d1-a94b3c41f089,1edd0e2f-a598-40d9-905a-1cf44987f69e,FixedDeposit,2025-10-19,Active,87912.42,0.0,36.0,4.2
73d041a8-cca2-475d-ad47-5bee4fea2f3b,e9115fb8-36fe-41c2-b0dd-31d5ec442428,Savings,2021-06-01,Active,268814.95,0.0,0.0,0.0
aa4b56fa-315f-459e-9969-98bb82297830,e9115fb8-36fe-41c2-b0dd-31d5ec442428,Loan,2024-12-21,Active,1742.3,2177.9,60.0,21.5
31469718-f979-43af-9a9c-4b88753124de,e9115fb8-36fe-41c2-b0dd-31d5ec442428,Loan,2022-10-12,Inactive,0.0,3553.52,24.0,17.2
58f631fb-8423-49fc-a222-e0f215759975,e9115fb8-36fe-41c2-b0dd-31d5ec442428,FixedDeposit,2025-01-20,Inactive,0.0,0.0,6.0,4.5
269b17ea-5d02-450d-a8f2-ed7f5d0490ec,e9115fb8-36fe-41c2-b0dd-31d5ec442428,FixedDeposit,2025-06-19,Active,37443.49,0.0,12.0,4.8
d66efbca-3be9-4aad-baa3-4ba87c6102c7,e9115fb8-36fe-41c2-b0dd-31d5ec442428,FixedDeposit,2025-03-18,Inactive,0.0,0.0,6.0,4.5
9a3a36dd-5e48-4995-8d34-a140d30539d1,6db07996-f80a-4057-adbe-71c482e1faa2,Savings,2024-10-01,Active,123214.27,0.0,0.0,0.0
6b79147f-887e-47d9-9685-cbb58fb612be,6db07996-f80a-4057-adbe-71c482e1faa2,Loan,2025-05-17,Active,11541.92,14327.92,36.0,12.9
2be273b3-ffde-4617-a148-363949725966,646a66ec-c13a-40c1-9c26-a341a7563fe4,Savings,2024-10-18,Active,133365.39,0.0,0.0,0.0
68511f00-7ae5-46f3-9a32-c391345e22d8,646a66ec-c13a-40c1-9c26-a341a7563fe4,FixedDeposit,2025-09-26,Inactive,0.0,0.0,3.0,4.2
1e9a4887-4555-4743-bc5b-cef741dc49dc,646a66ec-c13a-40c1-9c26-a341a7563fe4,FixedDeposit,2025-07-23,Active,31376.4,0.0,6.0,4.5
9d91d27e-551a-4a52-80ce-6c237889977f,36010a08-374c-414e-89d1-52d319f2b142,Savings,2022-11-23,Active,210808.38,0.0,0.0,0.0
72a07182-a309-464b-a24e-7524d82646f5,36010a08-374c-414e-89d1-52d319f2b142,Loan,2023-02-19,Inactive,0.0,265626.04,24.0,9.2
73323185-1c95-4e47-8a6a-9b45f50e9337,36010a08-374c-414e-89d1-52d319f2b142,Loan,2023-03-08,Active,3290.04,59223.1,36.0,15.5
0bc249db-f34b-40c3-848e-cc9e9ee61602,7b387a80-ae97-4af7-8acb-22b95fc963b6,Savings,2023-02-01,Active,159405.51,0.0,0.0,0.0
ba60d7dc-ca28-43d4-b3c6-584e4bdc3ca8,7b387a80-ae97-4af7-8acb-22b95fc963b6,Loan,2025-10-31,Active,14659.61,17591.53,12.0,15.2
639f3b8c-62b2-45f0-a828-496ae66c59e9,7b387a80-ae97-4af7-8acb-22b95fc963b6,Loan,2023-03-15,Active,317.09,5706.43,36.0,21.2
414f0cdd-99f0-4901-bd1c-293108f63149,7b387a80-ae97-4af7-8acb-22b95fc963b6,FixedDeposit,2025-10-13,Active,10202.77,0.0,6.0,4.5
52a461fd-650e-44fc-a703-888cd0d63b4c,7b387a80-ae97-4af7-8acb-22b95fc963b6,FixedDeposit,2023-11-23,Inactive,0.0,0.0,6.0,5.0
b74e2167-4f4e-41dd-87f3-915c8f75ab11,cee618de-8e27-4262-a8ad-2cde89ffad52,Savings,2024-05-24,Active,221040.5,0.0,0.0,0.0
412a29d8-b908-41d5-a62f-b2d7faf0932a,cee618de-8e27-4262-a8ad-2cde89ffad52,Loan,2025-02-26,Active,5877.0,7052.4,60.0,11.0
cdb16887-a143-4aaf-8dc0-49d694871277,cee618de-8e27-4262-a8ad-2cde89ffad52,Loan,2025-04-13,Active,5225.29,15675.85,12.0,13.1
f6ffc56a-5133-4be5-90c5-30957d60ddab,cee618de-8e27-4262-a8ad-2cde89ffad52,FixedDeposit,2024-09-26,Inactive,0.0,0.0,3.0,4.8
1e19e85e-325f-45b5-a9dd-046ef5c21462,cee618de-8e27-4262-a8ad-2cde89ffad52,FixedDeposit,2025-08-21,Active,9164.59,0.0,24.0,4.5
54d048f7-9224-469b-a1cb-0f7c99b55b6a,cee618de-8e27-4262-a8ad-2cde89ffad52,FixedDeposit,2024-12-28,Active,68395.22,0.0,24.0,5.0
a1413c3a-35d8-4146-bef0-7abcfaa0f9c1,954b1494-c7c7-4e14-a78b-b526b797f8c8,Savings,2023-11-29,Active,37721.67,0.0,0.0,0.0
16c27c22-0331-4d45-b1f9-635d37e4ae66,954b1494-c7c7-4e14-a78b-b526b797f8c8,FixedDeposit,2025-02-03,Inactive,0.0,0.0,6.0,4.5
5f8cb6cb-83a8-46fe-8a16-ca8a03b67a57,954b1494-c7c7-4e14-a78b-b526b797f8c8,FixedDeposit,2023-12-18,Active,21673.61,0.0,36.0,4.5
48ce89dc-372a-4fc6-a36a-843072e5312a,46298598-54d4-46ea-99e5-9b0e3ac8d7e8,Savings,2025-06-20,Active,44244.87,0.0,0.0,0.0
6f5e6a8c-edb8-45ae-857d-6cb0d1cd3230,46298598-54d4-46ea-99e5-9b0e3ac8d7e8,Loan,2025-09-29,Active,36674.0,38604.2,60.0,21.7
df9ae460-4122-4abf-a397-c95b625c76b2,46298598-54d4-46ea-99e5-9b0e3ac8d7e8,Loan,2025-08-12,Active,39952.73,59929.09,12.0,20.8
060484ab-cb43-4e48-9d48-d4bc40794d83,46298598-54d4-46ea-99e5-9b0e3ac8d7e8,FixedDeposit,2025-11-17,Active,36127.23,0.0,36.0,4.2
b8ca88a8-73a3-4079-9913-7ffe7ded5ec4,46298598-54d4-46ea-99e5-9b0e3ac8d7e8,FixedDeposit,2025-07-06,Active,66043.98,0.0,36.0,4.2
c4e2d442-7834-429d-afbb-48147d04a330,46298598-54d4-46ea-99e5-9b0e3ac8d7e8,FixedDeposit,2025-07-20,Active,63939.87,0.0,12.0,4.8
f18e543c-9908-4882-a046-6402148ce6f6,1f31c2ee-85a1-437b-82dd-463a2e33b91f,Savings,2022-10-27,Active,4139.92,0.0,0.0,0.0
74c764e1-77a5-4406-9b70-2e3dda4342eb,1f31c2ee-85a1-437b-82dd-463a2e33b91f,Loan,2023-03-26,Active,125724.47,301738.63,48.0,9.9
cb071729-3b6b-4944-ac3f-7027b8979442,1f31c2ee-85a1-437b-82dd-463a2e33b91f,Loan,2023-02-17,Active,10261.19,35180.81,48.0,11.9
46671118-9814-4ff8-a9ff-81e0c91645b1,1f31c2ee-85a1-437b-82dd-463a2e33b91f,FixedDeposit,2025-02-19,Active,15735.61,0.0,24.0,4.5
52073f95-77da-491e-aa07-935b89062acc,1f31c2ee-85a1-437b-82dd-463a2e33b91f,FixedDeposit,2023-08-16,Active,83935.41,0.0,36.0,4.5
457be040-2b27-4ab5-8106-a03713dd63a1,1f31c2ee-85a1-437b-82dd-463a2e33b91f,FixedDeposit,2025-06-04,Active,71527.32,0.0,36.0,4.2
aacfec93-84bb-416f-b333-0e032f8d59b8,1a216fd0-21e8-43e3-9dec-f1d93ff7ddd0,Savings,2024-11-01,Active,537984.53,0.0,0.0,0.0
39a7462d-be80-4c92-8b11-d82ff23f678a,1a216fd0-21e8-43e3-9dec-f1d93ff7ddd0,Loan,2025-03-10,Active,54150.68,72200.9,36.0,16.1
58c7ef14-4527-4a71-9638-34907b347051,1a216fd0-21e8-43e3-9dec-f1d93ff7ddd0,Loan,2025-02-07,Active,401706.79,482048.09,60.0,17.9
bcaeb220-5cd3-43a2-b715-58d4d03e8bf8,1a216fd0-21e8-43e3-9dec-f1d93ff7ddd0,FixedDeposit,2025-04-10,Inactive,0.0,0.0,3.0,4.2
5e31fd32-5e8d-4cf4-85af-25fff6db111b,1a216fd0-21e8-43e3-9dec-f1d93ff7ddd0,FixedDeposit,2025-08-17,Active,7156.63,0.0,36.0,4.2
8fd280a4-36bc-423c-b3db-1596ed1404b3,744bfe4a-2270-406a-bbce-9a82d2a7d6d5,Savings,2023-12-24,Active,308133.98,0.0,0.0,0.0
6e905251-ea9b-4cf5-b443-7c83bcd913fe,744bfe4a-2270-406a-bbce-9a82d2a7d6d5,Loan,2024-07-25,Active,9625.57,18237.94,36.0,23.0
b56f3ed0-5c7e-4ef3-9f17-f8cbf8d4a1ae,744bfe4a-2270-406a-bbce-9a82d2a7d6d5,Loan,2024-05-13,Inactive,0.0,16157.31,12.0,22.5
0f041344-0577-4625-977c-6d7bac41be5b,744bfe4a-2270-406a-bbce-9a82d2a7d6d5,FixedDeposit,2025-09-11,Active,38942.29,0.0,36.0,4.2
69d997e5-bb90-4f4b-ba84-354b8ed746d9,744bfe4a-2270-406a-bbce-9a82d2a7d6d5,FixedDeposit,2024-09-30,Active,74542.01,0.0,36.0,4.7
51be5fc5-b2aa-49b8-830e-2f5303712327,744bfe4a-2270-406a-bbce-9a82d2a7d6d5,FixedDeposit,2024-07-09,Inactive,0.0,0.0,3.0,4.8
c94d8eda-3027-477f-baa4-d1f8c03a6253,ce92f545-b2b6-40b7-9182-a7b6c2cb3b3a,Savings,2023-01-19,Active,371748.45,0.0,0.0,0.0
52d9c2ae-dc05-4581-9dd2-af73ad9f83c1,ce92f545-b2b6-40b7-9182-a7b6c2cb3b3a,Loan,2025-01-04,Inactive,0.0,14108.13,12.0,12.8
cecd802c-8951-410c-9046-c1cca0edaf95,656c54d8-3942-4d28-a4ca-9f6c5b51d613,Savings,2024-06-12,Active,422703.89,0.0,0.0,0.0
77266c8f-89b2-4755-9732-d57f1f08c457,656c54d8-3942-4d28-a4ca-9f6c5b51d613,Loan,2024-09-20,Active,44019.44,58692.59,60.0,21.1
645563a1-bcd4-4e44-a579-91d4929a94c1,656c54d8-3942-4d28-a4ca-9f6c5b51d613,Loan,2025-09-24,Active,286864.0,312942.55,36.0,17.7
6930a255-14ab-4cfd-b479-0529effb2d78,656c54d8-3942-4d28-a4ca-9f6c5b51d613,FixedDeposit,2025-04-04,Active,33053.36,0.0,36.0,4.2
7a56cf0a-bcf7-42a8-8f65-ba40642b8e0a,81d5d2c2-fb07-4c1c-98f8-722df5c7a02b,Savings,2023-01-15,Active,196276.41,0.0,0.0,0.0
4ca36f0d-11f6-49f5-9acf-b00962dba199,81d5d2c2-fb07-4c1c-98f8-722df5c7a02b,Loan,2024-01-22,Active,3767.51,7233.84,48.0,21.0
7661d824-1bf7-45cc-bf16-c047a0218fca,81d5d2c2-fb07-4c1c-98f8-722df5c7a02b,FixedDeposit,2025-01-29,Inactive,0.0,0.0,3.0,4.2
3bff254e-bfe7-43c4-8a92-022729527720,81d5d2c2-fb07-4c1c-98f8-722df5c7a02b,FixedDeposit,2024-07-06,Active,36711.52,0.0,24.0,5.0
6a3fa5d7-1279-475b-a8bf-f4974979871f,81d5d2c2-fb07-4c1c-98f8-722df5c7a02b,FixedDeposit,2025-10-22,Active,20021.26,0.0,6.0,4.5
f3d5a964-d0b4-4ecb-89cd-5ae43e6a8377,fde21b42-d659-48c2-9fcd-b3a70b297399,Savings,2025-06-06,Active,69933.64,0.0,0.0,0.0
67088413-9d65-469f-b4b9-17e8422048f2,fde21b42-d659-48c2-9fcd-b3a70b297399,Loan,2025-06-13,Active,54995.16,65994.18,36.0,10.5
0b3cac6f-7f55-4c1f-bc2b-274ba576750d,fde21b42-d659-48c2-9fcd-b3a70b297399,Loan,2025-10-29,Active,35582.12,36809.08,60.0,18.8
0f882c8b-e7cd-4e17-956a-a9baa5800832,fde21b42-d659-48c2-9fcd-b3a70b297399,FixedDeposit,2025-09-13,Active,48467.8,0.0,12.0,4.8
33ae9d71-23e8-4615-9bc3-9e03bb64e81e,b0d20d47-d94a-4acd-835a-be7d9266be15,Savings,2021-11-21,Active,364429.59,0.0,0.0,0.0
d122bde0-82be-41c2-bbb6-1f2b396c0d63,b0d20d47-d94a-4acd-835a-be7d9266be15,FixedDeposit,2023-11-06,Active,41569.32,0.0,36.0,4.5
88b3fd39-8f9c-49ab-99ae-edef855bdbcd,b0d20d47-d94a-4acd-835a-be7d9266be15,FixedDeposit,2023-01-10,Inactive,0.0,0.0,12.0,5.2
14178217-51c0-4582-a5ee-39568b84bbc8,b0d20d47-d94a-4acd-835a-be7d9266be15,FixedDeposit,2024-05-31,Inactive,0.0,0.0,3.0,4.8
674ec82a-c7b4-40d1-be2b-224fbd48ef9e,9b4d9238-29bf-4203-924d-a1ac896e2f3d,Savings,2023-10-12,Active,128369.0,0.0,0.0,0.0
13ab64a4-d741-4d3f-8abd-b2e206137509,9b4d9238-29bf-4203-924d-a1ac896e2f3d,Loan,2025-03-11,Active,4815.08,19260.44,12.0,17.6
fcf8671d-1ae0-4407-aa34-dc8bd1d46619,9b4d9238-29bf-4203-924d-a1ac896e2f3d,FixedDeposit,2025-06-01,Active,63499.26,0.0,36.0,4.2
98cfc875-22c7-414d-bfc9-c462a2e2158c,3c4f872b-f5d4-4445-90bc-fc6769b99f96,Savings,2024-10-30,Active,261289.05,0.0,0.0,0.0
ea93bfda-ebe2-42c4-9de2-5993d2907ea4,3c4f872b-f5d4-4445-90bc-fc6769b99f96,Loan,2025-10-09,Active,216188.04,223642.8,60.0,13.4
801b070f-303b-4bd2-ab5b-a31e05d22084,3c4f872b-f5d4-4445-90bc-fc6769b99f96,FixedDeposit,2025-02-19,Active,20298.14,0.0,24.0,4.5
80df61b5-1ab3-4292-867d-98b382ff50fb,3c4f872b-f5d4-4445-90bc-fc6769b99f96,FixedDeposit,2024-12-31,Active,12399.34,0.0,24.0,5.0
20f2bd98-0028-48e3-b059-af57d7d555a3,3c4f872b-f5d4-4445-90bc-fc6769b99f96,FixedDeposit,2025-09-27,Active,38316.14,0.0,12.0,4.8
cf39b057-c27a-43df-8c0e-493640d72066,4f14a63f-4170-4c1a-8ead-eb03130ffebe,Savings,2021-04-09,Active,428794.82,0.0,0.0,0.0
825b84e7-e94f-436e-ab6b-5e3e377973b6,4f14a63f-4170-4c1a-8ead-eb03130ffebe,Loan,2022-11-20,Inactive,0.0,18052.13,24.0,9.1
baa8636d-ce52-45fa-b13a-c3e9c07c5a72,4f14a63f-4170-4c1a-8ead-eb03130ffebe,FixedDeposit,2024-09-09,Active,28406.02,0.0,24.0,5.0
e546da64-cc8b-4cd3-822d-de671d699b72,2505ddb5-ed65-46f6-9505-72310aa3a0e2,Savings,2020-03-24,Active,340971.12,0.0,0.0,0.0
a2cc495b-c340-48c9-8a1d-3c56cd5a6f7e,2505ddb5-ed65-46f6-9505-72310aa3a0e2,Loan,2024-08-24,Inactive,0.0,356960.55,12.0,7.0
de6f4b55-f085-4346-a04d-a935bd0add2b,2505ddb5-ed65-46f6-9505-72310aa3a0e2,Loan,2022-01-05,Inactive,0.0,28652.11,48.0,23.2
0eb4802b-a260-4bec-a7b7-8fa28e0125d4,4ad2f417-6fb1-4399-83c3-626593ea16a4,Savings,2025-03-07,Active,353871.67,0.0,0.0,0.0
e123ae43-f450-4071-9d75-84879fc94a16,4ad2f417-6fb1-4399-83c3-626593ea16a4,Loan,2025-04-01,Active,234131.94,312175.89,36.0,7.0
e4cd6f8e-0cd7-44a2-be69-bb82e90385b3,025aa892-7298-4ed5-8c4d-9c873a6a1722,Savings,2022-02-04,Active,115471.65,0.0,0.0,0.0
65728291-29b4-4276-87c2-d882ba38fd24,025aa892-7298-4ed5-8c4d-9c873a6a1722,Loan,2022-06-06,Active,5715.95,45728.09,48.0,11.5
1dabd09b-15b8-4bcd-ba1b-c95aa747f2ed,025aa892-7298-4ed5-8c4d-9c873a6a1722,Loan,2025-06-08,Active,24436.29,27151.41,60.0,23.8
1314565b-c11a-4663-84e3-11c9aa6093a4,025aa892-7298-4ed5-8c4d-9c873a6a1722,FixedDeposit,2023-09-18,Inactive,0.0,0.0,3.0,4.5
d1090ad5-a99d-4a91-b031-2c708baaa333,235c668f-29dc-4593-b4cc-23124bb03ffd,Savings,2021-03-19,Active,448307.59,0.0,0.0,0.0
676634e1-fd1d-4e1b-b52c-54bc518869cd,235c668f-29dc-4593-b4cc-23124bb03ffd,Loan,2025-09-11,Active,5075.64,5537.07,36.0,17.7
a569870d-1a1c-4a16-8e18-29fbd6410b9c,235c668f-29dc-4593-b4cc-23124bb03ffd,FixedDeposit,2022-11-15,Inactive,0.0,0.0,36.0,3.2
d33e9d87-cdeb-4e89-aada-bafc97c3b01d,235c668f-29dc-4593-b4cc-23124bb03ffd,FixedDeposit,2024-10-10,Inactive,0.0,0.0,3.0,4.8
a100c12a-54e1-4cc2-adb2-a97e901de1d1,9f815048-2cd6-4903-b423-a027f397c1a1,Savings,2025-03-20,Active,59552.56,0.0,0.0,0.0
5a6ca537-9e2c-4ef6-b859-398ab83037d5,8abb98b5-1e7d-486b-8713-4fc47717d103,Savings,2022-11-27,Active,2787.03,0.0,0.0,0.0
a93421a6-2bb4-433e-874a-c8957f19dba8,8abb98b5-1e7d-486b-8713-4fc47717d103,Loan,2023-09-26,Active,13981.66,45757.91,36.0,17.9
ef1feebb-6807-4433-85ee-036f4f333838,8abb98b5-1e7d-486b-8713-4fc47717d103,Loan,2024-02-01,Active,9694.87,15307.73,60.0,19.4
4871c706-5b66-4334-ae54-a7ddf9737049,567fe04a-b483-4b49-be8e-9ee46e353bcd,Savings,2020-01-28,Active,376478.48,0.0,0.0,0.0
d5342359-0073-417e-882e-16e0f7eb0332,567fe04a-b483-4b49-be8e-9ee46e353bcd,Loan,2020-04-24,Inactive,0.0,310565.11,60.0,8.1
d68fee05-6daa-4580-82d3-e869097d51e1,567fe04a-b483-4b49-be8e-9ee46e353bcd,FixedDeposit,2023-08-31,Inactive,0.0,0.0,3.0,4.5
8a944c93-99ba-49e0-b7b1-f15afacdae2a,567fe04a-b483-4b49-be8e-9ee46e353bcd,FixedDeposit,2025-01-09,Inactive,0.0,0.0,3.0,4.2
6449281f-e133-4463-8d44-ffb5d0c56ad1,8c7f01a3-2b3b-42ac-96db-0d78770754b4,Savings,2025-01-21,Active,169359.02,0.0,0.0,0.0
0288fdd6-2554-43a7-9c47-be7ed8b60f39,8c7f01a3-2b3b-42ac-96db-0d78770754b4,Loan,2025-06-29,Active,22994.32,25549.24,60.0,23.8
35e91022-ce90-4dc6-9e2c-c5f87542626e,8c7f01a3-2b3b-42ac-96db-0d78770754b4,Loan,2025-03-22,Active,42289.97,49752.95,60.0,10.1
13e04346-75b1-4982-bc17-f4177870ff86,8c7f01a3-2b3b-42ac-96db-0d78770754b4,FixedDeposit,2025-10-13,Active,45185.96,0.0,12.0,4.8
ca9cef7b-a1e8-4343-8bff-fceab97df5dc,ea37b918-c922-4d01-81fc-75a61d4b8c52,Savings,2025-06-01,Active,53859.48,0.0,0.0,0.0
88f3e327-106a-4f1d-b3a6-b2e1d82055e0,ea37b918-c922-4d01-81fc-75a61d4b8c52,Loan,2025-07-16,Active,4912.85,5359.5,60.0,20.4
e24307e4-2762-46ab-89ce-3efd3caf540e,ea37b918-c922-4d01-81fc-75a61d4b8c52,FixedDeposit,2025-10-09,Active,17610.72,0.0,6.0,4.5
69b0a777-f8d1-4161-9516-880be34fa6f0,ba46fbc2-7c21-4232-bd44-330d115bc73f,Savings,2022-05-14,Active,162662.5,0.0,0.0,0.0
837dd3b1-154f-42a3-834f-f6c4561eaff1,a391cba6-5791-49b7-9107-4f602ffbfffa,Savings,2023-04-27,Active,289902.92,0.0,0.0,0.0
d07926ab-985b-4345-967e-f639be001953,a391cba6-5791-49b7-9107-4f602ffbfffa,Loan,2023-08-27,Inactive,0.0,11274.82,12.0,19.8
84b32427-25e9-4ba9-94cc-e0d9b42e22a2,a391cba6-5791-49b7-9107-4f602ffbfffa,FixedDeposit,2025-06-21,Active,6133.31,0.0,24.0,4.5
8b45a575-3625-4bba-8916-9d2d44e5466e,a6c0af9e-da2c-42e5-87b5-5edb9f6e4589,Savings,2022-04-05,Active,80879.77,0.0,0.0,0.0
12f73128-c0d9-456e-9c7d-16723fcebfb5,a6c0af9e-da2c-42e5-87b5-5edb9f6e4589,Loan,2023-12-18,Active,43423.0,70415.57,60.0,10.7
7fdb08d2-671c-4e63-8a25-8ed2e4c3f083,a6c0af9e-da2c-42e5-87b5-5edb9f6e4589,FixedDeposit,2022-12-14,Inactive,0.0,0.0,12.0,2.8
0fb594f0-3529-4f99-ab5b-34348da8b882,a6c0af9e-da2c-42e5-87b5-5edb9f6e4589,FixedDeposit,2025-03-10,Inactive,0.0,0.0,6.0,4.5
93ef2782-0b5c-4045-8951-f303aa49383a,47ad0e2b-9fd7-4e8e-ac68-be53ef726d66,Savings,2021-12-31,Active,405266.3,0.0,0.0,0.0
28f0a1dd-7a1d-42b1-a4fc-a21052f88619,47ad0e2b-9fd7-4e8e-ac68-be53ef726d66,Loan,2024-02-24,Inactive,0.0,29617.15,12.0,7.5
195a3dbb-c558-4b72-8b37-da878315287e,47ad0e2b-9fd7-4e8e-ac68-be53ef726d66,FixedDeposit,2023-05-31,Inactive,0.0,0.0,6.0,5.0
bb7c8073-1ad2-41b8-a437-c5836ba2de35,47ad0e2b-9fd7-4e8e-ac68-be53ef726d66,FixedDeposit,2024-05-11,Inactive,0.0,0.0,12.0,5.3
a3f8d756-53b8-4718-8ba9-67c1172687a6,47ad0e2b-9fd7-4e8e-ac68-be53ef726d66,FixedDeposit,2025-09-27,Active,60425.08,0.0,24.0,4.5
4566f6a8-b501-41d9-82d1-5d8ecb21c98f,c3207dc6-b0f1-4a90-9f9b-a58188657f56,Savings,2020-07-28,Active,309447.81,0.0,0.0,0.0
ac037577-06ea-401a-9ceb-e0c5f1bc7988,c3207dc6-b0f1-4a90-9f9b-a58188657f56,Loan,2025-02-04,Active,18600.01,24129.71,48.0,17.2
6181134f-e6a3-4744-af5f-70218379ca70,c3207dc6-b0f1-4a90-9f9b-a58188657f56,Loan,2021-08-02,Inactive,0.0,77239.26,48.0,12.8
2c20537e-b5fb-47d6-9992-5d5c3db04123,c3207dc6-b0f1-4a90-9f9b-a58188657f56,FixedDeposit,2022-11-28,Inactive,0.0,0.0,6.0,2.2
d377646e-d909-4dcd-9114-e10d5b50297c,c3207dc6-b0f1-4a90-9f9b-a58188657f56,FixedDeposit,2024-11-27,Inactive,0.0,0.0,3.0,4.8
590e237a-3406-4914-8660-3d60a37235fc,5409008b-7724-4286-9122-79148757180a,Savings,2023-05-25,Active,471339.2,0.0,0.0,0.0
93ee6fc5-c1de-4e4e-b6ec-835233838402,5409008b-7724-4286-9122-79148757180a,FixedDeposit,2024-04-09,Inactive,0.0,0.0,6.0,5.1
1393c4b9-6078-48ff-b5b1-87038fb2c2f2,5409008b-7724-4286-9122-79148757180a,FixedDeposit,2023-08-24,Inactive,0.0,0.0,24.0,4.8
54b23d9c-75a0-4d76-8d2e-9bf110a1b693,5409008b-7724-4286-9122-79148757180a,FixedDeposit,2025-06-08,Active,10488.67,0.0,24.0,4.5
112ad3b6-8a39-4579-83f2-02ad6abd0f79,c43200a3-8862-42f6-bd7f-6c69c387f273,Savings,2025-01-22,Active,39399.47,0.0,0.0,0.0
6f2a1b04-cfcd-4ad1-9d54-d99639aac728,792dea64-01dc-4a7c-9c6d-0eb84e40efef,Savings,2020-05-16,Active,403369.28,0.0,0.0,0.0
c9d23017-5fd7-4ce4-8926-c6a909869e34,792dea64-01dc-4a7c-9c6d-0eb84e40efef,Loan,2025-04-02,Active,2219.69,8878.7,12.0,11.0
228a2233-4ce6-431d-ab4b-fffae18d03c9,792dea64-01dc-4a7c-9c6d-0eb84e40efef,FixedDeposit,2021-06-11,Inactive,0.0,0.0,24.0,1.2
105b8ace-84a5-4290-a0d0-6a25d72ee632,792dea64-01dc-4a7c-9c6d-0eb84e40efef,FixedDeposit,2022-09-11,Inactive,0.0,0.0,3.0,1.5
cfab206d-74ac-4414-b0ac-34592c15f842,792dea64-01dc-4a7c-9c6d-0eb84e40efef,FixedDeposit,2024-06-14,Inactive,0.0,0.0,12.0,5.3
0b2039df-b983-4817-b9be-20ac0e111961,169ce780-4b9e-4e84-9c13-41c8737d4162,Savings,2025-02-09,Active,201499.68,0.0,0.0,0.0
ce91b2b3-d72a-4c88-a47b-b06036f01d87,169ce780-4b9e-4e84-9c13-41c8737d4162,Loan,2025-05-26,Active,12984.15,18330.54,24.0,17.9
99a13d62-da18-4c16-9765-4710800ffdff,169ce780-4b9e-4e84-9c13-41c8737d4162,Loan,2025-05-08,Active,10935.45,26245.15,12.0,18.4
871b570d-1bd8-47f9-aaa9-d59ce4fd57cf,67fb7741-ed4b-458b-9fa6-3bb29ce782de,Savings,2025-05-19,Active,152032.17,0.0,0.0,0.0
3eb2839d-6356-490d-a6aa-a0ebce4d47ce,67fb7741-ed4b-458b-9fa6-3bb29ce782de,Loan,2025-06-15,Active,35824.53,40942.35,48.0,14.5
9d1334bc-f2a2-4d5e-b58e-ce502ad3660b,67fb7741-ed4b-458b-9fa6-3bb29ce782de,FixedDeposit,2025-05-19,Inactive,0.0,0.0,3.0,4.2
969ec373-e37a-4570-a72b-82591c72a8dd,67fb7741-ed4b-458b-9fa6-3bb29ce782de,FixedDeposit,2025-09-08,Active,21055.02,0.0,12.0,4.8
11cbf40e-8c4a-49db-8854-bd438c8451b8,67fb7741-ed4b-458b-9fa6-3bb29ce782de,FixedDeposit,2025-08-08,Active,23560.98,0.0,6.0,4.5
888a0e44-bc4b-410b-84c3-31eb7a87c252,ea7c580e-317b-47e6-b0c0-8c2aa816fc48,Savings,2024-11-16,Active,70235.51,0.0,0.0,0.0
ab6f5d44-30b5-4934-9d71-f85bf5312002,ea7c580e-317b-47e6-b0c0-8c2aa816fc48,Loan,2025-08-25,Active,13677.37,20516.05,12.0,19.7
92a93c45-a7cf-4e79-9d45-505ebeb7447e,a58a6f62-943a-4584-a62b-86271fe10295,Savings,2021-05-07,Active,380570.65,0.0,0.0,0.0
5e5b8325-51c0-4004-a07e-f252d0e3ab50,a58a6f62-943a-4584-a62b-86271fe10295,Loan,2025-06-05,Active,25974.02,31168.82,36.0,18.1
27fa2b5f-8c4b-423a-82c6-275110e5de16,a58a6f62-943a-4584-a62b-86271fe10295,FixedDeposit,2021-11-11,Inactive,0.0,0.0,24.0,1.2
2969d4af-d40a-456f-9949-18f83467403d,a58a6f62-943a-4584-a62b-86271fe10295,FixedDeposit,2023-08-15,Inactive,0.0,0.0,24.0,4.8
7ad523aa-89cb-462f-8b9a-e487be15828a,a3584d3c-e91a-4a30-8519-5688a18c6ab1,Savings,2025-06-26,Active,43867.61,0.0,0.0,0.0
7d9fbd4e-97c2-488c-b682-75f7b90cd49d,a3584d3c-e91a-4a30-8519-5688a18c6ab1,Loan,2025-09-06,Active,10943.41,12506.74,24.0,12.0
f8a0bb19-b3ef-4ca5-8e50-a3cbed149619,a3584d3c-e91a-4a30-8519-5688a18c6ab1,FixedDeposit,2025-07-17,Active,31275.77,0.0,36.0,4.2
200c782d-d27c-42c1-87de-031f5bc3ae94,a3584d3c-e91a-4a30-8519-5688a18c6ab1,FixedDeposit,2025-11-01,Active,80025.03,0.0,6.0,4.5
3f851203-31a1-4308-8a5e-e01fd0d3def5,a3584d3c-e91a-4a30-8519-5688a18c6ab1,FixedDeposit,2025-08-27,Active,86277.11,0.0,6.0,4.5
0f79f7c5-21de-47bc-b103-bc8e614f21d2,a1c186cf-1531-4205-a423-78005e3b2766,Savings,2023-07-26,Active,143079.13,0.0,0.0,0.0
66047463-1855-4c8e-a1fb-7e8a86d78278,a1c186cf-1531-4205-a423-78005e3b2766,Loan,2025-05-06,Active,5919.51,8356.98,24.0,19.2
174694df-ad20-44a8-93b7-fddc5d67c416,a1c186cf-1531-4205-a423-78005e3b2766,FixedDeposit,2024-05-18,Inactive,0.0,0.0,3.0,4.8
bae6b901-1519-4e62-a42f-a9f825f8b44c,a1c186cf-1531-4205-a423-78005e3b2766,FixedDeposit,2025-11-20,Active,3597.74,0.0,24.0,4.5
76767163-37a5-41c4-8129-4ff0fed0aae5,01901be1-bbed-4b83-9298-1e2946799654,Savings,2025-02-11,Active,97419.84,0.0,0.0,0.0
4b61dc50-b018-4e92-8413-f6211fc75485,01901be1-bbed-4b83-9298-1e2946799654,Loan,2025-03-21,Active,22971.41,91885.49,12.0,18.2
3049b178-9e13-4bd4-ac6b-ac47c6af4424,01901be1-bbed-4b83-9298-1e2946799654,Loan,2025-07-12,Active,36498.87,39816.97,60.0,7.4
789bea32-a179-4fc1-822d-a3ab88bb8ad1,96736db9-7fde-4ee5-bb24-45dd52b006fa,Savings,2020-11-18,Active,345081.31,0.0,0.0,0.0
b90cc0c0-4919-44fd-bcaa-162e4fe4bb16,96736db9-7fde-4ee5-bb24-45dd52b006fa,FixedDeposit,2023-03-25,Inactive,0.0,0.0,12.0,5.2
06e990b9-981e-486f-b060-d872a35d3bf7,96736db9-7fde-4ee5-bb24-45dd52b006fa,FixedDeposit,2022-02-27,Inactive,0.0,0.0,36.0,3.2
4ee5bb52-182b-44d5-82d3-96135f316b43,f8773dba-d2a7-40a0-a5d2-d6cad22c80a1,Savings,2022-11-26,Active,142370.07,0.0,0.0,0.0
40eba8df-d81a-4c7b-a627-98bc84e66628,f8773dba-d2a7-40a0-a5d2-d6cad22c80a1,Loan,2023-10-29,Inactive,0.0,6904.42,12.0,12.6
1c44bdf5-8b4b-45d9-8e4c-fc761897bc47,f8773dba-d2a7-40a0-a5d2-d6cad22c80a1,Loan,2024-08-04,Inactive,0.0,9928.84,12.0,23.3
ffb495ea-b4ea-47bc-aca4-880941276e1f,f8773dba-d2a7-40a0-a5d2-d6cad22c80a1,FixedDeposit,2025-08-05,Active,2669.84,0.0,24.0,4.5
a0f86492-5628-4cd3-bc3c-57381a89141d,f8773dba-d2a7-40a0-a5d2-d6cad22c80a1,FixedDeposit,2023-06-12,Active,41060.4,0.0,36.0,4.5
02ec71a7-5928-4c4a-beaa-7155c55baacf,f8773dba-d2a7-40a0-a5d2-d6cad22c80a1,FixedDeposit,2025-09-21,Active,39390.96,0.0,6.0,4.5
3d4081d4-f1de-4ec6-b5a7-fd93e76238ab,c6492d36-eaae-4784-93e2-652bdd43aa9d,Savings,2021-04-12,Active,150998.91,0.0,0.0,0.0
ac6ca77e-5ebc-4c4b-96a5-128206168f98,c6492d36-eaae-4784-93e2-652bdd43aa9d,Loan,2024-10-28,Inactive,0.0,13082.44,12.0,14.4
2e935271-99c8-46d2-9e01-056b9d13aa0c,c6492d36-eaae-4784-93e2-652bdd43aa9d,FixedDeposit,2022-03-26,Inactive,0.0,0.0,3.0,1.5
fa28d624-5dc2-4a08-a55c-907166cd651c,c6492d36-eaae-4784-93e2-652bdd43aa9d,FixedDeposit,2024-03-29,Active,50377.14,0.0,36.0,4.7
fdd34e39-e172-4fcd-aa32-b4f4029bf5d0,c6492d36-eaae-4784-93e2-652bdd43aa9d,FixedDeposit,2021-11-10,Inactive,0.0,0.0,6.0,0.8
49ff22b4-0e37-49cf-ba61-a6def76e4511,08ead2f9-6669-43d9-ba79-5ed1fbf2ea2d,Savings,2020-01-13,Active,483200.89,0.0,0.0,0.0
4e4ddbaa-a2a5-4677-8e80-a0ec367de272,08ead2f9-6669-43d9-ba79-5ed1fbf2ea2d,Loan,2025-06-07,Active,18047.08,20625.22,48.0,8.0
b92005f0-537f-42e8-a91b-ccb164a7bbe7,08ead2f9-6669-43d9-ba79-5ed1fbf2ea2d,FixedDeposit,2021-03-11,Inactive,0.0,0.0,3.0,0.5
c7499a4a-7ee9-4dfe-8ff0-1715b609c122,08ead2f9-6669-43d9-ba79-5ed1fbf2ea2d,FixedDeposit,2023-07-26,Inactive,0.0,0.0,3.0,4.5
8012a253-1f3a-47b1-895f-6062997ddd11,08ead2f9-6669-43d9-ba79-5ed1fbf2ea2d,FixedDeposit,2025-06-28,Active,42646.95,0.0,36.0,4.2
c7baee82-2139-4899-9a3d-a3b8bc436278,9bdbdd0d-7f1d-4de9-8ed5-0a230dc5f36e,Savings,2021-03-17,Active,603362.06,0.0,0.0,0.0
adc6170a-0d39-41d5-b85e-730b432af0a4,9bdbdd0d-7f1d-4de9-8ed5-0a230dc5f36e,Loan,2023-06-23,Inactive,0.0,16267.57,12.0,17.0
bc89b23d-2ad2-4b99-b103-ec515feb0fb6,9bdbdd0d-7f1d-4de9-8ed5-0a230dc5f36e,Loan,2024-01-22,Active,1482.93,35590.09,24.0,16.9
82d07492-4f4f-4df9-900f-22ea80393a77,9bdbdd0d-7f1d-4de9-8ed5-0a230dc5f36e,FixedDeposit,2021-09-06,Inactive,0.0,0.0,36.0,1.4
1c55dea5-8042-43e3-8efd-44e2818b915b,5d58a522-c6eb-40e4-a322-3b6ce05030b5,Savings,2022-08-01,Active,166483.96,0.0,0.0,0.0
d019c344-b019-493a-918d-112aeaebe07b,5d58a522-c6eb-40e4-a322-3b6ce05030b5,Loan,2022-11-20,Active,1616.16,7052.57,48.0,7.9
90a11048-03b1-406e-9a42-61eb2805ebfc,5d58a522-c6eb-40e4-a322-3b6ce05030b5,Loan,2023-01-12,Inactive,0.0,11203.97,36.0,19.7
f1b4a8a1-2723-4147-9fd8-aa80ddaf3e15,5d58a522-c6eb-40e4-a322-3b6ce05030b5,FixedDeposit,2025-06-08,Active,69200.57,0.0,36.0,4.2
b7b10d3f-93cb-4e82-bf1c-d2f0dff1a42d,5d58a522-c6eb-40e4-a322-3b6ce05030b5,FixedDeposit,2024-07-12,Inactive,0.0,0.0,12.0,5.3
50189d5a-579c-4815-828e-543bd427af7c,5755b7de-66e6-4779-be92-3244bc0cc7ed,Savings,2025-02-12,Active,96462.21,0.0,0.0,0.0
fb870145-cb81-4bf7-b199-4ee7cada1b26,5755b7de-66e6-4779-be92-3244bc0cc7ed,Loan,2025-05-08,Active,5751.55,8119.86,24.0,7.4
80efda07-3da1-4261-adba-9f7af17b9d29,12906223-fb7c-446b-8733-65f87492886f,Savings,2021-08-28,Active,166618.69,0.0,0.0,0.0
8f5ec91e-d43a-41df-b7e1-df0d9654d37f,12906223-fb7c-446b-8733-65f87492886f,Loan,2024-06-28,Inactive,0.0,2270.9,12.0,17.0
e649dc43-f7c6-4223-b3f8-e23c9cf61899,12906223-fb7c-446b-8733-65f87492886f,FixedDeposit,2025-03-08,Active,96070.42,0.0,12.0,4.8
007882c4-2fcb-41de-ab71-05f02f73e68d,ca1063c7-2838-44ad-bc57-57dd34f4b3ed,Savings,2023-11-20,Active,100593.03,0.0,0.0,0.0
86976496-689b-4e4e-b087-8c0d880821b3,ca1063c7-2838-44ad-bc57-57dd34f4b3ed,FixedDeposit,2024-04-09,Inactive,0.0,0.0,3.0,4.8
ce3f6d56-c36b-4aeb-b5c2-d6ff652439a5,ca1063c7-2838-44ad-bc57-57dd34f4b3ed,FixedDeposit,2024-12-20,Inactive,0.0,0.0,6.0,5.1
3b776e11-59d8-4a4c-84d9-3143303120f5,313cb18b-c7ee-45e5-bf5e-10e638740b86,Savings,2025-11-07,Active,39987.79,0.0,0.0,0.0
58194b23-4db4-4aff-b8e2-980d9e4e4967,313cb18b-c7ee-45e5-bf5e-10e638740b86,Loan,2025-11-07,Active,11497.42,11825.92,36.0,18.9
07ed0b89-5564-471b-9935-b3d7f2a3dbf8,313cb18b-c7ee-45e5-bf5e-10e638740b86,FixedDeposit,2025-11-30,Active,18352.82,0.0,24.0,4.5
7c73d3ef-20a7-4281-8979-ca5aee8a12a6,313cb18b-c7ee-45e5-bf5e-10e638740b86,FixedDeposit,2025-12-01,Active,36640.5,0.0,3.0,4.2
a2d93ea5-7f92-4a36-80bf-bf4ebf4f3b33,a446648b-46a8-4ee6-9fa9-52543f38a7e4,Savings,2025-08-10,Active,12963.51,0.0,0.0,0.0
718cd555-c1ec-4b74-a360-2946548c613e,a446648b-46a8-4ee6-9fa9-52543f38a7e4,FixedDeposit,2025-10-09,Active,60281.54,0.0,24.0,4.5
a50f1ee0-501d-4014-bb2a-39808f6b35ef,a446648b-46a8-4ee6-9fa9-52543f38a7e4,FixedDeposit,2025-11-21,Active,62112.73,0.0,24.0,4.5
0cff0ca3-bf43-463b-9ff8-940800b1af1a,a446648b-46a8-4ee6-9fa9-52543f38a7e4,FixedDeposit,2025-11-14,Active,84497.71,0.0,3.0,4.2
8da4b605-fb56-4d13-9830-78fb806d8876,58cb5dcf-5be3-4a1e-8b20-6cfb303798ec,Savings,2024-12-21,Active,86274.7,0.0,0.0,0.0
d69183b5-f9b2-4683-8d2a-fc5bd3eea426,58cb5dcf-5be3-4a1e-8b20-6cfb303798ec,Loan,2025-10-11,Active,18214.17,18842.25,60.0,6.9
ba335cf4-b6ca-49da-8ff5-6aa0a9c50834,863a16af-ffc6-45f6-8dac-31eb6122c2e1,Savings,2021-04-17,Active,463210.63,0.0,0.0,0.0
18778bd2-850a-4870-9294-bb73dd9a2706,863a16af-ffc6-45f6-8dac-31eb6122c2e1,FixedDeposit,2022-05-15,Inactive,0.0,0.0,6.0,2.2
0a6e76a0-b567-4f6a-997a-bea8c89ccece,863a16af-ffc6-45f6-8dac-31eb6122c2e1,FixedDeposit,2023-04-02,Inactive,0.0,0.0,6.0,5.0
1b6b58da-9087-4f4e-85b1-ff8ad02a22bc,863a16af-ffc6-45f6-8dac-31eb6122c2e1,FixedDeposit,2021-11-05,Inactive,0.0,0.0,24.0,1.2
0039f27e-6434-47dd-8365-c64ef3ce2bf8,0a5b0aa9-46a5-443d-beec-c61203354111,Savings,2023-03-03,Active,188420.48,0.0,0.0,0.0
b5e544b3-c48d-473a-97da-f3ef67350216,0a5b0aa9-46a5-443d-beec-c61203354111,FixedDeposit,2023-11-05,Inactive,0.0,0.0,12.0,5.2
f550accc-ff08-49f8-8c82-f964e38d5149,64b4c477-50cf-446c-906d-74c90d2f3b53,Savings,2023-09-15,Active,399003.75,0.0,0.0,0.0
00958c08-b31b-448c-a33f-d63494bc0616,64b4c477-50cf-446c-906d-74c90d2f3b53,Loan,2025-06-11,Active,242915.76,323887.68,24.0,9.3
69ab89dc-616b-45c8-a9d4-b7b5bf913e7a,64b4c477-50cf-446c-906d-74c90d2f3b53,Loan,2025-05-28,Active,50360.38,57011.78,60.0,19.8
00136224-1cb2-4f60-8cc5-acbb77ea40c9,64b4c477-50cf-446c-906d-74c90d2f3b53,FixedDeposit,2024-03-31,Inactive,0.0,0.0,3.0,4.8
bd730213-49d0-4eb0-8962-3a95e94f6a1d,64b4c477-50cf-446c-906d-74c90d2f3b53,FixedDeposit,2025-03-04,Active,16431.74,0.0,12.0,4.8
6cd13110-59ed-4852-bef6-bc6925bf721f,64b4c477-50cf-446c-906d-74c90d2f3b53,FixedDeposit,2024-12-11,Inactive,0.0,0.0,12.0,5.3
bf033af8-ad2a-421b-9bcc-15c108cc2a58,69293639-998a-4046-8186-bfd810d9adbf,Savings,2020-08-22,Active,579677.49,0.0,0.0,0.0
6e5d92dc-0514-4082-b45a-bfa7b39b513f,69293639-998a-4046-8186-bfd810d9adbf,Loan,2025-05-17,Active,59125.36,69219.92,48.0,12.7
70f1a8c6-0806-48d9-a53a-1ac29b8d6697,9a698344-9db2-4446-887d-573ce2c351c8,Savings,2021-08-24,Active,378467.58,0.0,0.0,0.0
73cef56a-ed25-428a-a462-a374721632a7,9a698344-9db2-4446-887d-573ce2c351c8,Loan,2023-08-25,Active,10557.35,47508.67,36.0,23.4
aa593cf8-e0c7-418b-9905-c0aac1670b91,9a698344-9db2-4446-887d-573ce2c351c8,FixedDeposit,2024-11-18,Inactive,0.0,0.0,3.0,4.8
e9271228-4433-4a9b-9db1-a986fd668d5a,9a698344-9db2-4446-887d-573ce2c351c8,FixedDeposit,2023-07-20,Inactive,0.0,0.0,12.0,5.2
16f95482-e09c-424b-bc19-87a9310be965,e5886828-e93c-4b06-a022-050660ef26bc,Savings,2024-10-08,Active,11816.35,0.0,0.0,0.0
756ccec4-bf24-4f5b-b5d0-e996639a93a4,74ae5d7b-3616-4ed8-8b51-0e2f2f253d04,Savings,2023-02-06,Active,13421.36,0.0,0.0,0.0
a960a1f5-2124-4377-a329-c04b99a17bb6,74ae5d7b-3616-4ed8-8b51-0e2f2f253d04,Loan,2023-02-20,Active,21418.09,64254.57,48.0,16.6
4573c45b-de9b-4a11-84e9-a06c81190cad,74ae5d7b-3616-4ed8-8b51-0e2f2f253d04,Loan,2025-06-18,Active,10759.69,21519.43,12.0,9.0
370b8889-b7fe-4227-bd64-05216d72b784,74ae5d7b-3616-4ed8-8b51-0e2f2f253d04,FixedDeposit,2024-07-09,Active,57156.5,0.0,24.0,5.0
e9d96563-0d9a-47d9-b6e7-5b2407643a9b,74ae5d7b-3616-4ed8-8b51-0e2f2f253d04,FixedDeposit,2025-08-15,Active,36826.84,0.0,24.0,4.5
9b1e6f30-23a3-4459-b3e1-720bdc6351fa,7e81dae6-eb9c-4848-a399-aa126c0a09ce,Savings,2021-05-30,Active,277342.82,0.0,0.0,0.0
4efad393-8a29-49c1-b8bb-23503fb850dd,7e81dae6-eb9c-4848-a399-aa126c0a09ce,FixedDeposit,2022-10-17,Inactive,0.0,0.0,24.0,3.0
c3913a4e-7820-4f7a-8037-3d6f8dd1a1c2,7e81dae6-eb9c-4848-a399-aa126c0a09ce,FixedDeposit,2022-12-23,Inactive,0.0,0.0,6.0,2.2
9a5ba9de-a85a-4b02-9321-52d25a5305ce,7e81dae6-eb9c-4848-a399-aa126c0a09ce,FixedDeposit,2023-11-07,Inactive,0.0,0.0,12.0,5.2
fe97a724-d37d-46e5-ae73-39fa9a190da4,e20c4b44-a2c2-4df5-a345-1693b8557f01,Savings,2022-08-06,Active,47727.74,0.0,0.0,0.0
b604a367-1592-49fa-98e9-bab7c35835a5,e20c4b44-a2c2-4df5-a345-1693b8557f01,FixedDeposit,2025-06-11,Active,43018.97,0.0,24.0,4.5
7aec229a-6d31-4b26-a176-12e27a5562a0,e45ea748-41cb-449d-8270-52317f666cbc,Savings,2025-11-28,Active,14844.02,0.0,0.0,0.0
92fe82b4-c5ff-4bc3-9f04-5f6f59833221,c2e1f46f-eca8-4390-abaa-40d2ab20fdd9,Savings,2022-01-05,Active,28246.87,0.0,0.0,0.0
7d473d53-6623-4e10-a246-336d544f081f,c2e1f46f-eca8-4390-abaa-40d2ab20fdd9,FixedDeposit,2022-11-16,Inactive,0.0,0.0,12.0,2.8
6e04acae-25c8-4ffd-8875-de79f5484b0f,c2e1f46f-eca8-4390-abaa-40d2ab20fdd9,FixedDeposit,2025-10-30,Active,10355.99,0.0,36.0,4.2
59b60a65-60e1-4f36-9ba4-d2c085f7cc5d,c2e1f46f-eca8-4390-abaa-40d2ab20fdd9,FixedDeposit,2025-09-01,Active,8465.33,0.0,24.0,4.5
024e3dfd-e6ec-410d-964f-75c9c8e640eb,390d6cbc-f8f7-4f9c-853f-0a4ae00513bb,Savings,2023-09-25,Active,108479.58,0.0,0.0,0.0
2e456106-d6af-4e2e-858d-5ded44155f45,390d6cbc-f8f7-4f9c-853f-0a4ae00513bb,Loan,2024-12-09,Inactive,0.0,16317.5,12.0,8.2
d4138d52-631e-4a3a-9ff3-c002779c8ced,390d6cbc-f8f7-4f9c-853f-0a4ae00513bb,Loan,2024-03-19,Active,88686.96,212848.62,36.0,14.5
bbfacfa4-49f5-4e5b-b418-c01bd9e9b8a3,390d6cbc-f8f7-4f9c-853f-0a4ae00513bb,FixedDeposit,2023-12-22,Inactive,0.0,0.0,24.0,4.8
66fba067-a9b7-457e-a380-f7e57af0e777,e0595982-3bf7-486f-a859-583756735179,Savings,2024-09-14,Active,113558.73,0.0,0.0,0.0
69fef0df-4a48-4fb6-89ba-3965d65692a6,e0595982-3bf7-486f-a859-583756735179,Loan,2025-08-10,Active,18455.12,20132.84,48.0,16.9
0739cc41-3551-4ef5-985d-388b39ea07ec,e0595982-3bf7-486f-a859-583756735179,Loan,2025-03-29,Active,9880.93,12161.17,48.0,10.8
be97acff-85ba-4173-86a1-f2124d68c84a,953c8aef-71f2-4ee1-8f68-2321d2fdc6d8,Savings,2025-08-29,Active,25465.26,0.0,0.0,0.0
8080c873-6365-4c8a-9b05-d0964a5ab0ee,72e6bfc1-ceff-4c7e-99f8-8d44555c57c1,Savings,2023-09-01,Active,16827.92,0.0,0.0,0.0
4be5a1ac-d30e-4f14-ab19-bb95e68784b6,72e6bfc1-ceff-4c7e-99f8-8d44555c57c1,Loan,2024-11-07,Active,46014.22,72022.28,36.0,23.4
b80a2c3d-944d-4eef-b6e7-f1dfb5e34589,72e6bfc1-ceff-4c7e-99f8-8d44555c57c1,Loan,2023-12-04,Inactive,0.0,345052.67,12.0,6.8
41e8bcb3-2105-4f57-a53a-1205a0c3f9ec,72e6bfc1-ceff-4c7e-99f8-8d44555c57c1,FixedDeposit,2025-08-18,Inactive,0.0,0.0,3.0,4.2
3ba2d9bb-f926-4225-b989-b00a130386be,72e6bfc1-ceff-4c7e-99f8-8d44555c57c1,FixedDeposit,2024-08-12,Inactive,0.0,0.0,6.0,5.1
66eed4d4-034c-49e2-9aa5-c2cd9c25c7e9,72e6bfc1-ceff-4c7e-99f8-8d44555c57c1,FixedDeposit,2025-11-21,Active,32242.83,0.0,36.0,4.2
8004fac6-3d88-4b24-9aa6-ea971588145c,b1780c09-22e1-433c-b76b-a772f45d7cec,Savings,2024-09-21,Active,172074.94,0.0,0.0,0.0
cedbe863-a2fd-4941-b5b7-1d90a45ce357,b1780c09-22e1-433c-b76b-a772f45d7cec,Loan,2024-10-05,Active,13525.0,18033.25,60.0,8.8
1b7f8183-3f10-4272-a0b6-149e77b19100,b1780c09-22e1-433c-b76b-a772f45d7cec,Loan,2025-09-08,Active,2950.82,3372.35,24.0,19.6
e8734713-836f-4f4a-8cb7-5942ef86f5c0,b1780c09-22e1-433c-b76b-a772f45d7cec,FixedDeposit,2025-04-01,Inactive,0.0,0.0,6.0,4.5
5ee55fab-0378-4d15-b097-378624a7275f,223b9420-0c4a-4898-9866-908ba56aca10,Savings,2024-04-26,Active,212237.79,0.0,0.0,0.0
de164781-8f76-430c-ac2f-330685a45321,223b9420-0c4a-4898-9866-908ba56aca10,Loan,2025-06-23,Active,9679.56,11615.46,36.0,14.5
f4b9436a-09b5-4f60-8c24-82be2186df90,223b9420-0c4a-4898-9866-908ba56aca10,Loan,2025-07-18,Active,16799.07,19508.57,36.0,22.9
f7ee95d0-dc0b-42b4-83a7-677801ac16a5,223b9420-0c4a-4898-9866-908ba56aca10,FixedDeposit,2025-10-12,Active,72783.59,0.0,3.0,4.2
b2071893-20f5-48b8-9449-085be520e7cb,223b9420-0c4a-4898-9866-908ba56aca10,FixedDeposit,2024-10-21,Inactive,0.0,0.0,12.0,5.3
5c73c7a1-dcb3-4ae0-bc4f-ebe572f90c69,223b9420-0c4a-4898-9866-908ba56aca10,FixedDeposit,2024-07-03,Active,97474.12,0.0,24.0,5.0
69bf4939-1cfa-4711-8e5a-28df0d9d412b,ad9b55cd-3e95-44f3-af8b-00e7e137b3b9,Savings,2022-02-19,Active,253209.73,0.0,0.0,0.0
91879f12-a167-4929-bb93-4350d22b2607,ad9b55cd-3e95-44f3-af8b-00e7e137b3b9,Loan,2024-12-12,Active,169296.77,211621.01,60.0,22.7
fd6878d1-119b-49dd-9dab-5bcd5bedf5b0,ad9b55cd-3e95-44f3-af8b-00e7e137b3b9,FixedDeposit,2025-10-13,Active,93897.0,0.0,24.0,4.5
e4eb59e3-a1f5-4066-8181-f21eb864b442,ad9b55cd-3e95-44f3-af8b-00e7e137b3b9,FixedDeposit,2023-06-18,Inactive,0.0,0.0,6.0,5.0
3bad5c4e-e732-411a-8129-816b8a956e54,ad9b55cd-3e95-44f3-af8b-00e7e137b3b9,FixedDeposit,2025-07-31,Active,24075.74,0.0,36.0,4.2
876c7c85-eed7-49c8-9bc0-15347c94c181,210fb4c7-e6c1-410c-80f7-4a8fa27106b2,Savings,2021-07-19,Active,22206.76,0.0,0.0,0.0
c4c9d087-d15e-42ef-ad43-877409b20470,210fb4c7-e6c1-410c-80f7-4a8fa27106b2,Loan,2023-10-27,Active,10950.19,65701.39,12.0,10.3
8118b20e-891c-47e0-a291-197c2ed46261,210fb4c7-e6c1-410c-80f7-4a8fa27106b2,FixedDeposit,2021-12-19,Inactive,0.0,0.0,3.0,0.5
0a991dfa-0e1f-49d6-ae6b-39bff66053d3,210fb4c7-e6c1-410c-80f7-4a8fa27106b2,FixedDeposit,2025-05-22,Active,45644.85,0.0,36.0,4.2
d1e346a9-60dd-43d9-8471-be9d024492aa,210fb4c7-e6c1-410c-80f7-4a8fa27106b2,FixedDeposit,2024-05-12,Active,38973.19,0.0,24.0,5.0
8a6b08ab-fc9f-43d3-9420-8f8f6bd6cba8,fbb5386d-6317-4681-b1ba-39d7dfb74ff6,Savings,2024-12-31,Active,45327.58,0.0,0.0,0.0
1b8387e8-e0ca-40b3-bce3-ebafb34a930c,fbb5386d-6317-4681-b1ba-39d7dfb74ff6,FixedDeposit,2025-06-17,Active,85203.37,0.0,24.0,4.5
3da7e8d0-596d-4264-bc8b-8efa463a28b5,fbb5386d-6317-4681-b1ba-39d7dfb74ff6,FixedDeposit,2025-06-10,Active,62952.99,0.0,12.0,4.8
ed2e72b0-1053-4434-bfed-9e606ef4c6bb,011d7673-ff8a-4033-85c7-a8969fdc5de0,Savings,2025-10-09,Active,22776.85,0.0,0.0,0.0
1961e665-8401-4901-9efc-0a681264070e,011d7673-ff8a-4033-85c7-a8969fdc5de0,Loan,2025-10-29,Active,52527.63,54338.93,60.0,20.9
e0be6134-9afd-4f95-a4f8-0cb288427b4a,011d7673-ff8a-4033-85c7-a8969fdc5de0,Loan,2025-10-12,Active,10397.41,11342.63,24.0,13.5
a1424f86-dbe8-4703-9389-4109d950d0d1,672ca399-2070-4c78-a30b-edea6dcbb2b8,Savings,2022-12-04,Active,201278.76,0.0,0.0,0.0
f2c0c446-9af0-4ae2-bfdd-1e3283d0bc78,672ca399-2070-4c78-a30b-edea6dcbb2b8,Loan,2024-10-08,Active,4666.44,7635.98,36.0,11.8
0ee9c296-4220-40c9-95fa-d1cf09444cd4,672ca399-2070-4c78-a30b-edea6dcbb2b8,Loan,2022-12-07,Inactive,0.0,4167.42,36.0,22.4
a22718ec-862b-4d9c-a842-e3c9f84a79a8,672ca399-2070-4c78-a30b-edea6dcbb2b8,FixedDeposit,2024-08-11,Active,71061.61,0.0,24.0,5.0
4691ec0b-c0f4-4bca-adce-1f87fccf2c60,672ca399-2070-4c78-a30b-edea6dcbb2b8,FixedDeposit,2024-08-02,Active,24078.75,0.0,24.0,5.0
6b668176-39ff-4477-89a0-1fe4083f2ccd,4343ad4a-0326-42b1-9f7b-1db010b41511,Savings,2023-11-08,Active,134751.69,0.0,0.0,0.0
4c229ea8-4cc4-4523-a9b0-a60256cf17c2,4343ad4a-0326-42b1-9f7b-1db010b41511,FixedDeposit,2023-11-29,Inactive,0.0,0.0,24.0,4.8
684174c4-8c84-4a40-b63f-910e15933cb0,5d721dad-5676-484a-89f2-0186b9f0592e,Savings,2022-04-21,Active,279064.0,0.0,0.0,0.0
05d47796-ebdb-4a15-8de2-b22a998a0f41,5d721dad-5676-484a-89f2-0186b9f0592e,Loan,2024-02-17,Active,10921.55,28083.75,36.0,20.7
d23d3776-de25-408d-b219-45c616173045,5d721dad-5676-484a-89f2-0186b9f0592e,Loan,2024-02-10,Inactive,0.0,41150.43,12.0,15.8
775dca18-7d59-44d7-a3da-29bc9522e8d1,5d721dad-5676-484a-89f2-0186b9f0592e,FixedDeposit,2022-09-14,Inactive,0.0,0.0,6.0,2.2
850fb4a5-a347-459e-9871-adf330d1b5bb,5d721dad-5676-484a-89f2-0186b9f0592e,FixedDeposit,2025-08-13,Active,40654.67,0.0,24.0,4.5
06a55f21-571a-409e-aedb-4b1ff869575b,d852eed0-ad5b-47c0-b51b-e8a89309ffa8,Savings,2021-05-31,Active,618590.01,0.0,0.0,0.0
f2c51abe-420e-4908-bed5-ec381a5fe07e,d852eed0-ad5b-47c0-b51b-e8a89309ffa8,Loan,2022-08-12,Inactive,0.0,13203.67,24.0,14.9
8119784c-265c-4420-9fa3-8bab8bc142e1,27bb7998-46fc-43a1-a9e8-b973894fe252,Savings,2020-07-16,Active,264421.12,0.0,0.0,0.0
90b69c05-c2c6-4b39-b21e-866b56f8fbaf,27bb7998-46fc-43a1-a9e8-b973894fe252,FixedDeposit,2024-10-03,Inactive,0.0,0.0,12.0,5.3
6490b5cf-2da6-457e-bd1b-284930410b25,27bb7998-46fc-43a1-a9e8-b973894fe252,FixedDeposit,2023-09-27,Active,30508.04,0.0,36.0,4.5
1f656bfa-c641-46b2-9f7f-1b768927649c,27bb7998-46fc-43a1-a9e8-b973894fe252,FixedDeposit,2023-02-03,Inactive,0.0,0.0,12.0,5.2
eb57ed0c-fd8e-4431-8233-e08e590a3c44,1bd1d7bd-232e-42f4-9d75-25378e0ffad2,Savings,2024-02-03,Active,175023.53,0.0,0.0,0.0
b3e4713c-7d2a-4f47-a6de-861029efc485,1bd1d7bd-232e-42f4-9d75-25378e0ffad2,FixedDeposit,2025-09-30,Inactive,0.0,0.0,3.0,4.2
f28be405-6e6d-4376-8692-f1b55dbb2898,2c2764e3-388c-4145-998b-14b973895ae8,Savings,2020-06-03,Active,132120.78,0.0,0.0,0.0
78dcdc6d-bbcc-4828-b7d4-316a6cc3b3f1,2c2764e3-388c-4145-998b-14b973895ae8,Loan,2023-09-16,Inactive,0.0,21593.83,12.0,20.8
49b5c1ab-76dd-4e06-aeb8-dec34815dc5f,2c2764e3-388c-4145-998b-14b973895ae8,FixedDeposit,2021-07-06,Inactive,0.0,0.0,12.0,1.0
dfc7a2a7-9c9d-4224-92a2-69d71258fcf5,ec811cc2-40cc-47d5-9609-29acf00d4acc,Savings,2022-02-16,Active,294069.15,0.0,0.0,0.0
5a6d013b-aedd-413e-b950-1277d42013f0,ec811cc2-40cc-47d5-9609-29acf00d4acc,FixedDeposit,2023-02-17,Inactive,0.0,0.0,6.0,5.0
db14d02e-aeda-4eb3-9d87-d16b07ef59fe,e760dc20-5af1-46dd-a06a-4671b4179a7d,Savings,2020-07-19,Active,526541.52,0.0,0.0,0.0
ddf084a1-bf43-44fc-b87c-3240bd5851bc,e760dc20-5af1-46dd-a06a-4671b4179a7d,FixedDeposit,2023-11-08,Inactive,0.0,0.0,12.0,5.2
e529e527-bf7e-4ec6-9391-194f552eddbb,e760dc20-5af1-46dd-a06a-4671b4179a7d,FixedDeposit,2024-06-26,Active,84388.79,0.0,24.0,5.0
abdb2039-5a67-4f6e-a88b-1367593b44e3,e760dc20-5af1-46dd-a06a-4671b4179a7d,FixedDeposit,2021-03-08,Inactive,0.0,0.0,36.0,1.4
e9e7c5b4-e717-4cd8-84b9-1179d4aaf442,41a297ee-e08c-47e1-95ad-7a0ffc60752c,Savings,2025-07-16,Active,76153.37,0.0,0.0,0.0
f7dd9d26-a031-4a95-a951-5e86aa504d9a,41a297ee-e08c-47e1-95ad-7a0ffc60752c,Loan,2025-09-16,Active,15390.12,16200.12,60.0,19.1
199aeab9-8de6-4985-9dec-7c9c39a029e0,41a297ee-e08c-47e1-95ad-7a0ffc60752c,Loan,2025-10-19,Active,17468.76,18071.14,60.0,10.3
03a8f722-3e4a-44b5-af38-b3b961c5fe9a,41a297ee-e08c-47e1-95ad-7a0ffc60752c,FixedDeposit,2025-11-11,Active,94194.04,0.0,3.0,4.2
7fdc89c2-6b30-4916-91e6-a060a24aa7b1,41a297ee-e08c-47e1-95ad-7a0ffc60752c,FixedDeposit,2025-07-24,Active,33707.44,0.0,12.0,4.8
c9bd3851-7701-4619-9a11-8b2843184657,41a297ee-e08c-47e1-95ad-7a0ffc60752c,FixedDeposit,2025-07-17,Active,1975.93,0.0,12.0,4.8
cdbdd132-0260-477e-baed-1e99ba29eb9c,af0fc46d-2493-4f70-9eb6-82932d411cd7,Savings,2020-12-11,Active,376435.44,0.0,0.0,0.0
3a8786fb-2cbb-4834-a348-7820973786a1,af0fc46d-2493-4f70-9eb6-82932d411cd7,Loan,2022-10-20,Active,9579.53,45980.87,48.0,21.4
fc2737cd-a641-42f1-9484-e0ca1e2545ac,fa4ce90f-5f84-4db0-a48b-38ead0ee2676,Savings,2021-12-24,Active,337899.05,0.0,0.0,0.0
3bd32a88-b540-4fcb-be00-e4b0b8ca5b5a,fa4ce90f-5f84-4db0-a48b-38ead0ee2676,Loan,2025-02-17,Active,8193.6,14046.2,24.0,20.8
60dfd457-0bbd-4fd5-a631-93a689282b60,fa4ce90f-5f84-4db0-a48b-38ead0ee2676,Loan,2024-04-25,Active,4095.97,24575.37,24.0,22.7
a1be1dee-a368-4c0a-b6e7-b9870b32ed40,fa4ce90f-5f84-4db0-a48b-38ead0ee2676,FixedDeposit,2022-11-28,Inactive,0.0,0.0,36.0,3.2
b17613c6-690f-4b36-b986-0c6c839f4ae2,fa4ce90f-5f84-4db0-a48b-38ead0ee2676,FixedDeposit,2023-11-01,Active,21040.8,0.0,36.0,4.5
6d08777f-8185-404a-b1f7-b99922101aca,8a677bc0-f601-4d7c-a3ec-dd9d88cf236f,Savings,2023-12-20,Active,227232.47,0.0,0.0,0.0
73c1eef9-082f-42df-a630-f33b5ff6dc92,8a677bc0-f601-4d7c-a3ec-dd9d88cf236f,Loan,2024-01-26,Active,914.03,21937.64,24.0,16.2
c5fdb993-e26b-4618-aebb-672b5267f9b0,8a677bc0-f601-4d7c-a3ec-dd9d88cf236f,FixedDeposit,2024-06-07,Inactive,0.0,0.0,12.0,5.3
71dab1af-e28f-4075-aa3c-ffcadb49807d,832f020e-a928-4bdb-8749-ca06d254619a,Savings,2022-08-09,Active,134593.14,0.0,0.0,0.0
02a06c70-d27b-4dd9-9727-600a91fe0a11,832f020e-a928-4bdb-8749-ca06d254619a,Loan,2022-09-13,Inactive,0.0,202995.59,24.0,12.4
f47cad09-7815-47e0-84cd-149f6bff044e,832f020e-a928-4bdb-8749-ca06d254619a,Loan,2023-11-28,Active,28719.77,49233.77,60.0,6.9
c2a9c7e3-fd3f-4acd-8f66-746188d532f7,832f020e-a928-4bdb-8749-ca06d254619a,FixedDeposit,2022-09-04,Inactive,0.0,0.0,3.0,1.5
774f6e8e-5b1d-4559-ab4b-d8f2e858f7fb,832f020e-a928-4bdb-8749-ca06d254619a,FixedDeposit,2024-04-22,Inactive,0.0,0.0,6.0,5.1
a15b47cc-956f-4ae7-a4c5-abdfed558167,832f020e-a928-4bdb-8749-ca06d254619a,FixedDeposit,2023-01-17,Inactive,0.0,0.0,12.0,5.2
24716f74-4f63-4c25-ae74-b12012ba48b9,39dded6e-77f3-49cb-8ea6-b0759aa84075,Savings,2022-01-31,Active,272434.09,0.0,0.0,0.0
c9dbe572-8af8-409c-8b34-54c7af25c743,6f4be453-9517-44e8-b853-87caf9b89953,Savings,2020-05-20,Active,498480.63,0.0,0.0,0.0
45439bd3-95b3-4477-8ac9-e8f9f28a0792,6f4be453-9517-44e8-b853-87caf9b89953,Loan,2024-09-24,Inactive,0.0,33543.13,12.0,23.1
30be9a16-a6f8-48c9-b1a8-f93c6cdd3e69,6f4be453-9517-44e8-b853-87caf9b89953,FixedDeposit,2024-08-07,Active,25304.06,0.0,24.0,5.0
d67f5579-1b1a-4b89-a034-5095a2151644,327a2e6c-a4f6-4612-9c5c-14a5e1b3423e,Savings,2021-09-01,Active,698876.88,0.0,0.0,0.0
9708c1b8-466e-4709-b5bc-7368f0ba5712,327a2e6c-a4f6-4612-9c5c-14a5e1b3423e,FixedDeposit,2025-03-17,Active,25045.29,0.0,36.0,4.2
899e6703-97c5-4f58-8ce6-1a7493635165,327a2e6c-a4f6-4612-9c5c-14a5e1b3423e,FixedDeposit,2023-01-19,Inactive,0.0,0.0,24.0,4.8
7559a1e9-e9af-4f20-9fb9-e3c627e61e2f,327a2e6c-a4f6-4612-9c5c-14a5e1b3423e,FixedDeposit,2024-03-09,Inactive,0.0,0.0,12.0,5.3
79ad2811-7a31-4a25-95f5-8863e1d9960b,508956d0-ec35-4399-ad1b-8f6ec260c21d,Savings,2020-05-11,Active,568391.81,0.0,0.0,0.0
d3924862-5495-4b47-b023-0fc7886d0e00,508956d0-ec35-4399-ad1b-8f6ec260c21d,Loan,2025-08-13,Active,9713.02,14569.54,12.0,20.4
9749eb78-cecf-47ed-bfe3-9204675dd095,8ddba704-c81d-4ffc-ab4b-962505ef5049,Savings,2021-06-01,Active,96147.38,0.0,0.0,0.0
c79fcb3a-42ba-431a-a083-dc374a304c95,8ddba704-c81d-4ffc-ab4b-962505ef5049,FixedDeposit,2021-09-03,Inactive,0.0,0.0,3.0,0.5
0c742c7d-1709-4f4d-875e-936c1cd277fe,53fd5d75-0dd0-40c2-a114-7d14f53e53d3,Savings,2023-08-30,Active,58312.01,0.0,0.0,0.0
d257d895-a0a3-47e1-9e76-e5c11b7660b3,53fd5d75-0dd0-40c2-a114-7d14f53e53d3,Loan,2024-10-05,Active,36453.21,53022.81,48.0,8.3
05c41f11-98b5-415f-816d-a8e228e05a0e,53fd5d75-0dd0-40c2-a114-7d14f53e53d3,Loan,2024-08-04,Inactive,0.0,19208.12,12.0,13.6
58ad5e83-44ab-4bff-b346-4b493fcda010,53fd5d75-0dd0-40c2-a114-7d14f53e53d3,FixedDeposit,2025-05-10,Active,7805.36,0.0,24.0,4.5
3548ab31-f458-4dbb-974a-0564b981e8e5,a6fdd762-410e-416d-b73b-70c001fcc07c,Savings,2025-11-10,Active,14872.77,0.0,0.0,0.0
578b714e-15e3-460b-bec3-fcaf12034d18,a6fdd762-410e-416d-b73b-70c001fcc07c,Loan,2025-11-10,Active,46343.17,50556.19,12.0,18.0
11e73573-0f95-4417-b679-06287aac54f1,a6fdd762-410e-416d-b73b-70c001fcc07c,Loan,2025-11-10,Active,30761.45,32098.9,24.0,14.2
b3323072-6f14-4ac0-b98e-a9bbd2b2098b,a6fdd762-410e-416d-b73b-70c001fcc07c,FixedDeposit,2025-11-27,Active,87399.38,0.0,12.0,4.8
cf6c8016-614d-434c-9d24-741a650d6e21,267f5a1c-b17d-4e26-adf8-8cfcff5a0ec3,Savings,2021-06-04,Active,242525.05,0.0,0.0,0.0
682d3ea1-8729-4dde-a30c-11e98bf129be,267f5a1c-b17d-4e26-adf8-8cfcff5a0ec3,Loan,2021-11-19,Inactive,0.0,263319.49,12.0,19.7
bf511341-def0-4cba-ad35-59a6d9a8ed01,267f5a1c-b17d-4e26-adf8-8cfcff5a0ec3,FixedDeposit,2021-08-10,Inactive,0.0,0.0,6.0,0.8
dcbdadab-0be9-4022-b9ac-72a486da279b,267f5a1c-b17d-4e26-adf8-8cfcff5a0ec3,FixedDeposit,2023-07-18,Inactive,0.0,0.0,24.0,4.8
b8588a1b-f845-45ae-9a6d-f5fa36d4dcd0,267f5a1c-b17d-4e26-adf8-8cfcff5a0ec3,FixedDeposit,2025-09-27,Active,4682.65,0.0,36.0,4.2
5b1910a4-3024-42d1-8b30-b8e39971e3ac,58191aca-be31-4934-bd31-500092d1d011,Savings,2022-09-06,Active,325132.56,0.0,0.0,0.0
9ed3c92b-d186-48fb-9a11-6446155e9d54,58191aca-be31-4934-bd31-500092d1d011,Loan,2024-01-19,Active,19808.54,32122.05,60.0,7.2
b5f448d7-87a2-4996-8e4d-a8f31042f215,58191aca-be31-4934-bd31-500092d1d011,FixedDeposit,2025-04-10,Inactive,0.0,0.0,3.0,4.2
9e776101-b79a-4c9d-87cb-c9267ed3179f,58191aca-be31-4934-bd31-500092d1d011,FixedDeposit,2022-10-14,Inactive,0.0,0.0,24.0,3.0
3409b418-cac7-4db1-b264-ca1ab0a5fac0,8143c71d-8940-4785-9cd7-8972a45b459d,Savings,2020-09-24,Active,238305.26,0.0,0.0,0.0
a2770f25-f3eb-4bd3-9150-33dc0fe00e81,8143c71d-8940-4785-9cd7-8972a45b459d,Loan,2025-02-05,Active,25709.98,44074.18,24.0,19.2
62a807fb-06b4-46e2-8bda-5be9d1871ad7,8143c71d-8940-4785-9cd7-8972a45b459d,FixedDeposit,2025-09-08,Inactive,0.0,0.0,3.0,4.2
7dbd87e8-1d16-42a1-a6da-72fb87adba86,ab03f8a1-314e-4258-b5b4-22cdc2f87720,Savings,2024-08-26,Active,82899.57,0.0,0.0,0.0
e5a30660-bef8-4abf-afcb-61579493c044,ab03f8a1-314e-4258-b5b4-22cdc2f87720,FixedDeposit,2025-01-20,Active,15354.88,0.0,36.0,4.2
34837891-5593-4705-b1f7-4d6167fec48c,c00e045a-ca8b-4fb2-81b7-8abb37f6b23c,Savings,2024-07-16,Active,488916.08,0.0,0.0,0.0
bc2e148b-4da2-4006-abb4-e851ab55431d,c00e045a-ca8b-4fb2-81b7-8abb37f6b23c,Loan,2025-04-21,Active,24534.63,28309.19,60.0,16.1
4e26affc-14eb-4a2b-9e1e-af44b6f8e20d,c00e045a-ca8b-4fb2-81b7-8abb37f6b23c,Loan,2025-09-22,Active,11955.26,15940.34,12.0,12.0
3d8618ce-2b71-4631-a6fd-896c6344a0d1,c00e045a-ca8b-4fb2-81b7-8abb37f6b23c,FixedDeposit,2025-09-05,Inactive,0.0,0.0,3.0,4.2
b05ac7ec-1cba-4b56-a0a0-90983a15f08e,c00e045a-ca8b-4fb2-81b7-8abb37f6b23c,FixedDeposit,2024-12-04,Active,75198.26,0.0,24.0,5.0
b98f7da5-bbd2-4d81-968e-4afa47d21b80,79c34ca1-96d4-4550-9474-e59c5f63f330,Savings,2020-09-27,Active,270732.06,0.0,0.0,0.0
5ba48ba8-961d-4635-ab83-c58b47f25ce0,79c34ca1-96d4-4550-9474-e59c5f63f330,FixedDeposit,2023-10-27,Active,99943.63,0.0,36.0,4.5
85e8b6a8-122f-470a-82b2-4b64a3b79a3a,79c34ca1-96d4-4550-9474-e59c5f63f330,FixedDeposit,2024-12-23,Inactive,0.0,0.0,3.0,4.8
22065f42-4db4-4bd8-818d-45392967ad85,79c34ca1-96d4-4550-9474-e59c5f63f330,FixedDeposit,2021-05-09,Inactive,0.0,0.0,6.0,0.8
133d4a2d-b357-42db-9407-fb762ee63c89,14ccc27e-5696-4449-894e-c1e7719e802f,Savings,2023-06-06,Active,153571.17,0.0,0.0,0.0
b31a0772-0718-4c83-97ec-78b6911c9584,14ccc27e-5696-4449-894e-c1e7719e802f,Loan,2025-01-13,Active,3085.27,37023.68,12.0,21.4
3afcb79f-b713-48d3-81a1-1e33f99d8f2b,c5ec2a28-61cd-4e88-ab0e-af7d579a5de6,Savings,2024-11-03,Active,118489.97,0.0,0.0,0.0
14c547e7-9f19-4c30-85d2-bc8db839f35b,c5ec2a28-61cd-4e88-ab0e-af7d579a5de6,Loan,2025-05-12,Active,7897.22,18953.37,12.0,23.8
7d433e51-3475-4514-be50-443d0b3cc502,c5ec2a28-61cd-4e88-ab0e-af7d579a5de6,Loan,2025-09-04,Active,12429.41,14205.05,24.0,21.0
71306224-0681-4fde-9d2f-969cea90e25a,cf96ae2e-fc2e-432b-be16-2999fa08610b,Savings,2022-10-13,Active,338115.9,0.0,0.0,0.0
9176691e-602d-4e2b-bf44-4f3a8b58e608,cf96ae2e-fc2e-432b-be16-2999fa08610b,FixedDeposit,2023-01-03,Inactive,0.0,0.0,24.0,4.8
695e061b-6fa9-420a-9f62-bebe053a1a73,ff16db72-bd09-49d9-ae08-27a01a931980,Savings,2025-11-18,Active,9849.6,0.0,0.0,0.0
8d92d3bc-be2e-4bc9-b02c-ea0ed2c6f06b,ff16db72-bd09-49d9-ae08-27a01a931980,FixedDeposit,2025-11-21,Active,59948.38,0.0,6.0,4.5
925ebce4-dd38-45ac-a47b-b34ec1769f6f,ff16db72-bd09-49d9-ae08-27a01a931980,FixedDeposit,2025-11-28,Active,72084.79,0.0,36.0,4.2
c6272966-92a1-4ea6-93ab-61ff66d6748d,ff16db72-bd09-49d9-ae08-27a01a931980,FixedDeposit,2025-11-30,Active,25573.4,0.0,24.0,4.5
c71ca8e3-3777-4fec-ae71-5acc0dace835,e47b41ff-c66a-4c95-8f1d-07cc5445b1b8,Savings,2025-07-14,Active,63192.98,0.0,0.0,0.0
5fd26917-b9fd-4890-991d-ea1d7c247012,e47b41ff-c66a-4c95-8f1d-07cc5445b1b8,Loan,2025-08-20,Active,13897.65,14890.33,60.0,7.3
dc614a08-d32b-4129-b916-106240916cf7,e47b41ff-c66a-4c95-8f1d-07cc5445b1b8,FixedDeposit,2025-11-20,Active,21434.57,0.0,12.0,4.8
fa34dc33-42a1-4ab0-b559-48187c1c8ccb,1ee979f6-340c-4ba5-9009-f58c9f5c02d3,Savings,2024-04-23,Active,241604.18,0.0,0.0,0.0
bc54f302-c553-41a5-8162-8f29355ee534,1ee979f6-340c-4ba5-9009-f58c9f5c02d3,Loan,2024-08-30,Active,164679.65,224563.17,60.0,18.4
f34287f6-1b2d-432e-bebd-0a00105144f4,1ee979f6-340c-4ba5-9009-f58c9f5c02d3,Loan,2025-09-27,Active,26868.01,30706.3,24.0,10.1
6e363a52-74ce-400e-ae5e-18775ebf43aa,e62b988c-cc47-49ae-a78b-5d3ebfcbc259,Savings,2020-05-15,Active,318028.07,0.0,0.0,0.0
5e4127c9-5f1c-4b8b-b40d-79dc139ba581,e62b988c-cc47-49ae-a78b-5d3ebfcbc259,Loan,2022-07-24,Inactive,0.0,14467.33,36.0,18.7
10c84552-41f2-49af-b6cd-5765b312e2ae,e62b988c-cc47-49ae-a78b-5d3ebfcbc259,Loan,2023-04-18,Active,7907.23,16944.35,60.0,11.6
a2c9f357-5898-4a93-b923-c37e2e847a16,e62b988c-cc47-49ae-a78b-5d3ebfcbc259,FixedDeposit,2024-01-21,Active,18415.83,0.0,24.0,5.0
679cd82a-a2c3-4708-8a8d-5a1f76da3c0b,9d56223a-2490-4eeb-8744-db1cef731a29,Savings,2020-04-09,Active,11103.3,0.0,0.0,0.0
4e274b37-c253-4b87-bb0b-ee692fc7359b,9d56223a-2490-4eeb-8744-db1cef731a29,Loan,2020-07-11,Inactive,0.0,10965.22,36.0,19.0
ed9cfdee-8008-4a8d-a6ba-a2d0d0f0ac9b,9d56223a-2490-4eeb-8744-db1cef731a29,FixedDeposit,2025-03-21,Active,85483.4,0.0,12.0,4.8
fe266517-dde1-4af7-9f09-1ce05d59d040,9d56223a-2490-4eeb-8744-db1cef731a29,FixedDeposit,2023-03-27,Inactive,0.0,0.0,24.0,4.8
3b8a4c92-ef53-4a98-9d2b-ab77e433d672,9d56223a-2490-4eeb-8744-db1cef731a29,FixedDeposit,2025-01-27,Active,46461.99,0.0,12.0,4.8
840a5c62-e594-40e6-a448-ebe0da5859f0,92813f7a-d4f5-4401-b512-8cdfbcd03afa,Savings,2025-01-19,Active,76307.4,0.0,0.0,0.0
bedc42af-842b-4d48-a72d-243f2974f1ae,92813f7a-d4f5-4401-b512-8cdfbcd03afa,Loan,2025-08-16,Active,37448.5,44938.18,24.0,12.4
c6b92a14-28a2-4282-a359-f893471d168d,92813f7a-d4f5-4401-b512-8cdfbcd03afa,Loan,2025-09-03,Active,66456.09,75949.83,24.0,10.5
acfbe649-b8ee-4204-963b-0ba6034eb784,92813f7a-d4f5-4401-b512-8cdfbcd03afa,FixedDeposit,2025-07-29,Active,83952.69,0.0,12.0,4.8
c4d2d88d-43a2-4fd0-90cc-31add8d5fc21,fe513011-5295-46cf-822a-4608c1ddd08a,Savings,2023-12-08,Active,392322.69,0.0,0.0,0.0
0c7ff02d-27c2-48a5-b17f-b49a6e2bbdee,fe513011-5295-46cf-822a-4608c1ddd08a,Loan,2024-10-01,Active,3475.18,9267.13,24.0,20.1
94608249-b13b-4775-9678-a3ad01ffeb87,fe513011-5295-46cf-822a-4608c1ddd08a,Loan,2025-03-13,Active,14676.76,17266.78,60.0,8.3
86ce6647-883e-4c9d-8a03-e86aaa737018,fe513011-5295-46cf-822a-4608c1ddd08a,FixedDeposit,2024-12-16,Active,2066.26,0.0,24.0,5.0
ebd5d938-e5ca-468c-8964-bac0df2d8baa,fe513011-5295-46cf-822a-4608c1ddd08a,FixedDeposit,2024-11-07,Inactive,0.0,0.0,3.0,4.8
f576333c-2457-451b-b85b-cfbd00075ee0,371dfc3c-176c-49be-8262-c01bf2196822,Savings,2022-10-27,Active,500845.99,0.0,0.0,0.0
1f7a1233-db8d-465f-b7a7-b367cf5066a0,371dfc3c-176c-49be-8262-c01bf2196822,Loan,2024-11-22,Active,33657.69,42967.25,60.0,6.7
24f463e0-8700-4cb8-aa79-4b8a1a00f6cd,371dfc3c-176c-49be-8262-c01bf2196822,FixedDeposit,2024-01-06,Inactive,0.0,0.0,12.0,5.3
c08f225c-7def-491d-8a22-68df72b8d980,371dfc3c-176c-49be-8262-c01bf2196822,FixedDeposit,2024-04-28,Active,60116.21,0.0,36.0,4.7
30332c6f-3a2d-4e58-a564-aff2d3ebe4c6,1a2d426c-6150-483a-9e2d-96b078f885c9,Savings,2021-01-14,Active,644922.72,0.0,0.0,0.0
e0480485-ef3d-4804-9c52-85ace98e581d,1a2d426c-6150-483a-9e2d-96b078f885c9,FixedDeposit,2021-07-02,Inactive,0.0,0.0,12.0,1.0
4a94d2f9-0038-4a85-be4c-bd3f2ade2725,1a2d426c-6150-483a-9e2d-96b078f885c9,FixedDeposit,2024-05-30,Inactive,0.0,0.0,6.0,5.1
fc719d54-94ce-401b-87f9-5102e33a170a,1a2d426c-6150-483a-9e2d-96b078f885c9,FixedDeposit,2021-12-29,Inactive,0.0,0.0,36.0,1.4
05018c03-fdb3-454b-b5a9-7d041fee05a5,b3af797e-3f56-40cb-a860-47930199e068,Savings,2021-11-17,Active,182467.49,0.0,0.0,0.0
faf8af13-ebb6-4a89-8c0c-0e85fb88adfb,08325652-7356-4853-b7ac-7e23c6c8c464,Savings,2023-05-16,Active,235115.63,0.0,0.0,0.0
aa02c77a-51eb-431b-816f-207862a4e391,08325652-7356-4853-b7ac-7e23c6c8c464,Loan,2024-01-26,Active,9538.18,18313.37,48.0,22.6
41edf221-01f8-4764-a602-338cfd7a1ab5,08325652-7356-4853-b7ac-7e23c6c8c464,Loan,2024-02-01,Active,21770.38,41799.01,48.0,11.2
7f15490a-f9dd-4e28-a12c-8df11b6ae867,08325652-7356-4853-b7ac-7e23c6c8c464,FixedDeposit,2024-10-26,Active,77819.48,0.0,24.0,5.0
5140eef7-6448-4610-8797-cccb65e58888,08325652-7356-4853-b7ac-7e23c6c8c464,FixedDeposit,2025-05-05,Inactive,0.0,0.0,3.0,4.2
ae30ed7b-7511-465f-8e71-2dcf935df94f,f9ff6c7b-410f-4df4-8b43-1b74e8842daf,Savings,2021-10-27,Active,302192.8,0.0,0.0,0.0
dd2350ce-5cd9-4a3a-83dc-d66480618522,f9ff6c7b-410f-4df4-8b43-1b74e8842daf,Loan,2023-10-10,Active,8694.72,15808.41,60.0,10.8
713627b5-d87b-406e-b201-f36f01cd6243,f9ff6c7b-410f-4df4-8b43-1b74e8842daf,Loan,2025-04-16,Active,9422.4,14133.6,24.0,11.0
2817f086-a34c-4291-bb83-7be79bb7e061,f9ff6c7b-410f-4df4-8b43-1b74e8842daf,FixedDeposit,2025-05-27,Inactive,0.0,0.0,3.0,4.2
e5872a39-2f10-453e-a6ae-cd57132dce2e,765a0a50-fd4f-4dbb-a841-f8e1b57b7b07,Savings,2021-11-19,Active,250679.67,0.0,0.0,0.0
490191bd-a462-4afc-8279-d3bb902495aa,765a0a50-fd4f-4dbb-a841-f8e1b57b7b07,Loan,2025-06-27,Active,180995.98,201106.66,60.0,15.1
d3145514-ce26-4a1b-a35c-796cf09b8540,765a0a50-fd4f-4dbb-a841-f8e1b57b7b07,FixedDeposit,2023-06-10,Inactive,0.0,0.0,3.0,4.5
48cf848c-074a-4527-8865-c80447d0ffd8,2dddf348-f44e-4c24-b527-ea837b379173,Savings,2021-05-22,Active,68795.69,0.0,0.0,0.0
7be10c1d-1131-424b-a6b2-47b41ca5b662,2dddf348-f44e-4c24-b527-ea837b379173,Loan,2023-01-26,Active,4704.78,28228.18,24.0,10.3
843e0741-9331-4a90-8fa6-f1ef1ed19a06,2dddf348-f44e-4c24-b527-ea837b379173,Loan,2024-04-05,Active,14977.31,33698.91,36.0,17.6
673b341f-0e99-4a09-9dd9-f6484b1217e9,2dddf348-f44e-4c24-b527-ea837b379173,FixedDeposit,2024-07-29,Active,30864.46,0.0,36.0,4.7
3b216ffb-e75c-496d-a95f-214e8a101648,2dddf348-f44e-4c24-b527-ea837b379173,FixedDeposit,2025-06-10,Active,71080.21,0.0,24.0,4.5
b29c1b03-191c-4c13-bbf6-8c20d8c793dd,2dddf348-f44e-4c24-b527-ea837b379173,FixedDeposit,2025-09-10,Inactive,0.0,0.0,3.0,4.2
7f0bf193-b0f2-41f9-8254-195ec5226bed,595dffdf-0715-4b34-845e-ae5f55cb8e91,Savings,2022-12-05,Active,338695.79,0.0,0.0,0.0
7edb74b2-dbb5-4f92-8f58-0e0599d8e31c,595dffdf-0715-4b34-845e-ae5f55cb8e91,FixedDeposit,2024-07-07,Active,27818.89,0.0,24.0,5.0
ea7a0a74-c997-489b-9576-dd00a6478396,2901df97-aaaf-4bd1-95ac-95a75f48a3c0,Savings,2023-11-14,Active,134177.86,0.0,0.0,0.0
df66eac8-8544-41a4-be6d-e9bd88494eb6,2901df97-aaaf-4bd1-95ac-95a75f48a3c0,FixedDeposit,2024-05-08,Inactive,0.0,0.0,3.0,4.8
d9608588-7fa8-4de2-98f2-df07cdefc038,2901df97-aaaf-4bd1-95ac-95a75f48a3c0,FixedDeposit,2024-10-31,Inactive,0.0,0.0,12.0,5.3
36b65edb-d6e5-4204-9919-843034b3a483,2901df97-aaaf-4bd1-95ac-95a75f48a3c0,FixedDeposit,2025-09-09,Active,14788.85,0.0,12.0,4.8
17b076c2-ec47-4f24-a849-1975627166f3,4c64131d-7431-453c-94ea-ce7c47cd69b9,Savings,2022-01-27,Active,141320.4,0.0,0.0,0.0
5d0e8d12-8b6f-4372-967b-531662816098,4c64131d-7431-453c-94ea-ce7c47cd69b9,Loan,2024-01-27,Active,18868.77,36228.25,48.0,20.9
8ff042de-658b-42fa-95f0-6638c22ae87d,4c64131d-7431-453c-94ea-ce7c47cd69b9,Loan,2022-05-31,Inactive,0.0,17314.73,24.0,23.1
87aed24d-591a-4c8d-a7b8-c6f37b97007c,4c64131d-7431-453c-94ea-ce7c47cd69b9,FixedDeposit,2023-07-26,Inactive,0.0,0.0,12.0,5.2
ffc599e0-4ada-4f72-8fb6-647341f0d300,4c64131d-7431-453c-94ea-ce7c47cd69b9,FixedDeposit,2022-12-12,Inactive,0.0,0.0,6.0,2.2
5250880d-4d24-42c9-9ce8-c2744a2a8de8,4b7a9166-ac57-4dee-ad8f-eaf93dbe4a9d,Savings,2024-06-27,Active,51474.35,0.0,0.0,0.0
d46c1d25-9850-4880-97e9-e36669e4b201,4b7a9166-ac57-4dee-ad8f-eaf93dbe4a9d,FixedDeposit,2025-02-23,Inactive,0.0,0.0,3.0,4.2
6b9bbc84-88db-4217-88e3-3d227c6403cc,ededa2be-2e15-4671-9a90-247391a6c41b,Savings,2023-06-22,Active,228994.94,0.0,0.0,0.0
58d6e6e9-a1e0-4772-8d72-61df4db40ade,ededa2be-2e15-4671-9a90-247391a6c41b,Loan,2024-05-16,Active,136160.02,288338.81,36.0,16.7
c7383021-44fd-422a-ab85-6da822bb48aa,ededa2be-2e15-4671-9a90-247391a6c41b,FixedDeposit,2023-12-03,Inactive,0.0,0.0,6.0,5.0
a209d68a-7041-406c-872a-e2615f3ca61a,ededa2be-2e15-4671-9a90-247391a6c41b,FixedDeposit,2025-01-04,Inactive,0.0,0.0,3.0,4.2
2a79e62f-56ff-40ce-bae2-b2f984057365,ededa2be-2e15-4671-9a90-247391a6c41b,FixedDeposit,2024-11-27,Inactive,0.0,0.0,3.0,4.8
522b4c0e-3ee6-4f34-bbb1-0987e6d64672,d4b09dad-8a8d-4d42-822b-a34b9a091339,Savings,2023-09-15,Active,126607.97,0.0,0.0,0.0
0dd8e133-7bac-4e71-b639-adf870e3adc6,d4b09dad-8a8d-4d42-822b-a34b9a091339,FixedDeposit,2025-04-04,Inactive,0.0,0.0,3.0,4.2
43b1a3a0-2a58-4a6c-8c01-81e2f8d739fd,d4b09dad-8a8d-4d42-822b-a34b9a091339,FixedDeposit,2024-08-05,Inactive,0.0,0.0,3.0,4.8
10244ea5-a475-4316-bbde-bf10935873d6,68bea203-d942-422a-908d-4ed539a7b1a0,Savings,2021-12-30,Active,210676.82,0.0,0.0,0.0
67df7403-3972-46c2-b9bd-9c23da61c9a8,68bea203-d942-422a-908d-4ed539a7b1a0,FixedDeposit,2025-07-02,Inactive,0.0,0.0,6.0,4.5
9fc1f405-0ce6-4dd9-8a12-b8a1a88e7d27,68bea203-d942-422a-908d-4ed539a7b1a0,FixedDeposit,2023-02-02,Inactive,0.0,0.0,24.0,4.8
d1e8fb13-b84b-40bf-bc5a-7c95fe69a45d,68bea203-d942-422a-908d-4ed539a7b1a0,FixedDeposit,2025-03-09,Active,79547.55,0.0,36.0,4.2
5cdb057c-ae2a-4c0f-8a3e-aac453ce9aa8,a2b49321-b4e7-45dc-b8f9-58a6abb15c89,Savings,2021-12-08,Active,452643.35,0.0,0.0,0.0
9feedd02-e4fb-4fa5-97de-e64e34e6d95f,a2b49321-b4e7-45dc-b8f9-58a6abb15c89,Loan,2023-12-04,Inactive,0.0,34163.21,12.0,9.9
08a7c67e-071b-4961-a35e-1db7c97a56ce,a2b49321-b4e7-45dc-b8f9-58a6abb15c89,Loan,2025-04-20,Active,26610.65,39915.93,24.0,23.1
520fde7f-084a-4bf9-8ed7-b629dc2fd00c,a2b49321-b4e7-45dc-b8f9-58a6abb15c89,FixedDeposit,2024-05-19,Inactive,0.0,0.0,6.0,5.1
d99f05f1-6499-4ca3-a3eb-ac713965235a,47c19631-65d8-42c7-9bb5-25353f104e37,Savings,2022-07-17,Active,51204.53,0.0,0.0,0.0
64078af1-fa2b-439c-a53e-6e36ff9e098c,47c19631-65d8-42c7-9bb5-25353f104e37,Loan,2024-11-25,Inactive,0.0,34528.93,12.0,10.7
b6782564-ae4b-405c-8602-a6fa7493ba4c,47c19631-65d8-42c7-9bb5-25353f104e37,Loan,2024-01-06,Active,40220.55,67034.31,60.0,21.9
385727c6-38a2-40ec-a07d-8b4f525b5e17,47c19631-65d8-42c7-9bb5-25353f104e37,FixedDeposit,2023-04-27,Active,40581.63,0.0,36.0,4.5
3d8f7554-7892-45d4-8005-02740bfc2b02,47c19631-65d8-42c7-9bb5-25353f104e37,FixedDeposit,2024-10-13,Active,91697.65,0.0,36.0,4.7
0af6ba74-8be3-4516-9872-eaa8fb075901,47c19631-65d8-42c7-9bb5-25353f104e37,FixedDeposit,2025-01-07,Active,81630.9,0.0,36.0,4.2
998cdb4c-7f7d-4a24-a1b5-6596c0cba48e,cf8f480c-53f8-449c-bfa8-1357b7be4faf,Savings,2023-02-27,Active,218581.28,0.0,0.0,0.0
36afda3c-08fe-4272-88ad-876fd7e6a774,cf8f480c-53f8-449c-bfa8-1357b7be4faf,Loan,2023-05-16,Inactive,0.0,6113.8,24.0,22.4
9642e0f5-24da-4da4-afe6-484b9599d705,cf8f480c-53f8-449c-bfa8-1357b7be4faf,Loan,2023-12-15,Inactive,0.0,13730.02,12.0,6.9
1209ab72-4580-4661-9570-df3c87d6d382,cf8f480c-53f8-449c-bfa8-1357b7be4faf,FixedDeposit,2024-04-22,Active,9601.19,0.0,24.0,5.0
8bbcfbc6-bc09-4533-beaa-1265f7ca41e9,cf8f480c-53f8-449c-bfa8-1357b7be4faf,FixedDeposit,2024-04-19,Inactive,0.0,0.0,3.0,4.8
9aecc5c5-3dd5-47d1-ae4f-ddda18080029,2d910548-71a8-4b9d-9df9-a4533626ef38,Savings,2022-04-18,Active,151563.16,0.0,0.0,0.0
4f80f771-f206-49f4-ae1b-8a284c39f94b,2d910548-71a8-4b9d-9df9-a4533626ef38,Loan,2024-11-04,Active,4741.95,6185.07,60.0,9.6
516746ff-cfab-4895-ade1-2cc1cb377173,2d910548-71a8-4b9d-9df9-a4533626ef38,FixedDeposit,2025-06-06,Active,65831.58,0.0,24.0,4.5
89e79f42-9f22-430a-bb22-e0a7b9bd081b,2d910548-71a8-4b9d-9df9-a4533626ef38,FixedDeposit,2025-09-03,Active,9897.59,0.0,12.0,4.8
3935d067-d996-46fc-ad56-bc234c84e74a,2d910548-71a8-4b9d-9df9-a4533626ef38,FixedDeposit,2024-08-08,Inactive,0.0,0.0,6.0,5.1
1ad461b6-1099-48d6-b0fd-8465d7ebbbce,d6935d87-e9b7-4144-886e-a694ed5f79f3,Savings,2023-12-13,Active,299308.38,0.0,0.0,0.0
79f474e2-045e-4806-8f20-ec5826e43312,d6935d87-e9b7-4144-886e-a694ed5f79f3,FixedDeposit,2023-12-24,Inactive,0.0,0.0,24.0,4.8
39a58ad2-22c6-4377-b770-7adb1ee34c0d,d6935d87-e9b7-4144-886e-a694ed5f79f3,FixedDeposit,2025-09-13,Inactive,0.0,0.0,3.0,4.2
147aeab0-b644-4b95-b47d-3fa6ef383bba,1df3054d-9a99-4ac9-9700-369288405e5c,Savings,2021-04-16,Active,299705.69,0.0,0.0,0.0
312491d3-034f-4846-aca8-7a35fb5a20c0,1df3054d-9a99-4ac9-9700-369288405e5c,Loan,2024-10-09,Active,20576.72,49384.1,24.0,18.1
6f024b8f-7131-4a05-b6d2-2b2fbc072d04,1df3054d-9a99-4ac9-9700-369288405e5c,FixedDeposit,2022-01-10,Inactive,0.0,0.0,24.0,3.0
d71476e5-37c3-479b-884c-a1b650b9bd09,1df3054d-9a99-4ac9-9700-369288405e5c,FixedDeposit,2024-06-21,Active,40152.96,0.0,24.0,5.0
575ae7ca-02b3-4685-83bb-033e827577b8,f8881542-db60-494d-9468-c848b2a5b6c3,Savings,2021-06-25,Active,20686.43,0.0,0.0,0.0
99a97b1c-386a-465b-897c-288133e91480,f8881542-db60-494d-9468-c848b2a5b6c3,FixedDeposit,2024-05-15,Inactive,0.0,0.0,12.0,5.3
2a73acd4-3064-4293-9952-4f11afdeb27c,fd53ca41-1f22-4aba-bae7-bced7b4d9a9b,Savings,2025-09-18,Active,52219.88,0.0,0.0,0.0
14c9c670-d0fe-4b03-b0c3-573e756fcd8a,fd53ca41-1f22-4aba-bae7-bced7b4d9a9b,Loan,2025-10-09,Active,5868.33,6123.47,48.0,9.9
62d25df6-11ff-43e2-a53a-c03a5824ee2a,fd53ca41-1f22-4aba-bae7-bced7b4d9a9b,Loan,2025-09-18,Active,25322.44,28939.93,24.0,7.8
a294bbdc-8f2b-4176-b6dc-d878818ac050,fd53ca41-1f22-4aba-bae7-bced7b4d9a9b,FixedDeposit,2025-11-24,Active,62625.48,0.0,3.0,4.2
3d320bcf-f74f-42c6-8765-4edd23222727,fd53ca41-1f22-4aba-bae7-bced7b4d9a9b,FixedDeposit,2025-09-22,Active,3597.11,0.0,24.0,4.5
d1ec7642-37c2-4a94-a46a-21c5b95ae992,fd53ca41-1f22-4aba-bae7-bced7b4d9a9b,FixedDeposit,2025-10-18,Active,537.02,0.0,12.0,4.8
aa992f77-8c58-4854-a7a3-eee6b60908c6,cc072d80-56d1-44e4-917c-dafff8b42a0c,Savings,2024-10-09,Active,90524.01,0.0,0.0,0.0
18a9d4c5-9fc4-4afb-8287-a8c46943e77f,75fd5554-1178-4ccb-88af-7248341281b8,Savings,2024-04-14,Active,61628.2,0.0,0.0,0.0
eb6ed457-1824-4008-a0c1-b598a68f4aa4,8a48956f-63b6-4b5b-84d4-300c3d4d3334,Savings,2020-02-21,Active,660062.89,0.0,0.0,0.0
b088b6cc-74b4-4368-8f60-6514ae840fa8,8a48956f-63b6-4b5b-84d4-300c3d4d3334,Loan,2021-04-03,Inactive,0.0,19694.41,24.0,21.0
24d6b081-421b-4862-ac16-9ca2866b6663,8a48956f-63b6-4b5b-84d4-300c3d4d3334,Loan,2023-04-17,Inactive,0.0,8986.04,24.0,10.3
2bb5cc49-4c85-427f-a72b-d8b3b882e4dd,e91a6eb7-9266-4804-9239-04bd932cd5d0,Savings,2021-07-09,Active,413636.27,0.0,0.0,0.0
29e42488-a558-4b36-97f7-79972863974b,e91a6eb7-9266-4804-9239-04bd932cd5d0,Loan,2024-08-02,Active,2328.37,7982.74,24.0,12.3
2fe892aa-ce28-40bb-a65f-4ec893698bc0,e91a6eb7-9266-4804-9239-04bd932cd5d0,Loan,2024-08-10,Inactive,0.0,22632.69,12.0,17.9
3c3bdaee-2acd-453f-98a6-5dbf088788cd,e91a6eb7-9266-4804-9239-04bd932cd5d0,FixedDeposit,2023-09-01,Inactive,0.0,0.0,3.0,4.5
bb2afe8b-687c-48a9-8604-c604debd819c,e91a6eb7-9266-4804-9239-04bd932cd5d0,FixedDeposit,2024-06-14,Inactive,0.0,0.0,6.0,5.1
9f5f24b9-b14b-481b-9eb3-2e11269df27d,e91a6eb7-9266-4804-9239-04bd932cd5d0,FixedDeposit,2021-11-17,Inactive,0.0,0.0,24.0,1.2
a72a2f9f-1ded-4228-bea1-efc9c3144ced,276c674c-a2d6-4c55-be8f-a45721d82d16,Savings,2023-02-10,Active,432031.68,0.0,0.0,0.0
b7f5da14-84aa-4b9d-8f7f-2d0bc7822401,276c674c-a2d6-4c55-be8f-a45721d82d16,Loan,2025-08-12,Active,7568.37,11352.57,12.0,8.9
189ee4af-74dc-4a05-beff-a63c1b9c13d7,276c674c-a2d6-4c55-be8f-a45721d82d16,Loan,2023-03-11,Active,1538.12,5274.04,48.0,21.2
cb6c4322-411f-43ca-8974-821ba983eac4,276c674c-a2d6-4c55-be8f-a45721d82d16,FixedDeposit,2024-05-14,Inactive,0.0,0.0,6.0,5.1
282b595c-ff5a-4beb-ae58-752ee0a91967,276c674c-a2d6-4c55-be8f-a45721d82d16,FixedDeposit,2023-10-20,Inactive,0.0,0.0,24.0,4.8
d3b86ae9-7be8-4aab-91ef-7cdc93dbe0ac,b05346ec-f624-4414-8567-d743233fba3e,Savings,2024-06-19,Active,199470.64,0.0,0.0,0.0
707d53f9-9df5-4613-8d02-124f47b65a21,b05346ec-f624-4414-8567-d743233fba3e,FixedDeposit,2024-06-29,Inactive,0.0,0.0,6.0,5.1
149a3182-6ddd-442b-b36c-5073af52805d,b05346ec-f624-4414-8567-d743233fba3e,FixedDeposit,2025-10-15,Active,37340.1,0.0,6.0,4.5
15594f98-98ce-4cf1-b440-e8907799a2f8,b05346ec-f624-4414-8567-d743233fba3e,FixedDeposit,2025-02-07,Inactive,0.0,0.0,3.0,4.2
d84079b2-46f4-4b25-97be-3d130c8bc0ce,7c0f0640-dee4-4f5d-9a85-4824daa316a8,Savings,2020-10-13,Active,549075.93,0.0,0.0,0.0
a4078137-efab-4741-9ae6-150633f5b294,7c0f0640-dee4-4f5d-9a85-4824daa316a8,FixedDeposit,2023-04-21,Inactive,0.0,0.0,24.0,4.8
93bbfe92-04ba-45cb-ab30-b29c115bf68d,7c0f0640-dee4-4f5d-9a85-4824daa316a8,FixedDeposit,2023-04-06,Inactive,0.0,0.0,12.0,5.2
4ae2f436-01c8-473a-82df-0f19fa336bc6,147d06b7-ccf2-435c-bed5-79a85e6dcc1a,Savings,2022-02-23,Active,59558.74,0.0,0.0,0.0
8dd74be8-acba-4cac-a55d-16f926bfa3f6,147d06b7-ccf2-435c-bed5-79a85e6dcc1a,Loan,2023-12-30,Inactive,0.0,10839.05,24.0,12.7
b3b5d2af-37e1-40fe-90cd-2b9fa5aa89e3,b332bad1-8625-4b41-92fe-c733a27e8123,Savings,2022-02-04,Active,203849.03,0.0,0.0,0.0
ed3e8a37-eb53-4e02-be22-aa92db58d4be,b332bad1-8625-4b41-92fe-c733a27e8123,Loan,2022-09-19,Inactive,0.0,3289.07,12.0,24.0
17e7d35f-c495-447c-80ea-64a32a538840,b332bad1-8625-4b41-92fe-c733a27e8123,FixedDeposit,2025-04-19,Inactive,0.0,0.0,3.0,4.2
931f4b51-8904-431f-8fb5-cda7b284f6c6,b332bad1-8625-4b41-92fe-c733a27e8123,FixedDeposit,2022-09-23,Inactive,0.0,0.0,24.0,3.0
90f7b34d-093e-4e53-9a4c-7c55ea3a013e,b332bad1-8625-4b41-92fe-c733a27e8123,FixedDeposit,2022-07-17,Inactive,0.0,0.0,36.0,3.2
b50b17da-085c-4822-9a12-7e6a41a0e3bf,8f06301f-54f5-407f-b02a-bdba531b390e,Savings,2023-05-29,Active,187516.62,0.0,0.0,0.0
07319119-de6b-4082-a532-e533984fc986,8f06301f-54f5-407f-b02a-bdba531b390e,Loan,2023-08-25,Active,2671.16,12019.8,36.0,12.7
c91586f6-3adb-4a0d-ae0c-8302c0849c17,8f06301f-54f5-407f-b02a-bdba531b390e,FixedDeposit,2024-08-30,Inactive,0.0,0.0,12.0,5.3
5e97c45e-7f31-4d46-969f-1c9255d5ceaa,8f06301f-54f5-407f-b02a-bdba531b390e,FixedDeposit,2024-05-15,Inactive,0.0,0.0,3.0,4.8
23794b79-ed45-4d5d-b2bb-0308614f4263,8f06301f-54f5-407f-b02a-bdba531b390e,FixedDeposit,2024-05-30,Active,83284.23,0.0,24.0,5.0
b61ba21c-bca2-44fc-8449-b2ea93302c23,a72ac04a-d7b6-4937-8ef5-9d40300ef403,Savings,2021-07-14,Active,217416.4,0.0,0.0,0.0
ddaee73d-953b-4fcb-a413-5a966f14df14,a72ac04a-d7b6-4937-8ef5-9d40300ef403,Loan,2023-03-28,Inactive,0.0,45363.52,12.0,22.8
865a7f21-5536-458b-885a-7a11aced5659,9d1ea966-725f-471b-8b19-c20d6351681f,Savings,2024-01-04,Active,135239.0,0.0,0.0,0.0
0d4e04c2-fe3d-40f5-ab41-db051cea00ec,9d1ea966-725f-471b-8b19-c20d6351681f,Loan,2024-10-14,Inactive,0.0,173835.12,12.0,22.3
e7e0a84d-2d3f-4581-b466-dd00cef51e68,9d1ea966-725f-471b-8b19-c20d6351681f,FixedDeposit,2024-02-29,Active,3372.81,0.0,36.0,4.7
04556d26-1c64-4e89-a595-16f9c95d3cd9,9d1ea966-725f-471b-8b19-c20d6351681f,FixedDeposit,2024-08-12,Inactive,0.0,0.0,12.0,5.3
ca8d6a3e-959c-4421-8599-d7f5056e4430,9d1ea966-725f-471b-8b19-c20d6351681f,FixedDeposit,2025-01-15,Inactive,0.0,0.0,3.0,4.2
57fa42bb-820e-4d2c-9d10-bebdf07422f5,50cb4259-2e6f-49a3-b219-d4a6f4657b10,Savings,2022-09-04,Active,154362.89,0.0,0.0,0.0
6741761a-e8c3-4156-bb09-c3f827b1844d,2b88a533-db73-42a4-bfa5-696d7d42c45f,Savings,2022-12-07,Active,383607.86,0.0,0.0,0.0
7b8a4891-c3bd-4dea-aa78-3a3670321e17,2b88a533-db73-42a4-bfa5-696d7d42c45f,Loan,2023-04-17,Active,98728.5,296185.46,48.0,16.3
04fa68f2-dd6d-4478-a051-8ffc987b2ae9,2b88a533-db73-42a4-bfa5-696d7d42c45f,FixedDeposit,2024-08-03,Active,34529.65,0.0,36.0,4.7
75ec622c-e5aa-4eb4-b42d-e832fbc64ff6,2b88a533-db73-42a4-bfa5-696d7d42c45f,FixedDeposit,2023-04-06,Active,18000.28,0.0,36.0,4.5
2710d018-a154-4736-b506-d9e656c2c276,2b88a533-db73-42a4-bfa5-696d7d42c45f,FixedDeposit,2024-08-07,Active,31094.1,0.0,36.0,4.7
47225813-f550-4029-ba8a-916e7b409814,cae27aba-a2cb-4f39-856a-db9db491745c,Savings,2020-03-14,Active,258865.31,0.0,0.0,0.0
a733ab7b-d2a5-468e-8175-403258997df6,cae27aba-a2cb-4f39-856a-db9db491745c,Loan,2024-12-02,Inactive,0.0,18446.71,12.0,8.4
840265bb-388f-41c2-8888-35a94463f020,cae27aba-a2cb-4f39-856a-db9db491745c,Loan,2024-01-17,Active,7183.75,11649.2,60.0,12.5
f0aa115a-407e-4fe6-81b3-70285a1d0a38,59f8f7a8-af48-4177-8c70-5c15dc978ce7,Savings,2022-12-16,Active,33504.54,0.0,0.0,0.0
2f52c0ca-fc94-4ce8-9c75-63c5fba1cc1b,59f8f7a8-af48-4177-8c70-5c15dc978ce7,FixedDeposit,2025-05-27,Active,96104.19,0.0,24.0,4.5
ca69f56c-c258-4a9d-ba71-dffb3329409d,59f8f7a8-af48-4177-8c70-5c15dc978ce7,FixedDeposit,2025-03-17,Active,77558.29,0.0,36.0,4.2
2d857b6c-fd0d-46d9-87a5-d1ff17ab9fd2,59f8f7a8-af48-4177-8c70-5c15dc978ce7,FixedDeposit,2025-09-15,Active,69280.44,0.0,36.0,4.2
cc00c647-a291-46bf-96f2-b842e2377bfd,837ec1d5-58de-45bd-a5a4-0fea5f00df75,Savings,2022-06-28,Active,150361.27,0.0,0.0,0.0
5b4e0eb9-9c6c-44e5-905e-f9ff632617f2,837ec1d5-58de-45bd-a5a4-0fea5f00df75,FixedDeposit,2023-06-18,Active,16735.04,0.0,36.0,4.5
2b3d0ea7-599b-4474-8693-f328a2f99e8f,c791f67e-21e2-4144-8549-28cf910b7467,Savings,2025-03-12,Active,44611.94,0.0,0.0,0.0
8b275e2f-7dde-4a12-81a4-3ce728a487dd,c791f67e-21e2-4144-8549-28cf910b7467,Loan,2025-07-30,Active,16255.18,17732.93,60.0,11.9
95f19708-dd4d-4282-99bd-29dd7223a6ed,c791f67e-21e2-4144-8549-28cf910b7467,Loan,2025-09-07,Active,16406.75,21875.66,12.0,22.5
3598b37a-af69-4763-bae5-57754161fb82,c791f67e-21e2-4144-8549-28cf910b7467,FixedDeposit,2025-07-21,Active,46141.85,0.0,6.0,4.5
952655cc-10c0-4b2b-bf47-fb2c6dcafeaa,c791f67e-21e2-4144-8549-28cf910b7467,FixedDeposit,2025-03-16,Active,12195.67,0.0,12.0,4.8
e86a3b3b-39ee-4c70-bd71-c825ee7fa7bd,c791f67e-21e2-4144-8549-28cf910b7467,FixedDeposit,2025-08-20,Active,32964.35,0.0,24.0,4.5
20063851-f816-47a7-bed8-5c5aec700548,47f93617-3e3b-4864-8156-f41eeb7f9af1,Savings,2021-10-17,Active,621902.25,0.0,0.0,0.0
c25f913c-e28e-4019-8479-1bda795ba3cc,47f93617-3e3b-4864-8156-f41eeb7f9af1,Loan,2023-10-31,Inactive,0.0,23679.05,12.0,16.8
67ddb6da-e4be-4a7c-bec1-fdaa80003a43,47f93617-3e3b-4864-8156-f41eeb7f9af1,FixedDeposit,2023-09-13,Inactive,0.0,0.0,3.0,4.5
46f15c49-8871-4ddd-8222-8f39a6496f9f,47f93617-3e3b-4864-8156-f41eeb7f9af1,FixedDeposit,2021-11-08,Inactive,0.0,0.0,3.0,0.5
0b337cc2-90db-4a42-a065-0705c87b4c6d,e12e3fe1-b600-4bac-8fb9-2abf346639b0,Savings,2022-03-14,Active,237192.99,0.0,0.0,0.0
e0574f5d-c104-4c98-9c39-cd8c51e8abc8,e12e3fe1-b600-4bac-8fb9-2abf346639b0,Loan,2025-10-25,Active,7457.78,8949.34,12.0,21.9
df1e0ff7-0ffb-481f-a737-3929aad8ec6d,e12e3fe1-b600-4bac-8fb9-2abf346639b0,FixedDeposit,2025-08-09,Active,11869.33,0.0,6.0,4.5
a00604e5-be02-46fa-a92e-4dc41df263d7,f0e20c0a-6355-48ba-9a8a-f800489771b2,Savings,2023-09-17,Active,279473.66,0.0,0.0,0.0
5d643ec5-dfa9-48e6-8e2d-5cfde6063cd2,f0e20c0a-6355-48ba-9a8a-f800489771b2,Loan,2024-11-16,Active,17531.2,22380.33,60.0,18.1
153f8157-572f-4d95-8cd7-a32df64895f3,f0e20c0a-6355-48ba-9a8a-f800489771b2,Loan,2024-03-31,Inactive,0.0,40123.55,12.0,12.0
de8904c9-8ee5-46b4-91a6-2718095f0bc2,f0e20c0a-6355-48ba-9a8a-f800489771b2,FixedDeposit,2023-11-18,Active,12367.21,0.0,36.0,4.5
05a3ed60-5221-4efc-8a70-ebcfa92c9cbc,f0e20c0a-6355-48ba-9a8a-f800489771b2,FixedDeposit,2024-12-09,Inactive,0.0,0.0,6.0,5.1
7d27e335-cf5a-4b5c-ba9e-0c9b2dea0751,f0e20c0a-6355-48ba-9a8a-f800489771b2,FixedDeposit,2025-08-29,Active,3487.71,0.0,12.0,4.8
42d4a1b6-64c6-4138-8e8f-23b675c3ac79,3c721557-0f55-4cf5-aafa-76d35d9e177a,Savings,2024-11-16,Active,107356.77,0.0,0.0,0.0
0332c6ab-bd88-44ec-b3b0-4738d28b9705,3c721557-0f55-4cf5-aafa-76d35d9e177a,FixedDeposit,2025-08-30,Active,9352.35,0.0,6.0,4.5
dffc627d-1bb8-4bb5-a5c7-37efd07c7140,64c3c486-f2f6-4a04-9e5e-514880607e82,Savings,2021-05-01,Active,763377.43,0.0,0.0,0.0
8dfc9dc6-263a-488a-9197-c9760dafa562,64c3c486-f2f6-4a04-9e5e-514880607e82,Loan,2021-11-16,Inactive,0.0,56355.34,48.0,21.2
af33269e-e849-4e8f-908f-35caf557bc95,64c3c486-f2f6-4a04-9e5e-514880607e82,Loan,2022-01-27,Inactive,0.0,117914.63,24.0,20.9
bc6f0e10-3862-4186-b291-19eb62f65728,d9812643-9a17-4a08-ba1b-ad56321c3fde,Savings,2025-07-31,Active,51449.16,0.0,0.0,0.0
ed5430f8-4e86-4244-bf3d-1c9942e3886a,d9812643-9a17-4a08-ba1b-ad56321c3fde,Loan,2025-10-25,Active,38787.79,40474.21,48.0,10.6
a1058656-9ea9-4c23-b9a4-38ab9fe8ef2d,d9812643-9a17-4a08-ba1b-ad56321c3fde,FixedDeposit,2025-09-21,Active,64349.59,0.0,24.0,4.5
81416fb7-1427-4eec-83ce-69dd97d82e88,d9812643-9a17-4a08-ba1b-ad56321c3fde,FixedDeposit,2025-08-01,Active,42819.51,0.0,12.0,4.8
781e36ee-dd25-4ad0-b01c-79365502d38b,fc061e13-72b9-4127-bcbf-e7e884abb1bc,Savings,2025-10-16,Active,79206.0,0.0,0.0,0.0
6cf63b6d-6888-4f8d-9913-5840222e05b6,fc061e13-72b9-4127-bcbf-e7e884abb1bc,Loan,2025-10-21,Active,11838.3,14205.96,12.0,13.9
f965a09c-e3d0-4712-8f8f-e4a6395db496,fc061e13-72b9-4127-bcbf-e7e884abb1bc,FixedDeposit,2025-10-20,Active,68403.0,0.0,12.0,4.8
4d96e6a8-63a3-4b48-8624-4edf7db0338d,fc061e13-72b9-4127-bcbf-e7e884abb1bc,FixedDeposit,2025-10-26,Active,62855.46,0.0,6.0,4.5
9fc964de-a4bc-4b87-b672-bc43661b0098,a53c129d-9ef3-4008-a219-6ab596ca577b,Savings,2023-11-10,Active,373853.07,0.0,0.0,0.0
c458fa49-a547-4b72-93d2-0620dabae594,a53c129d-9ef3-4008-a219-6ab596ca577b,FixedDeposit,2024-09-29,Inactive,0.0,0.0,6.0,5.1
f74fa6f8-470b-4564-a44f-7996a1221e63,a53c129d-9ef3-4008-a219-6ab596ca577b,FixedDeposit,2024-10-23,Inactive,0.0,0.0,3.0,4.8
6aa96213-be47-4860-9895-60f48f6dd7a0,dc269cd7-cdb3-4668-8a37-8e97ccb14f42,Savings,2022-02-28,Active,240975.16,0.0,0.0,0.0
02a0fa32-3426-4374-bdbc-83a723b35b34,dc269cd7-cdb3-4668-8a37-8e97ccb14f42,Loan,2022-09-02,Inactive,0.0,103925.56,12.0,15.2
a610486c-85fd-4ba2-a930-71d1dd6b71a9,dc269cd7-cdb3-4668-8a37-8e97ccb14f42,FixedDeposit,2024-04-12,Inactive,0.0,0.0,3.0,4.8
b1c3197e-6358-4f17-a1f8-09aa858d6f8e,dc269cd7-cdb3-4668-8a37-8e97ccb14f42,FixedDeposit,2022-11-23,Inactive,0.0,0.0,3.0,1.5
eb316930-c976-483a-bf79-fa4246e36f8c,3a5b4299-a410-4b52-aa6e-bbd40015f520,Savings,2023-06-22,Active,239135.69,0.0,0.0,0.0
84a6c6e4-a29a-4d6a-80e1-3d2d29bde0ce,3a5b4299-a410-4b52-aa6e-bbd40015f520,Loan,2023-12-06,Active,3062.26,10021.76,36.0,11.1
a39e0683-adb8-4248-a93a-1205de313710,3a5b4299-a410-4b52-aa6e-bbd40015f520,Loan,2024-10-27,Active,3091.49,5058.91,36.0,21.9
0b06836c-d52c-4ebc-a26a-4a6b2e4d4eef,3a5b4299-a410-4b52-aa6e-bbd40015f520,FixedDeposit,2025-05-11,Inactive,0.0,0.0,3.0,4.2
a925980c-7d73-4418-8fb0-011705b3bc3b,3a5b4299-a410-4b52-aa6e-bbd40015f520,FixedDeposit,2023-08-20,Active,14731.49,0.0,36.0,4.5
d81b5846-281a-4f58-a787-333a08edf288,5b007182-bee4-4ca2-84c1-05274b87bfd3,Savings,2022-07-17,Active,503971.74,0.0,0.0,0.0
b4753e1b-9336-4330-9c4a-50d0363689e5,5b007182-bee4-4ca2-84c1-05274b87bfd3,Loan,2025-06-03,Active,16783.75,23694.71,24.0,17.6
64e6a723-296d-486f-beb7-e6d2c3380ab6,06a70d03-fa01-4357-9075-102fe9b3d620,Savings,2020-12-22,Active,902825.81,0.0,0.0,0.0
abbab882-3146-486f-a335-b4ce62244cf9,06a70d03-fa01-4357-9075-102fe9b3d620,FixedDeposit,2023-11-03,Inactive,0.0,0.0,3.0,4.5
fd1503d5-80b4-4cb8-824b-2a312dfa5761,7e97f498-6bf2-41a4-8fde-76f0fc0f2792,Savings,2022-03-25,Active,69956.55,0.0,0.0,0.0
747ad464-2d7f-4627-a5ce-bd1a78d34b7a,7e97f498-6bf2-41a4-8fde-76f0fc0f2792,Loan,2024-05-08,Inactive,0.0,17682.06,12.0,14.2
a04e037c-a14e-4880-b3d2-2d62afceceb1,7e97f498-6bf2-41a4-8fde-76f0fc0f2792,FixedDeposit,2022-07-16,Inactive,0.0,0.0,36.0,3.2
f3e7a4b5-07a6-46a0-8cfd-b52433c32ef9,06a1216d-57fc-44dd-84e7-8766c8947e22,Savings,2023-11-06,Active,310031.67,0.0,0.0,0.0
ec2d389f-1fa8-4ae8-8560-5077f3796ba6,06a1216d-57fc-44dd-84e7-8766c8947e22,Loan,2024-02-13,Active,98011.58,180944.32,48.0,19.8
81ec2238-7436-4995-8d32-f74d758ae128,06a1216d-57fc-44dd-84e7-8766c8947e22,FixedDeposit,2025-06-17,Inactive,0.0,0.0,3.0,4.2
4c18652b-8f12-4fc4-a374-d2fb1881c8a4,06a1216d-57fc-44dd-84e7-8766c8947e22,FixedDeposit,2024-03-26,Active,65112.72,0.0,24.0,5.0
eee33e2c-0fe2-47df-9a80-f058ce292437,06a1216d-57fc-44dd-84e7-8766c8947e22,FixedDeposit,2023-12-30,Active,81982.93,0.0,36.0,4.5
46f6b4cc-46b1-44b1-9b5a-f2e30774ec74,498d9f19-fbc7-473a-8cb0-72265b7a37ed,Savings,2022-07-20,Active,371769.57,0.0,0.0,0.0
d7f8d593-dbe4-40c6-bc55-627afa106786,498d9f19-fbc7-473a-8cb0-72265b7a37ed,Loan,2025-09-24,Active,50762.37,53434.08,60.0,14.5
52407822-c983-4cfd-a217-86553eaf39c8,498d9f19-fbc7-473a-8cb0-72265b7a37ed,Loan,2023-09-25,Inactive,0.0,19480.96,12.0,7.6
73fb9f8b-60d1-4247-ab3c-b0c0e62f11ad,112d209d-597c-4d82-9277-5c4f6c40af9b,Savings,2024-10-04,Active,60396.74,0.0,0.0,0.0
7f1da69a-d002-4d7e-861b-147ce41a69f4,112d209d-597c-4d82-9277-5c4f6c40af9b,Loan,2025-03-21,Active,2746.4,3380.18,48.0,22.4
a31b0af9-32e6-4310-80e7-7cb373a7624d,112d209d-597c-4d82-9277-5c4f6c40af9b,Loan,2024-12-25,Active,8220.73,10275.97,60.0,13.2
78771d54-f46f-490b-b37e-de99de733bbd,f41ea61b-2998-4f52-b2d5-9f685767b38b,Savings,2025-10-09,Active,141665.97,0.0,0.0,0.0
5c740f23-eae2-4932-a030-0009f74edf53,f41ea61b-2998-4f52-b2d5-9f685767b38b,Loan,2025-11-01,Active,36968.86,39143.5,36.0,23.2
d216f7b8-0adc-4f62-94b3-655430993869,f41ea61b-2998-4f52-b2d5-9f685767b38b,Loan,2025-10-19,Active,66970.81,73059.07,24.0,23.1
a5e38e9d-91dd-4c7c-8a71-daf30ab1820a,848b916b-fc5c-41a7-bba0-9704c87cb769,Savings,2023-10-02,Active,115342.65,0.0,0.0,0.0
fb7a1f76-0472-420f-9aef-c242e846583f,848b916b-fc5c-41a7-bba0-9704c87cb769,Loan,2025-05-11,Active,24722.8,30690.37,36.0,11.7
ca175008-69d1-4fa8-a666-c95c4c9443f7,848b916b-fc5c-41a7-bba0-9704c87cb769,Loan,2025-08-19,Active,24220.27,25950.31,60.0,21.8
518dea5d-9bb8-48c0-a701-9bd2bf4ad7b9,848b916b-fc5c-41a7-bba0-9704c87cb769,FixedDeposit,2024-02-27,Inactive,0.0,0.0,12.0,5.3
4468a98f-c904-45cf-b10d-22089eb12abc,848b916b-fc5c-41a7-bba0-9704c87cb769,FixedDeposit,2024-06-22,Active,96483.76,0.0,36.0,4.7
6b960619-4e70-4285-b6e7-52c30cff6937,406c8c17-79f4-48c1-8435-1bc8ac94c50d,Savings,2025-01-12,Active,139752.15,0.0,0.0,0.0
6fb14de7-310c-4b45-bae6-f7807d9dc1b9,b803aa59-be64-4c9c-817c-5136fceac167,Savings,2020-12-11,Active,90848.8,0.0,0.0,0.0
9736a7df-1832-43dd-9d44-201126106afc,b803aa59-be64-4c9c-817c-5136fceac167,Loan,2022-03-16,Inactive,0.0,20739.58,36.0,20.3
7cb2034e-9326-47e8-90b4-2a8ffcbf352d,b803aa59-be64-4c9c-817c-5136fceac167,Loan,2023-05-03,Active,3239.46,29154.34,36.0,17.6
f72dca4f-6a64-4923-a198-1dc55e51674b,b803aa59-be64-4c9c-817c-5136fceac167,FixedDeposit,2020-12-24,Inactive,0.0,0.0,3.0,0.5
f3b44584-537b-412e-985f-ec3cf1e217f7,b803aa59-be64-4c9c-817c-5136fceac167,FixedDeposit,2025-04-17,Inactive,0.0,0.0,6.0,4.5
dcecde83-2e14-4739-b387-7e4eb771fd74,b803aa59-be64-4c9c-817c-5136fceac167,FixedDeposit,2022-05-31,Inactive,0.0,0.0,6.0,2.2
aabc632f-ae6d-4637-87f3-a358d91c3a53,f2ac9272-2773-4d78-8126-3bb3857b61ca,Savings,2021-03-30,Active,652534.28,0.0,0.0,0.0
d9651a1f-f73b-427e-b591-4ee99d898fe9,f2ac9272-2773-4d78-8126-3bb3857b61ca,Loan,2022-09-14,Inactive,0.0,12288.07,36.0,23.5
b23b59b3-b5e2-40e6-9c89-ee599c1477e2,f2ac9272-2773-4d78-8126-3bb3857b61ca,Loan,2022-02-06,Active,283.01,13574.61,48.0,7.5
75b4b148-429f-407e-b3e7-12cacc45634a,f2ac9272-2773-4d78-8126-3bb3857b61ca,FixedDeposit,2022-06-17,Inactive,0.0,0.0,36.0,3.2
01545136-7ca4-4271-8f44-4ce77ae15406,f2ac9272-2773-4d78-8126-3bb3857b61ca,FixedDeposit,2024-10-16,Inactive,0.0,0.0,6.0,5.1
03a49f33-8e2c-495b-9ac0-96b312a99844,f2ac9272-2773-4d78-8126-3bb3857b61ca,FixedDeposit,2023-09-29,Active,92176.55,0.0,36.0,4.5
4255d953-adce-47d1-b032-7eab5793b9f3,1517e8a4-1ff2-4bd5-aac0-afb720fcf44f,Savings,2022-12-06,Active,371920.01,0.0,0.0,0.0
942ae099-a1ed-4adc-aeb9-3790efa171e6,1517e8a4-1ff2-4bd5-aac0-afb720fcf44f,Loan,2023-11-13,Inactive,0.0,20761.86,12.0,15.1
4b997727-1ccb-43d1-8e74-1593d23ddc8c,1517e8a4-1ff2-4bd5-aac0-afb720fcf44f,FixedDeposit,2024-11-19,Inactive,0.0,0.0,3.0,4.8
b498bcc0-e542-49b4-8e2f-3cb5f78b110e,1517e8a4-1ff2-4bd5-aac0-afb720fcf44f,FixedDeposit,2024-10-22,Inactive,0.0,0.0,6.0,5.1
2928ee8e-a426-464b-86c3-89d69fd64e00,c191b657-74b6-422a-92e6-3c185104e62e,Savings,2024-05-23,Active,60562.77,0.0,0.0,0.0
3c09b999-dc8a-4258-865d-e0d288fcbdd7,c191b657-74b6-422a-92e6-3c185104e62e,Loan,2024-07-30,Active,6731.9,23080.8,24.0,19.5
12bcc509-a3af-4ee3-a321-d03ffb06d768,c191b657-74b6-422a-92e6-3c185104e62e,FixedDeposit,2024-08-21,Inactive,0.0,0.0,3.0,4.8
f3ca6841-7b35-4570-9830-3d5c67060666,c191b657-74b6-422a-92e6-3c185104e62e,FixedDeposit,2025-10-27,Active,78301.31,0.0,6.0,4.5
554d95d9-c776-4ad6-aa87-e6bc5968476c,c191b657-74b6-422a-92e6-3c185104e62e,FixedDeposit,2025-03-21,Active,53941.3,0.0,36.0,4.2
4d7cf774-4bfc-4136-bd52-2107bf3cc0c1,fa220cfb-ff89-4a46-a11a-99854ca4f778,Savings,2021-06-25,Active,434440.92,0.0,0.0,0.0
1774631b-6d76-46fa-91bc-db6a42f358ae,fa220cfb-ff89-4a46-a11a-99854ca4f778,Loan,2025-04-25,Active,121500.23,182250.31,24.0,18.7
15d13ced-f067-4aa4-b32b-b7116941cb7b,fa220cfb-ff89-4a46-a11a-99854ca4f778,Loan,2025-09-19,Active,9267.38,12356.51,12.0,7.7
9e30020a-07f9-4456-a520-abd98dbb3e57,fa220cfb-ff89-4a46-a11a-99854ca4f778,FixedDeposit,2023-10-23,Inactive,0.0,0.0,24.0,4.8
dc49a8ce-7afd-4059-9016-2257e5c54473,fa220cfb-ff89-4a46-a11a-99854ca4f778,FixedDeposit,2022-05-09,Inactive,0.0,0.0,3.0,1.5
b7b82e00-031d-4d9e-b2de-41750bfa59f2,0a17b476-341c-4b0a-98cc-1d165ce10849,Savings,2022-11-10,Active,194667.47,0.0,0.0,0.0
493c2676-6221-4e62-a29c-d82d5df85531,0a17b476-341c-4b0a-98cc-1d165ce10849,Loan,2024-07-10,Inactive,0.0,20462.63,12.0,11.4
40749852-e963-447e-9fb0-f2fcb01c1422,0a17b476-341c-4b0a-98cc-1d165ce10849,Loan,2025-07-08,Active,17709.1,19319.0,60.0,11.3
8cb09e7d-557f-420d-91d8-618e3cb6085b,80810654-184e-4c6d-9f99-7ab409d6e500,Savings,2021-06-05,Active,33446.12,0.0,0.0,0.0
68c55177-9fa8-4831-9509-fa6a79807ba2,80810654-184e-4c6d-9f99-7ab409d6e500,Loan,2025-05-21,Active,24428.32,30324.77,36.0,20.2
4427a7cf-ecf1-43c2-837b-3d442137a0ab,80810654-184e-4c6d-9f99-7ab409d6e500,Loan,2024-03-02,Active,15212.71,39118.35,36.0,11.1
2bec7a5d-d063-4eef-ac76-f072acd9d79e,80810654-184e-4c6d-9f99-7ab409d6e500,FixedDeposit,2025-08-02,Active,54924.65,0.0,12.0,4.8
7f2c0638-9728-4e8a-9514-92c8f7771b51,80810654-184e-4c6d-9f99-7ab409d6e500,FixedDeposit,2025-02-22,Active,49802.03,0.0,12.0,4.8
b5cf1dd3-cf87-47f5-a8b9-ddbf1ab786c3,a84d0e49-bd03-4103-87f8-5b3727d4c920,Savings,2024-02-15,Active,138030.34,0.0,0.0,0.0
168dce63-5175-4bf7-ab8a-9fd79d1f6487,a84d0e49-bd03-4103-87f8-5b3727d4c920,Loan,2024-09-26,Active,7455.92,12781.52,36.0,11.8
182697c4-d7ce-44e3-9561-31f74fba04ec,a6871966-0f69-4e20-99cc-da26cbea7269,Savings,2025-08-26,Active,180829.33,0.0,0.0,0.0
04296d8a-e11a-4d43-b637-44281d9a1e71,a6871966-0f69-4e20-99cc-da26cbea7269,Loan,2025-09-13,Active,2787.32,2934.02,60.0,9.1
c0524726-dd95-4ac6-8be5-a4c98c035888,a6871966-0f69-4e20-99cc-da26cbea7269,FixedDeposit,2025-09-07,Inactive,0.0,0.0,3.0,4.2
09d81a30-6ccd-4df2-b3b2-707c028793b4,cdc31bba-d294-4771-b61f-65392bb8250b,Savings,2023-03-09,Active,136787.96,0.0,0.0,0.0
edaafaeb-f27b-403c-b2ce-2193c3b99c8f,d5b786de-cb8c-4ee9-9805-297440594c34,Savings,2022-02-14,Active,53718.69,0.0,0.0,0.0
8bdeca2e-76c7-4e67-8b07-63e981b6bb82,d5b786de-cb8c-4ee9-9805-297440594c34,Loan,2025-05-23,Active,30156.45,37435.61,36.0,19.0
f6368474-bee9-4218-9f04-ebce37def18f,d5b786de-cb8c-4ee9-9805-297440594c34,Loan,2024-08-04,Active,31873.62,49352.68,48.0,16.8
d912b6e1-9d5f-48a7-8a3b-e10114bfb086,83da4a2d-4f2a-448c-8633-22cbdcfdfbfb,Savings,2024-02-22,Active,157888.43,0.0,0.0,0.0
3a2f0dd2-bf5b-4b79-96c0-436ba53e6735,83da4a2d-4f2a-448c-8633-22cbdcfdfbfb,FixedDeposit,2024-04-23,Inactive,0.0,0.0,3.0,4.8
ab6cd5c7-c59a-49fe-b7ed-71bf14f39a97,c25a0647-d3f7-4fac-858b-83f3f1de0937,Savings,2023-03-11,Active,476380.46,0.0,0.0,0.0
bc430e7d-303e-494f-944e-16ae83d4450f,c25a0647-d3f7-4fac-858b-83f3f1de0937,Loan,2024-09-05,Active,68109.02,204327.1,24.0,7.1
59e552de-cd2e-4f5a-be47-08f1f6a6aad7,c25a0647-d3f7-4fac-858b-83f3f1de0937,Loan,2024-10-25,Active,45823.81,59770.19,60.0,14.7
324f992c-89b1-44ec-b620-020e841b8914,c25a0647-d3f7-4fac-858b-83f3f1de0937,FixedDeposit,2024-02-29,Inactive,0.0,0.0,12.0,5.3
ffd16eda-b4e7-4ad4-a408-714d90160269,87a3e367-e06d-4dd3-bea7-6e59a47e4e44,Savings,2022-07-14,Active,952842.23,0.0,0.0,0.0
bf31f914-3c7d-4071-9ec5-70c3b6e2a196,87a3e367-e06d-4dd3-bea7-6e59a47e4e44,Loan,2022-08-24,Inactive,0.0,14490.5,36.0,23.7
47f2e5ae-8bc3-4ca1-926f-db528384155b,87a3e367-e06d-4dd3-bea7-6e59a47e4e44,Loan,2024-01-15,Active,1248.23,29955.22,24.0,15.7
ceed75e5-57cd-453d-befc-f4a93020fd3d,cd64a120-ee9b-4cb2-8f1c-67cd4a8cb169,Savings,2022-07-29,Active,286626.34,0.0,0.0,0.0
65e0e7a5-c6c9-4920-8869-adf2bb86d95e,cd64a120-ee9b-4cb2-8f1c-67cd4a8cb169,FixedDeposit,2024-07-11,Inactive,0.0,0.0,3.0,4.8
44bac378-d2db-48c7-b1fa-bd26d38a1e53,cd64a120-ee9b-4cb2-8f1c-67cd4a8cb169,FixedDeposit,2023-01-13,Inactive,0.0,0.0,24.0,4.8
d0fa3ee2-c732-46d5-8811-c46a2d041d85,cd64a120-ee9b-4cb2-8f1c-67cd4a8cb169,FixedDeposit,2022-10-09,Inactive,0.0,0.0,24.0,3.0
af588108-896a-4a26-8cff-f5c7badf8a55,f55dc420-93d7-40e1-af73-28544050f2d8,Savings,2024-10-13,Active,487038.58,0.0,0.0,0.0
98c7a3a2-a4c0-4ae2-9197-ff4149e8047d,f55dc420-93d7-40e1-af73-28544050f2d8,Loan,2025-06-21,Active,28754.45,34505.33,36.0,23.1
eca4d2c5-3fd1-44d7-b816-2d609cdd0141,f55dc420-93d7-40e1-af73-28544050f2d8,FixedDeposit,2025-06-14,Active,79449.84,0.0,36.0,4.2
9c9e1b72-2658-4868-a662-17923327cf53,f55dc420-93d7-40e1-af73-28544050f2d8,FixedDeposit,2025-01-24,Active,14110.49,0.0,12.0,4.8
ffb83dc6-922f-416d-8af8-bce38f8b78ca,3a1d78b6-10b7-4746-990e-8564313330ed,Savings,2022-06-25,Active,285725.61,0.0,0.0,0.0
c0be6041-f7db-4530-83cb-bd7c1f6e149f,3a1d78b6-10b7-4746-990e-8564313330ed,FixedDeposit,2025-03-11,Inactive,0.0,0.0,6.0,4.5
34af05d6-1167-464b-a1a6-e1f0fbbe32a2,473329e1-a8f4-4f19-9653-d93902a4860a,Savings,2023-03-19,Active,250971.94,0.0,0.0,0.0
c9516e8e-292e-4e85-aa6a-aca67ad36488,473329e1-a8f4-4f19-9653-d93902a4860a,Loan,2024-09-22,Active,33716.22,44954.97,60.0,10.4
c425ab45-6ddf-4aa7-8404-5a1fa86a6e96,473329e1-a8f4-4f19-9653-d93902a4860a,Loan,2024-07-22,Active,17040.68,23777.61,60.0,21.7
bc7b47b4-8a2e-4c9c-8980-11bc3201c529,473329e1-a8f4-4f19-9653-d93902a4860a,FixedDeposit,2025-08-25,Active,23377.43,0.0,6.0,4.5
cdd7807e-1dc8-4a99-b66a-c78b07664d88,473329e1-a8f4-4f19-9653-d93902a4860a,FixedDeposit,2024-06-21,Inactive,0.0,0.0,3.0,4.8
853ce3c2-9686-4438-9e6b-9e2cdc5fce3b,9cc31fb1-7993-404e-a2bf-89597c69c754,Savings,2025-04-22,Active,81301.72,0.0,0.0,0.0
0c3d3824-9afe-4a00-b728-c14a7ca8d886,9cc31fb1-7993-404e-a2bf-89597c69c754,Loan,2025-07-19,Active,6787.41,7404.46,60.0,10.6
49ba433c-f180-4135-848d-7ea9096a5442,9cc31fb1-7993-404e-a2bf-89597c69c754,Loan,2025-09-17,Active,6549.99,7485.69,24.0,22.3
4bae8b30-a21e-45c1-8170-659b32aa4705,c2d304f0-3756-471d-97e5-c233690af40b,Savings,2024-07-04,Active,208696.34,0.0,0.0,0.0
6612cc6a-e892-499f-95a1-303c35686da8,c2d304f0-3756-471d-97e5-c233690af40b,Loan,2025-02-12,Active,3247.56,19485.56,12.0,21.6
f847dba0-7bec-48a1-89d6-46a353c1b3be,c2d304f0-3756-471d-97e5-c233690af40b,Loan,2024-09-14,Inactive,0.0,5613.41,12.0,9.0
2e788c9b-a2ea-4ef7-a141-7518f842551e,c2d304f0-3756-471d-97e5-c233690af40b,FixedDeposit,2024-07-30,Inactive,0.0,0.0,3.0,4.8
c31c5ec3-9f2e-4e91-a439-88f9f66fcbfc,c2d304f0-3756-471d-97e5-c233690af40b,FixedDeposit,2024-12-13,Inactive,0.0,0.0,6.0,5.1
160eeb8b-3d14-4f60-9e21-f57f8a60a71e,e2b0c424-d767-40ad-8350-e3f1f89078fd,Savings,2020-02-12,Active,231306.31,0.0,0.0,0.0
40e63889-eaf1-4b53-89de-097ab0e7996f,e2b0c424-d767-40ad-8350-e3f1f89078fd,Loan,2020-12-19,Inactive,0.0,28307.5,12.0,22.0
45ce36f4-4005-4944-bdf0-1f39fcbcd0ce,e2b0c424-d767-40ad-8350-e3f1f89078fd,FixedDeposit,2024-04-01,Inactive,0.0,0.0,12.0,5.3
c1adef63-289c-4f0b-bffb-6a03f17c6784,efd20e14-01c3-451f-ba39-81af2ff58587,Savings,2020-07-26,Active,547980.09,0.0,0.0,0.0
825d28d9-3575-438d-9ec9-5d40cc942703,efd20e14-01c3-451f-ba39-81af2ff58587,Loan,2023-10-10,Active,12344.64,49378.92,36.0,23.4
bd32d5db-86a9-4aff-9a44-b79119a29351,efd20e14-01c3-451f-ba39-81af2ff58587,Loan,2023-11-11,Inactive,0.0,244190.67,24.0,11.3
949de310-e55a-4d2b-b907-a8bc07d198fa,efd20e14-01c3-451f-ba39-81af2ff58587,FixedDeposit,2025-09-04,Active,76868.48,0.0,36.0,4.2
54783faa-dec2-41e8-be91-619a30c82e94,e62ef9f4-9bcb-4434-8a84-cf8c5504f3bf,Savings,2021-12-17,Active,233826.69,0.0,0.0,0.0
b38a535d-5292-44a5-a776-28686691116a,e62ef9f4-9bcb-4434-8a84-cf8c5504f3bf,FixedDeposit,2022-03-02,Inactive,0.0,0.0,36.0,3.2
8068c58c-bf32-4f72-b8f1-05ab701d6b59,e62ef9f4-9bcb-4434-8a84-cf8c5504f3bf,FixedDeposit,2025-11-07,Active,85712.05,0.0,3.0,4.2
d414b522-9071-4151-be30-e433bf2dbe07,e62ef9f4-9bcb-4434-8a84-cf8c5504f3bf,FixedDeposit,2022-02-17,Inactive,0.0,0.0,12.0,2.8
ee5cee9f-8871-4b05-861e-d38d5ee976b7,172b8225-6a0c-4efb-a108-5b3b906c67a2,Savings,2025-04-18,Active,52813.85,0.0,0.0,0.0
3da332fe-0f4e-4f07-ab1d-1405ced14c65,172b8225-6a0c-4efb-a108-5b3b906c67a2,Loan,2025-07-17,Active,9472.46,11965.21,24.0,21.2
eb3e09d3-706a-42d2-a0bc-f83d47fe5df9,172b8225-6a0c-4efb-a108-5b3b906c67a2,FixedDeposit,2025-08-31,Active,37184.06,0.0,12.0,4.8
0194ff64-5e1a-440f-b4b1-ceb960fbca66,172b8225-6a0c-4efb-a108-5b3b906c67a2,FixedDeposit,2025-04-20,Active,31080.63,0.0,24.0,4.5
f3fdf031-5b1a-47c3-8e0b-d5fa968c8900,43d580fe-7472-4188-8b94-4e30a929cc2d,Savings,2024-10-25,Active,29687.61,0.0,0.0,0.0
f1f72be4-b66a-4cd8-a2da-fdc5e28767c0,43d580fe-7472-4188-8b94-4e30a929cc2d,FixedDeposit,2025-04-25,Active,45290.7,0.0,36.0,4.2
45409a76-75da-4b14-bf84-7f35c78f4a41,43d580fe-7472-4188-8b94-4e30a929cc2d,FixedDeposit,2025-11-06,Active,49121.19,0.0,24.0,4.5
e2d131f0-f642-4fb1-8af4-ec9e22a1c814,43d580fe-7472-4188-8b94-4e30a929cc2d,FixedDeposit,2025-06-11,Active,53027.96,0.0,12.0,4.8
a01517e2-128d-45e0-857f-8a222661d88e,f3ffe719-4f20-452f-9aef-d36514aafa9a,Savings,2021-07-11,Active,568996.43,0.0,0.0,0.0
e2863a76-06a7-4f52-997c-ab0899836104,f3ffe719-4f20-452f-9aef-d36514aafa9a,Loan,2024-02-09,Active,410558.2,665770.11,60.0,16.6
43967a62-b2a6-43cc-b30d-38f305f6eabb,f3ffe719-4f20-452f-9aef-d36514aafa9a,Loan,2021-07-25,Active,3153.51,31536.99,60.0,23.0
a6298b97-853f-4d90-892f-0aefd12b1389,f3ffe719-4f20-452f-9aef-d36514aafa9a,FixedDeposit,2023-05-10,Inactive,0.0,0.0,3.0,4.5
834f8088-5bfb-45be-b0f5-2913b5c71a35,f3ffe719-4f20-452f-9aef-d36514aafa9a,FixedDeposit,2023-09-03,Inactive,0.0,0.0,6.0,5.0
2fe486b4-8b5c-43b8-b7b8-313a44f209d5,02b76f80-4b16-421e-ac09-1c34fc4189f3,Savings,2021-05-18,Active,565858.55,0.0,0.0,0.0
d1087938-272c-4a16-9898-2eb19be71692,02b76f80-4b16-421e-ac09-1c34fc4189f3,Loan,2022-12-29,Active,82317.81,329271.33,48.0,11.7
eb8f7e72-1990-4ee8-a553-cdd87f7bb85c,4cd42d51-c780-4a49-a48c-4f97771cb5e2,Savings,2025-02-16,Active,109284.81,0.0,0.0,0.0
bd21e4fb-8ae4-4775-9b7d-fdada5d13e75,4cd42d51-c780-4a49-a48c-4f97771cb5e2,FixedDeposit,2025-05-05,Active,89261.45,0.0,12.0,4.8
4b66ccba-ced4-4676-bb3f-f50799ff17ab,646f0ef4-2f31-4ec5-bfde-ce65438fa81a,Savings,2023-08-17,Active,179970.15,0.0,0.0,0.0
66f6f4b1-176c-4c3e-a820-3e636eb8ad84,646f0ef4-2f31-4ec5-bfde-ce65438fa81a,FixedDeposit,2023-11-08,Inactive,0.0,0.0,12.0,5.2
a6f1c9eb-b3ca-4824-bf1e-0469f4e36aaf,646f0ef4-2f31-4ec5-bfde-ce65438fa81a,FixedDeposit,2024-10-05,Active,2451.0,0.0,24.0,5.0
c0059019-af4c-420e-977a-bf11959c7d87,646f0ef4-2f31-4ec5-bfde-ce65438fa81a,FixedDeposit,2024-06-26,Inactive,0.0,0.0,12.0,5.3
422fdde1-2787-4d4c-b732-a0998d873152,d049efe2-594b-43e0-ad8d-2a7cd9fa692c,Savings,2023-09-10,Active,274344.56,0.0,0.0,0.0
bcb1aa25-52c8-4986-a93c-61f482fd9702,d049efe2-594b-43e0-ad8d-2a7cd9fa692c,Loan,2025-01-15,Active,8923.67,11576.65,48.0,21.6
310ee23c-a4c9-474b-9d8f-b711ac6a4d91,d049efe2-594b-43e0-ad8d-2a7cd9fa692c,FixedDeposit,2023-12-22,Active,68280.39,0.0,36.0,4.5
353970de-2620-4772-bd1f-80928b4ef44e,81ec9d9c-779c-41ed-90b4-ae2ae66bdee2,Savings,2023-05-04,Active,4740.75,0.0,0.0,0.0
8d873cda-2fb1-4ba0-9fb1-e08f27a8890e,81ec9d9c-779c-41ed-90b4-ae2ae66bdee2,Loan,2023-08-31,Active,7478.39,17947.87,48.0,20.6
6d3be24d-65dd-4aff-9eac-1fe858616d31,81ec9d9c-779c-41ed-90b4-ae2ae66bdee2,Loan,2023-09-27,Active,3292.79,13171.55,36.0,15.1
92375a5b-03d1-4ecb-91d0-7993b174b805,81ec9d9c-779c-41ed-90b4-ae2ae66bdee2,FixedDeposit,2024-12-18,Active,49752.24,0.0,24.0,5.0
dddffad5-6edc-473f-9afb-084c980aca23,81ec9d9c-779c-41ed-90b4-ae2ae66bdee2,FixedDeposit,2025-02-28,Active,14258.14,0.0,12.0,4.8
7e97f43c-5d3d-4e0d-b6e1-6c3d628e7afb,81ec9d9c-779c-41ed-90b4-ae2ae66bdee2,FixedDeposit,2024-01-03,Inactive,0.0,0.0,24.0,5.0
8a5b40fc-a018-42f0-83ab-16c1983cef20,25ee2f7d-0b7f-4e48-a79c-aaa389118d0c,Savings,2023-09-19,Active,195397.99,0.0,0.0,0.0
7a9c5722-1a25-494a-b5af-aa179f1dc14c,25ee2f7d-0b7f-4e48-a79c-aaa389118d0c,Loan,2024-05-25,Active,4199.79,20159.22,24.0,19.8
5faa56fe-025b-465f-aa8b-98cea18e734a,1f87d823-7478-48a4-ac02-4b218c4c67a7,Savings,2020-04-28,Active,833622.86,0.0,0.0,0.0
3a4ec1f8-d4d7-4a1a-a733-1d750b41dcf5,1f87d823-7478-48a4-ac02-4b218c4c67a7,Loan,2021-10-16,Inactive,0.0,152135.69,36.0,12.1
508bc9cc-1cb0-4104-a799-3bd2aa8d03a8,1f87d823-7478-48a4-ac02-4b218c4c67a7,FixedDeposit,2022-05-07,Inactive,0.0,0.0,3.0,1.5
0252df56-5d8c-48ca-99ec-3fb5cc21060b,387d9b28-8875-45ea-99ef-6864f271ef6d,Savings,2025-02-21,Active,13864.3,0.0,0.0,0.0
b6f4d409-fddb-44e1-9144-8db5bd55d8d1,387d9b28-8875-45ea-99ef-6864f271ef6d,Loan,2025-04-19,Active,3487.76,4484.24,36.0,19.1
a49751e6-dae1-4985-ad9c-244b9382fa2d,387d9b28-8875-45ea-99ef-6864f271ef6d,FixedDeposit,2025-03-29,Active,56210.8,0.0,24.0,4.5
f002a84c-4ecc-4ecc-bc45-6d88f419de4e,387d9b28-8875-45ea-99ef-6864f271ef6d,FixedDeposit,2025-11-04,Active,57288.31,0.0,12.0,4.8
c42b0858-9268-4f7b-bb11-3af2cb86e158,f19d4ba4-92aa-4368-8a7f-0b9959be5aa9,Savings,2025-01-15,Active,327146.91,0.0,0.0,0.0
6b617f8b-39a3-4532-8042-15528ced6311,f19d4ba4-92aa-4368-8a7f-0b9959be5aa9,Loan,2025-02-18,Active,257239.77,356178.17,36.0,21.9
2a6e86bd-8578-4bd7-b073-bffe524c055c,f19d4ba4-92aa-4368-8a7f-0b9959be5aa9,FixedDeposit,2025-08-18,Inactive,0.0,0.0,3.0,4.2
294cf56c-df48-4b29-83f2-be232ff45c9d,f19d4ba4-92aa-4368-8a7f-0b9959be5aa9,FixedDeposit,2025-09-23,Active,3423.45,0.0,24.0,4.5
f9bee548-e602-4729-be03-ec0c4a0e4756,d7f0288f-c9c8-46bd-9845-e4f9b0f0a1af,Savings,2024-02-15,Active,29948.1,0.0,0.0,0.0
582592af-36ba-438b-b305-69a4b91cb39b,d7f0288f-c9c8-46bd-9845-e4f9b0f0a1af,FixedDeposit,2025-11-26,Active,49530.61,0.0,36.0,4.2
00d8e8a8-5ba4-45bb-bf9e-e345258a2151,d7f0288f-c9c8-46bd-9845-e4f9b0f0a1af,FixedDeposit,2025-04-17,Inactive,0.0,0.0,6.0,4.5
954cee15-605a-4ff1-a53f-e5b40c3839a0,fbd47bd8-03ec-4aee-bd26-4c52a0df3352,Savings,2021-08-03,Active,1087056.77,0.0,0.0,0.0
90083c70-3ad9-4902-8676-1c5b7f94c7f1,fbd47bd8-03ec-4aee-bd26-4c52a0df3352,FixedDeposit,2022-11-26,Inactive,0.0,0.0,3.0,1.5
bcb7a282-d1ba-4ddf-8313-d8be873823c0,fbd47bd8-03ec-4aee-bd26-4c52a0df3352,FixedDeposit,2023-06-02,Inactive,0.0,0.0,3.0,4.5
40734fdb-fd30-4ec0-884c-815ca23a29e1,fbd47bd8-03ec-4aee-bd26-4c52a0df3352,FixedDeposit,2024-04-04,Active,60505.76,0.0,24.0,5.0
4a734fcf-e984-40d9-b006-34044a53c4ca,88aa838c-2c37-4a64-a94d-abafe8ca56a7,Savings,2021-03-10,Active,653062.61,0.0,0.0,0.0
fc10ed65-0da9-45fb-9f1f-f7599421ec84,88aa838c-2c37-4a64-a94d-abafe8ca56a7,Loan,2022-08-13,Active,2898.39,9152.94,60.0,18.0
e0936a08-d2dc-4106-8587-579652e229ae,88aa838c-2c37-4a64-a94d-abafe8ca56a7,Loan,2024-02-04,Active,4819.91,13347.39,36.0,17.8
59c87033-bbee-4832-af0b-566ccfe7f7ac,88aa838c-2c37-4a64-a94d-abafe8ca56a7,FixedDeposit,2022-07-22,Inactive,0.0,0.0,12.0,2.8
63c2c47e-40fa-499f-96a6-794f04d1c1a7,88aa838c-2c37-4a64-a94d-abafe8ca56a7,FixedDeposit,2025-01-12,Active,53099.34,0.0,24.0,4.5
f891cbf0-c1e3-4239-9b8f-3bb82dac18e0,88aa838c-2c37-4a64-a94d-abafe8ca56a7,FixedDeposit,2021-05-09,Inactive,0.0,0.0,6.0,0.8
3feb5b14-efaa-4aa6-95de-b097689cf928,2f2c3231-8717-4534-9dda-f22b11eeca48,Savings,2022-11-24,Active,74687.79,0.0,0.0,0.0
e4bf6643-71e3-4cba-aad4-90410587a217,2f2c3231-8717-4534-9dda-f22b11eeca48,FixedDeposit,2025-06-18,Inactive,0.0,0.0,6.0,4.5
82466fa9-3671-4880-b6c5-5b07254b1c13,2f2c3231-8717-4534-9dda-f22b11eeca48,FixedDeposit,2025-06-04,Active,71979.2,0.0,12.0,4.8
d2147ced-2cf8-4b8b-8c16-ace394bc98e2,754a53eb-48b1-494d-91e2-cd83f07fd62f,Savings,2023-03-15,Active,59830.1,0.0,0.0,0.0
d553b76f-8e3b-4146-8758-d71ff86b99c0,754a53eb-48b1-494d-91e2-cd83f07fd62f,Loan,2024-10-19,Active,12141.43,15836.59,60.0,14.5
2950c520-a512-460b-b2ee-2235989297a2,754a53eb-48b1-494d-91e2-cd83f07fd62f,FixedDeposit,2024-12-11,Inactive,0.0,0.0,6.0,5.1
64da24f4-1b57-49f1-a429-72aa4b21b745,754a53eb-48b1-494d-91e2-cd83f07fd62f,FixedDeposit,2025-10-15,Active,30260.07,0.0,3.0,4.2
c50678bb-df09-4bb5-98c1-9e97ab19a3f6,532d8501-8bb8-487f-aada-6f37dd2f558a,Savings,2021-12-28,Active,317347.14,0.0,0.0,0.0
7d3a5bee-9fb8-45b6-82b9-b1cb2e711a14,532d8501-8bb8-487f-aada-6f37dd2f558a,FixedDeposit,2022-10-28,Inactive,0.0,0.0,6.0,2.2
de9f6219-543b-48d1-9a87-bbe516d24bb0,4944300f-a290-41c7-9e92-03054fb9f922,Savings,2023-08-12,Active,174517.46,0.0,0.0,0.0
d467c8f6-023c-4a98-abe7-5a72a60aeed9,4944300f-a290-41c7-9e92-03054fb9f922,Loan,2024-12-27,Active,121440.61,242881.21,24.0,8.7
b2c80141-9e8d-4c2d-be02-06b9cc66558d,4944300f-a290-41c7-9e92-03054fb9f922,FixedDeposit,2025-04-06,Active,92137.69,0.0,24.0,4.5
8b1ef425-8455-4e80-9471-0d340645ccd2,4944300f-a290-41c7-9e92-03054fb9f922,FixedDeposit,2024-08-06,Inactive,0.0,0.0,3.0,4.8
42489e1d-a8e6-41dc-8c2e-ec30fa6c8475,3f166f63-a479-40d7-bcf0-305635d7f341,Savings,2024-10-13,Active,159082.6,0.0,0.0,0.0
eaa794eb-d5d3-47b6-bc42-fc1ecf6805be,3f166f63-a479-40d7-bcf0-305635d7f341,Loan,2025-09-05,Active,1479.12,1690.44,24.0,6.7
6793561d-6656-4a34-b0fc-53a7d9bdc682,3f166f63-a479-40d7-bcf0-305635d7f341,Loan,2025-02-05,Active,4702.34,5642.84,60.0,16.2
dd2be3cf-5147-42d7-a5e5-1cf120af765a,5fab4799-0a52-4830-bf5a-4387efc1008e,Savings,2020-01-09,Active,231455.8,0.0,0.0,0.0
2b247fe6-3896-46ab-add4-2a21c48d7e20,5fab4799-0a52-4830-bf5a-4387efc1008e,Loan,2021-04-12,Inactive,0.0,16143.86,36.0,11.9
ffa39125-9c25-4390-8fd7-bdc36a279c2f,5fab4799-0a52-4830-bf5a-4387efc1008e,FixedDeposit,2022-03-25,Inactive,0.0,0.0,12.0,2.8
9941da62-d797-46f4-84c6-ff5f239bb4d6,5fab4799-0a52-4830-bf5a-4387efc1008e,FixedDeposit,2025-08-15,Active,83163.74,0.0,36.0,4.2
e375bca7-f52c-466c-8920-ccbc1c99ffa5,5fab4799-0a52-4830-bf5a-4387efc1008e,FixedDeposit,2021-06-01,Inactive,0.0,0.0,24.0,1.2
ba8cd5a5-3109-4a15-8bff-02832a76701f,c1da5870-713f-4bd3-b0f3-4105738a39dc,Savings,2022-09-22,Active,161049.23,0.0,0.0,0.0
12249bef-91a5-4bdd-9ce8-223c2974f2de,c75ee719-d7fa-4efa-b9d7-36a7502e5eda,Savings,2023-10-28,Active,129230.77,0.0,0.0,0.0
39016313-ec25-48bc-936b-17723c8ecf17,c75ee719-d7fa-4efa-b9d7-36a7502e5eda,Loan,2024-07-15,Active,11425.78,17691.64,48.0,23.1
2dc2b1f8-1cc0-408d-9129-ee391662a584,2661bf95-d01b-4f82-bac1-2c58a6ebf348,Savings,2024-08-22,Active,37681.02,0.0,0.0,0.0
599ab1dc-a890-422d-8a18-2a88ae709c00,2661bf95-d01b-4f82-bac1-2c58a6ebf348,Loan,2024-08-22,Active,4604.95,6279.51,60.0,13.2
ebbf2e20-b843-483b-bfba-0ad5b9c43983,2661bf95-d01b-4f82-bac1-2c58a6ebf348,FixedDeposit,2025-07-26,Inactive,0.0,0.0,3.0,4.2
edfbfd55-c2db-40de-ad8a-cf32e22933c8,2661bf95-d01b-4f82-bac1-2c58a6ebf348,FixedDeposit,2025-11-11,Active,81994.49,0.0,24.0,4.5
877202e0-9214-4b4e-b964-90026e2f7a47,2661bf95-d01b-4f82-bac1-2c58a6ebf348,FixedDeposit,2025-05-09,Inactive,0.0,0.0,6.0,4.5
dd5583eb-ec78-4784-85de-c9bb5ca9a5c3,73d69f9a-d951-45b3-9987-08d0cf34b726,Savings,2025-07-15,Active,47286.87,0.0,0.0,0.0
cb4f882e-4595-4835-9115-36fbbceb3b2f,73d69f9a-d951-45b3-9987-08d0cf34b726,Loan,2025-08-08,Active,22005.3,23577.1,60.0,9.4
ec1843d1-30fd-4d76-b0ee-6138fffe9a28,73d69f9a-d951-45b3-9987-08d0cf34b726,Loan,2025-07-24,Active,19112.39,21334.74,48.0,7.8
89a07055-e979-4cd3-8197-0f93c10faacf,73d69f9a-d951-45b3-9987-08d0cf34b726,FixedDeposit,2025-10-26,Active,90245.05,0.0,24.0,4.5
5f357733-c80e-4911-9bb8-438fa7bb9c88,c814c0d1-0005-4fa5-b21f-33bd33188577,Savings,2025-03-20,Active,80983.72,0.0,0.0,0.0
cf6bd0ca-e01d-4ef7-92ba-4f9dd2c32a24,c814c0d1-0005-4fa5-b21f-33bd33188577,Loan,2025-05-12,Active,6108.83,14661.22,12.0,10.9
b664b0dd-a158-4232-a500-2c29769c580c,c814c0d1-0005-4fa5-b21f-33bd33188577,Loan,2025-10-09,Active,17307.93,18881.37,24.0,7.2
cb081ddd-b372-4c6d-a197-3eba0fb419f9,c814c0d1-0005-4fa5-b21f-33bd33188577,FixedDeposit,2025-09-14,Active,28918.15,0.0,6.0,4.5
0ed8b19c-9adf-4c2e-9ec0-1f7cd40c2dea,c814c0d1-0005-4fa5-b21f-33bd33188577,FixedDeposit,2025-05-25,Active,38619.34,0.0,36.0,4.2
86124a81-3dd3-4d65-8048-82bdeb937736,c814c0d1-0005-4fa5-b21f-33bd33188577,FixedDeposit,2025-08-27,Active,83298.03,0.0,12.0,4.8
34756886-2c7f-4625-ba4b-601379d93659,753f73b8-96a2-4c6c-95b4-b8fa243086e5,Savings,2022-07-14,Active,274888.91,0.0,0.0,0.0
a1732b69-6f92-48d0-82a2-fbc3b009d549,753f73b8-96a2-4c6c-95b4-b8fa243086e5,Loan,2023-11-19,Inactive,0.0,23177.83,24.0,13.4
8df50b7a-c7e5-4982-bac9-263d214a8bef,753f73b8-96a2-4c6c-95b4-b8fa243086e5,Loan,2023-07-08,Active,3217.7,8580.8,48.0,22.0
ddd99831-ef4a-45b1-a3c6-c068374deb84,6f528859-b176-4ccd-b6f6-343f30f8588c,Savings,2021-01-12,Active,304899.37,0.0,0.0,0.0
a244e008-4873-44bd-9069-84f945887421,6f528859-b176-4ccd-b6f6-343f30f8588c,Loan,2022-08-01,Active,2133.26,14627.6,48.0,10.7
082e5331-b6ae-4c83-9320-7baa7ffa4935,6f528859-b176-4ccd-b6f6-343f30f8588c,FixedDeposit,2025-03-23,Inactive,0.0,0.0,3.0,4.2
9a6bebe4-f790-498c-b7e9-2813858e2b21,6f528859-b176-4ccd-b6f6-343f30f8588c,FixedDeposit,2024-08-02,Inactive,0.0,0.0,6.0,5.1
bfce73a0-160e-4f20-8f91-f44027c97492,4ca99e5e-5c1f-49f3-94ad-cb402c66ab72,Savings,2020-02-25,Active,43127.78,0.0,0.0,0.0
d8f38173-4919-49dd-b1f6-fcf2c1863809,4ca99e5e-5c1f-49f3-94ad-cb402c66ab72,Loan,2022-05-06,Active,63441.86,761302.1,12.0,10.4
20e56cc2-d4a7-4605-8358-7079edf95047,4ca99e5e-5c1f-49f3-94ad-cb402c66ab72,FixedDeposit,2024-06-19,Active,49988.36,0.0,36.0,4.7
2cfe2903-0c13-4521-9f31-074f6b2160ea,4ca99e5e-5c1f-49f3-94ad-cb402c66ab72,FixedDeposit,2024-10-28,Inactive,0.0,0.0,12.0,5.3
d4bb0c91-b626-4c57-a7ec-7507eae9232f,4ca99e5e-5c1f-49f3-94ad-cb402c66ab72,FixedDeposit,2023-12-09,Active,28920.47,0.0,36.0,4.5
73847d5f-2a9b-4b7a-bc0d-0bb44e763dfc,19fb8112-9994-4ef7-927f-5d7a74958697,Savings,2023-03-21,Active,37817.31,0.0,0.0,0.0
bd1efa18-1446-4215-982b-ee8fee6c78c7,19fb8112-9994-4ef7-927f-5d7a74958697,Loan,2025-04-10,Active,4981.7,7472.5,24.0,11.7
d30e8a58-1dcd-4de4-a641-0778cda68cf4,19fb8112-9994-4ef7-927f-5d7a74958697,FixedDeposit,2025-11-22,Active,67081.75,0.0,12.0,4.8
2dad9d3b-d8e7-470e-be28-0e386a567045,19fb8112-9994-4ef7-927f-5d7a74958697,FixedDeposit,2024-02-19,Inactive,0.0,0.0,12.0,5.3
b43edf10-0805-4bc8-9ea7-4090918ac79e,f9956258-3760-47cc-94f4-de5188510c1a,Savings,2024-05-30,Active,116747.57,0.0,0.0,0.0
c5408cc6-d189-4cc5-9998-73892c0eb6f0,f9956258-3760-47cc-94f4-de5188510c1a,FixedDeposit,2025-02-11,Inactive,0.0,0.0,6.0,4.5
471f3b81-b7cf-4e8e-a30f-a3dcb1df634b,f9956258-3760-47cc-94f4-de5188510c1a,FixedDeposit,2025-10-10,Active,10627.05,0.0,12.0,4.8
9554587f-4abe-4dfb-84aa-eed6296eb879,60357290-8c8d-4c70-a4e8-52754203a448,Savings,2022-01-16,Active,1457655.77,0.0,0.0,0.0
095a051e-a6c3-4281-a1f1-96f049824331,60357290-8c8d-4c70-a4e8-52754203a448,Loan,2025-03-17,Active,7691.71,12306.73,24.0,7.5
0ef63622-deae-4b9c-b67c-03ef79e8a1e8,60357290-8c8d-4c70-a4e8-52754203a448,FixedDeposit,2024-06-20,Inactive,0.0,0.0,3.0,4.8
43af7d62-63a6-4257-bfec-acac313694ce,60357290-8c8d-4c70-a4e8-52754203a448,FixedDeposit,2022-12-19,Inactive,0.0,0.0,12.0,2.8
26173fec-e11a-46e4-851d-b36ce0b7e7fd,00cded86-96dd-496d-a1f8-cd40d4d3d86d,Savings,2021-11-28,Active,59427.96,0.0,0.0,0.0
643a70d8-2fdc-4903-87ac-074a8cbfda55,00cded86-96dd-496d-a1f8-cd40d4d3d86d,Loan,2023-09-18,Inactive,0.0,71468.97,12.0,18.9
e8d71ba6-e25f-4022-b9e8-7463dc3a5f2b,00cded86-96dd-496d-a1f8-cd40d4d3d86d,Loan,2023-08-11,Active,41004.85,68341.33,60.0,15.5
4839a251-5a23-4d04-925a-86ae1b0c8c2a,00cded86-96dd-496d-a1f8-cd40d4d3d86d,FixedDeposit,2022-10-24,Inactive,0.0,0.0,12.0,2.8
bead67bd-10a7-4581-a561-f099168c326e,00cded86-96dd-496d-a1f8-cd40d4d3d86d,FixedDeposit,2022-08-26,Inactive,0.0,0.0,36.0,3.2
b5b9a69f-f3bf-4bef-8f38-25cbcdbafdf1,00cded86-96dd-496d-a1f8-cd40d4d3d86d,FixedDeposit,2022-06-27,Inactive,0.0,0.0,6.0,2.2
9ca8609c-7fba-437d-8113-28b1376a6462,3c0506a3-0958-4d42-b33e-38d65e83c654,Savings,2023-05-02,Active,238881.41,0.0,0.0,0.0
462d02a6-d774-4c44-8698-389ff9b763ad,3c0506a3-0958-4d42-b33e-38d65e83c654,FixedDeposit,2024-01-20,Inactive,0.0,0.0,12.0,5.3
63102505-2296-4874-81a5-c681e62966c7,230ad9eb-b4db-48c4-9ece-2c8ffcd33887,Savings,2024-06-22,Active,111147.64,0.0,0.0,0.0
29a99f9e-9e73-4e6c-9c43-f99f97694689,230ad9eb-b4db-48c4-9ece-2c8ffcd33887,FixedDeposit,2025-03-27,Inactive,0.0,0.0,3.0,4.2
a693e3f9-6589-46de-be77-7bf4913c25f3,230ad9eb-b4db-48c4-9ece-2c8ffcd33887,FixedDeposit,2024-10-04,Active,57645.08,0.0,24.0,5.0
687256b5-0baf-4d31-a9ae-66d53de72d1d,230ad9eb-b4db-48c4-9ece-2c8ffcd33887,FixedDeposit,2025-04-08,Active,84110.62,0.0,24.0,4.5
2c98cffb-b29d-44dd-8993-f022a5e56d71,476c1722-db8b-4344-9ef0-54c87937962e,Savings,2020-11-05,Active,609752.18,0.0,0.0,0.0
7fb33917-54e4-4551-bd8a-5eceed942f93,476c1722-db8b-4344-9ef0-54c87937962e,FixedDeposit,2022-12-23,Inactive,0.0,0.0,24.0,3.0
7707276c-6111-4481-a699-471c011f13bd,476c1722-db8b-4344-9ef0-54c87937962e,FixedDeposit,2021-11-13,Inactive,0.0,0.0,3.0,0.5
2a4f8878-1585-4956-8f06-3d3482711ec6,476c1722-db8b-4344-9ef0-54c87937962e,FixedDeposit,2022-05-20,Inactive,0.0,0.0,6.0,2.2
32f8c806-07d2-47f6-adde-f4495f2990d3,09beebdd-06ce-474a-a126-8bb203516226,Savings,2022-03-05,Active,467607.79,0.0,0.0,0.0
d63b4103-7027-44be-a9e6-fe3d8c8ee045,09beebdd-06ce-474a-a126-8bb203516226,Loan,2024-07-18,Active,11366.23,17599.28,48.0,10.4
329be11e-d0b6-4a83-b0a1-03a8566cc180,09beebdd-06ce-474a-a126-8bb203516226,FixedDeposit,2023-05-16,Inactive,0.0,0.0,3.0,4.5
d316ae8e-5493-443a-ac36-d294bdd31c0d,af3a6b25-9c0d-41e8-b3b1-a55b490cdaf8,Savings,2024-08-29,Active,161763.14,0.0,0.0,0.0
bd640b7e-c510-42e8-b052-c4733fdadee5,af3a6b25-9c0d-41e8-b3b1-a55b490cdaf8,Loan,2025-09-27,Active,20253.59,22094.84,36.0,19.2
43b13eb6-84ed-4dd5-8264-9d78f46ce5a8,af3a6b25-9c0d-41e8-b3b1-a55b490cdaf8,Loan,2024-10-27,Active,3234.4,38813.24,12.0,17.6
73813327-9eb5-498f-84b3-8742d6b84022,af3a6b25-9c0d-41e8-b3b1-a55b490cdaf8,FixedDeposit,2025-08-15,Active,96941.87,0.0,12.0,4.8
673fdfea-b033-4607-93dc-26f3c78e8de6,af3a6b25-9c0d-41e8-b3b1-a55b490cdaf8,FixedDeposit,2024-12-25,Inactive,0.0,0.0,6.0,5.1
46491e7e-c201-4ee5-8f08-3c2ecb191aca,af3a6b25-9c0d-41e8-b3b1-a55b490cdaf8,FixedDeposit,2024-12-23,Inactive,0.0,0.0,12.0,5.3
33af315a-61a7-41ac-9b27-8ab0430ccb46,16059168-ff2f-4014-87ab-5bc473625758,Savings,2022-06-30,Active,313377.19,0.0,0.0,0.0
49398fe1-02e2-4632-b22f-38fb6d176436,16059168-ff2f-4014-87ab-5bc473625758,FixedDeposit,2022-07-05,Inactive,0.0,0.0,12.0,2.8
fbbaa673-3672-44e3-b2e2-8e6f8fe0acb8,16059168-ff2f-4014-87ab-5bc473625758,FixedDeposit,2023-02-02,Inactive,0.0,0.0,3.0,4.5
25c383f5-34a3-43dd-9665-0af75205d9e2,e28ee410-625d-4c16-846e-db17aa8cd7ca,Savings,2022-05-05,Active,119320.22,0.0,0.0,0.0
008e6d8f-2ce6-4a33-aa47-3cc1bf1ec6f5,e28ee410-625d-4c16-846e-db17aa8cd7ca,Loan,2025-03-24,Active,9207.95,14732.78,24.0,21.7
a748d3c8-280d-4f10-bde0-030d7c4d69b5,e28ee410-625d-4c16-846e-db17aa8cd7ca,Loan,2024-11-17,Active,9338.21,11921.05,60.0,21.4
34b771e1-a2c9-45e9-8ca0-c0037073c2a6,e28ee410-625d-4c16-846e-db17aa8cd7ca,FixedDeposit,2024-06-02,Inactive,0.0,0.0,6.0,5.1
fde74250-7c84-4f96-9674-a024f87e8d52,e28ee410-625d-4c16-846e-db17aa8cd7ca,FixedDeposit,2022-10-18,Inactive,0.0,0.0,3.0,1.5
a78d1f0f-ecab-467e-b3cf-83e9e3a632a6,e28ee410-625d-4c16-846e-db17aa8cd7ca,FixedDeposit,2024-06-19,Active,38876.81,0.0,24.0,5.0
ce798eb0-8c2f-4b0d-ba04-667e510733ef,5fb0b93e-250f-4f10-91b7-dce8bdc01fc6,Savings,2021-01-26,Active,1111363.73,0.0,0.0,0.0
7d5260c3-3d41-4f3b-9b5c-d571132e4dac,5fb0b93e-250f-4f10-91b7-dce8bdc01fc6,Loan,2022-01-16,Inactive,0.0,387012.19,36.0,10.3
c5abc0f7-594b-4419-b6e5-bfbdcc0835f9,5fb0b93e-250f-4f10-91b7-dce8bdc01fc6,Loan,2025-06-12,Active,43557.87,58077.15,24.0,14.1
d69ba448-26c8-44ca-afef-395f5e0dd6dd,5fb0b93e-250f-4f10-91b7-dce8bdc01fc6,FixedDeposit,2025-05-31,Inactive,0.0,0.0,3.0,4.2
7768d001-e69f-4e59-9c81-126ec562b7f7,5fb0b93e-250f-4f10-91b7-dce8bdc01fc6,FixedDeposit,2021-02-24,Inactive,0.0,0.0,3.0,0.5
712459a2-eaa1-498a-a246-477f1518c710,5fb0b93e-250f-4f10-91b7-dce8bdc01fc6,FixedDeposit,2022-04-12,Inactive,0.0,0.0,3.0,1.5
0a7458aa-6414-4f5f-a55e-edaac804ae41,52d9d8fc-0338-4b32-b98e-6b652a0e6c0a,Savings,2022-02-06,Active,204309.92,0.0,0.0,0.0
f9715bdf-6615-40ee-9cc5-e08337b85784,52d9d8fc-0338-4b32-b98e-6b652a0e6c0a,Loan,2023-12-02,Inactive,0.0,6840.49,12.0,9.3
8e4dbe2f-b874-400e-bebf-4d1f4424ad06,52d9d8fc-0338-4b32-b98e-6b652a0e6c0a,Loan,2025-06-13,Active,2118.76,4237.54,12.0,18.3
74c3be30-0cb4-4e2d-9ce7-433b9ba16516,52d9d8fc-0338-4b32-b98e-6b652a0e6c0a,FixedDeposit,2025-06-03,Active,75399.83,0.0,24.0,4.5
8f0d905e-6264-42ca-99cd-3df27111e3ad,52d9d8fc-0338-4b32-b98e-6b652a0e6c0a,FixedDeposit,2022-10-23,Inactive,0.0,0.0,6.0,2.2
33d5e300-0692-4f4d-99a4-0212a111f2c3,52d9d8fc-0338-4b32-b98e-6b652a0e6c0a,FixedDeposit,2023-08-30,Inactive,0.0,0.0,24.0,4.8
0fa97ff3-3f2c-4eed-a1e6-718f1b4918a4,ef6d3f95-f361-48b8-bb06-a20321b640d3,Savings,2024-10-07,Active,96987.42,0.0,0.0,0.0
d7fd2106-da10-42fe-a912-ec6ed501085b,ef6d3f95-f361-48b8-bb06-a20321b640d3,Loan,2025-07-16,Active,4525.25,4936.65,60.0,23.6
c307bf1c-f04c-4b17-a19a-520dcd4c981f,ef6d3f95-f361-48b8-bb06-a20321b640d3,Loan,2025-10-22,Active,1546.12,1613.34,48.0,16.2
204dec62-1109-4170-bbcb-e2b7d960004c,ef6d3f95-f361-48b8-bb06-a20321b640d3,FixedDeposit,2025-11-18,Active,34057.3,0.0,24.0,4.5
a5dbfa88-3efd-444d-bd00-3803bc745e61,ef6d3f95-f361-48b8-bb06-a20321b640d3,FixedDeposit,2024-12-26,Inactive,0.0,0.0,6.0,5.1
6098a4f3-e5c6-4f75-9662-dab59d11303a,8b94a665-119f-490e-a929-4e1ff6bf6f3a,Savings,2022-12-29,Active,248207.5,0.0,0.0,0.0
80af72c2-7528-4774-958b-a89f3e7bdb53,8b94a665-119f-490e-a929-4e1ff6bf6f3a,FixedDeposit,2023-12-16,Active,44120.35,0.0,36.0,4.5
211b64d9-72c0-4ded-97ed-650bc5ffc326,8b94a665-119f-490e-a929-4e1ff6bf6f3a,FixedDeposit,2025-03-31,Inactive,0.0,0.0,6.0,4.5
038b481d-fc45-4769-9897-5751f7c82acb,8b94a665-119f-490e-a929-4e1ff6bf6f3a,FixedDeposit,2025-09-26,Inactive,0.0,0.0,3.0,4.2
683c22e3-62e6-4f38-bfa1-bd4abcf9a060,fcec23d6-f105-4bd6-a05d-5cbfc261a96b,Savings,2021-12-13,Active,185492.84,0.0,0.0,0.0
24c6e084-6116-444d-8b69-9452f5c19573,fcec23d6-f105-4bd6-a05d-5cbfc261a96b,FixedDeposit,2025-04-07,Active,83735.91,0.0,12.0,4.8
40074322-eeae-4e7b-a6f9-519b22152cf9,a4f3494d-7710-48e4-a904-f2bab1e8869b,Savings,2022-01-29,Active,226215.56,0.0,0.0,0.0
598072b2-cb10-497a-b434-71cd0f702e3a,a4f3494d-7710-48e4-a904-f2bab1e8869b,Loan,2024-01-17,Active,9105.6,25215.26,36.0,19.7
7d9b0636-ddd0-496f-a2dc-942e3c47b95b,a4f3494d-7710-48e4-a904-f2bab1e8869b,Loan,2024-07-07,Active,36399.02,72797.9,36.0,6.7
6207326d-d435-4e95-b345-3f8b09d1b5e8,a4f3494d-7710-48e4-a904-f2bab1e8869b,FixedDeposit,2022-06-28,Inactive,0.0,0.0,12.0,2.8
5fd8a4bb-92ee-40d8-be14-b70990c0366b,a4f3494d-7710-48e4-a904-f2bab1e8869b,FixedDeposit,2022-07-12,Inactive,0.0,0.0,24.0,3.0
51e9b5a9-199f-4765-832e-9a231103bab6,a4f3494d-7710-48e4-a904-f2bab1e8869b,FixedDeposit,2022-09-23,Inactive,0.0,0.0,36.0,3.2
557babdf-0921-4eac-925b-ec47da887c3b,16402a24-09f7-4b1e-9c65-b8bcd8ae49bd,Savings,2024-05-22,Active,211532.63,0.0,0.0,0.0
04e93dc7-3201-48d7-a14e-e211df6559fe,16402a24-09f7-4b1e-9c65-b8bcd8ae49bd,Loan,2025-09-15,Active,11883.76,12676.0,48.0,9.0
16a630ed-5616-4c97-9ad0-99303ed9bf31,16402a24-09f7-4b1e-9c65-b8bcd8ae49bd,FixedDeposit,2024-07-21,Active,46293.38,0.0,24.0,5.0
6a4fc053-63bf-4a51-9032-82cb0546c9c7,2ebeebdd-683c-4763-8127-a9ea4977ca5b,Savings,2021-05-31,Active,351333.11,0.0,0.0,0.0
d827bba3-fc5d-40b1-959e-74717ab1c85d,2ebeebdd-683c-4763-8127-a9ea4977ca5b,FixedDeposit,2023-10-30,Inactive,0.0,0.0,12.0,5.2
6a266882-2e4a-4ecb-80ac-08c2dbdb7e37,2ebeebdd-683c-4763-8127-a9ea4977ca5b,FixedDeposit,2024-10-08,Active,39734.8,0.0,24.0,5.0
2e6ce2e8-d210-44ed-97b8-e12049663cc8,916a7841-2374-448f-ace0-0aa5dc13481a,Savings,2021-03-01,Active,361694.71,0.0,0.0,0.0
4acf988c-976c-487a-9861-becb6f3b5744,916a7841-2374-448f-ace0-0aa5dc13481a,Loan,2022-12-22,Inactive,0.0,6976.2,36.0,7.8
f660829e-42aa-441d-b791-bded4b414323,916a7841-2374-448f-ace0-0aa5dc13481a,Loan,2025-03-19,Active,7618.93,12190.3,24.0,21.4
ccf46ab2-8c29-4c40-a238-8b7a8eb653d6,1ab7fed4-b6df-4379-9a38-373a796f7e71,Savings,2023-02-07,Active,620409.72,0.0,0.0,0.0
401f9ad9-57db-4af2-8b39-c593dd998f69,1ab7fed4-b6df-4379-9a38-373a796f7e71,Loan,2024-04-23,Active,12945.82,29128.02,36.0,18.5
6d4ff5c0-f25f-4a95-b468-e3f59f18718a,1ab7fed4-b6df-4379-9a38-373a796f7e71,FixedDeposit,2024-02-23,Inactive,0.0,0.0,6.0,5.1
eef3f7dc-ca02-44d4-ab8f-957147f6b18e,1ab7fed4-b6df-4379-9a38-373a796f7e71,FixedDeposit,2024-11-24,Active,23526.07,0.0,24.0,5.0
c2ad2299-e941-44d8-9bf7-f797244a07ea,55b6c2db-060b-438a-a897-fa5e20e9a413,Savings,2024-02-18,Active,211227.0,0.0,0.0,0.0
f2685a26-6808-4fd7-9374-19a0f0915fdc,55b6c2db-060b-438a-a897-fa5e20e9a413,Loan,2024-06-20,Active,6457.97,25831.73,24.0,9.2
e82438ab-a0f4-4de0-81b7-cf34de75de41,55b6c2db-060b-438a-a897-fa5e20e9a413,FixedDeposit,2024-03-17,Active,80380.12,0.0,36.0,4.7
b2be75dc-23eb-457d-9dba-a8cf42fb86bb,15a1a988-29f2-4f55-a817-4ad39840b23a,Savings,2024-04-23,Active,223455.23,0.0,0.0,0.0
54ac12b4-74b5-4496-8fca-260ffdaf8706,15a1a988-29f2-4f55-a817-4ad39840b23a,Loan,2025-04-09,Active,29544.32,37985.6,36.0,11.1
fc45c25c-2e8c-4469-aa1d-0738727cb096,15a1a988-29f2-4f55-a817-4ad39840b23a,Loan,2024-12-30,Active,120436.86,240873.66,24.0,11.4
f7686af3-1c31-402f-b1fc-7cbbcee7fa50,4071ea93-0fd9-48ac-b324-2a56aff6a7c9,Savings,2021-07-04,Active,781034.58,0.0,0.0,0.0
69670b65-e60c-4bcb-adf2-ade680e78281,4071ea93-0fd9-48ac-b324-2a56aff6a7c9,FixedDeposit,2025-03-20,Active,95743.26,0.0,12.0,4.8
64a212ab-c9a7-4413-8b08-9fe5bc46f92f,589d607d-7213-4c1f-ad46-860754bc621c,Savings,2021-08-24,Active,287932.25,0.0,0.0,0.0
966bfb2a-e1ca-427f-8046-dc33921aa1cb,589d607d-7213-4c1f-ad46-860754bc621c,Loan,2025-05-13,Active,162381.77,183828.44,60.0,15.2
cc93da71-660a-41d3-b2f3-5b0c5321d066,589d607d-7213-4c1f-ad46-860754bc621c,FixedDeposit,2024-10-18,Inactive,0.0,0.0,12.0,5.3
6a014f98-2176-474f-85f9-113e74ca7ebd,589d607d-7213-4c1f-ad46-860754bc621c,FixedDeposit,2024-05-08,Active,90713.87,0.0,36.0,4.7
3fd99ca1-1f9a-4954-bae2-08103ff7f9c6,3cb79340-b26e-47bb-a5ad-452bea8d971c,Savings,2023-05-03,Active,100777.39,0.0,0.0,0.0
79bff325-620c-426f-b679-be692b5ddd17,3cb79340-b26e-47bb-a5ad-452bea8d971c,FixedDeposit,2024-06-06,Active,39997.49,0.0,24.0,5.0
fbbc3630-2f62-4c71-bf7e-6d14e420f35c,3cb79340-b26e-47bb-a5ad-452bea8d971c,FixedDeposit,2024-07-03,Active,37653.67,0.0,36.0,4.7
6ed7552c-1113-4f46-ab76-685512577dc1,3cb79340-b26e-47bb-a5ad-452bea8d971c,FixedDeposit,2023-12-12,Inactive,0.0,0.0,12.0,5.2
dd665703-e1fa-466a-84a1-66afc09bac06,d4c69b6d-71da-4430-aaab-2f9e5d43c5c7,Savings,2021-03-31,Active,200496.78,0.0,0.0,0.0
619ab449-3317-42af-a57d-30619fcadda7,d4c69b6d-71da-4430-aaab-2f9e5d43c5c7,FixedDeposit,2023-03-29,Inactive,0.0,0.0,12.0,5.2
7c7a4bbd-a30c-47f0-9cd3-b5d9f217e76f,d4c69b6d-71da-4430-aaab-2f9e5d43c5c7,FixedDeposit,2024-01-10,Active,46870.92,0.0,36.0,4.7
c0f4f6d5-15c3-4439-95ae-f63bd8a47e51,17eb1d93-e605-48bc-ae6d-c7e1769e79ce,Savings,2025-02-10,Active,509419.46,0.0,0.0,0.0
3d25bf65-6008-4cdb-94cd-2f845f8bd2e1,17eb1d93-e605-48bc-ae6d-c7e1769e79ce,Loan,2025-03-06,Active,44515.83,56230.53,48.0,20.1
c7e8be3c-ea31-46af-99c7-e3675458c079,17eb1d93-e605-48bc-ae6d-c7e1769e79ce,Loan,2025-10-07,Active,357492.88,373036.04,48.0,10.3
3323e06d-9566-4cac-ad40-0e51e0282d21,17eb1d93-e605-48bc-ae6d-c7e1769e79ce,FixedDeposit,2025-05-15,Inactive,0.0,0.0,6.0,4.5
233d1c81-fc7f-45ef-abc8-9c7505c25405,17eb1d93-e605-48bc-ae6d-c7e1769e79ce,FixedDeposit,2025-08-08,Inactive,0.0,0.0,3.0,4.2
e72032cb-a044-45ff-af9b-081dece6140c,eaaddcf2-b74f-4b22-892b-3faa4353fab0,Savings,2021-05-28,Active,413759.53,0.0,0.0,0.0
9668fc7e-aa2e-4e3c-9a4e-e06dd4fd5237,14dfa847-bf2b-4911-8c22-6e66b441cbe9,Savings,2024-01-17,Active,215470.75,0.0,0.0,0.0
1bf36a76-595d-4069-a1ed-a9b83d706fe7,14dfa847-bf2b-4911-8c22-6e66b441cbe9,Loan,2025-06-15,Active,29333.8,35200.54,36.0,11.4
589ce304-583f-4c22-96b6-8b12eb62759f,14dfa847-bf2b-4911-8c22-6e66b441cbe9,Loan,2024-11-14,Active,26930.38,42151.95,36.0,15.9
3bbb0753-aabb-4112-8a9b-9004d718715f,3bdeeed7-e36d-4dd8-9869-39017e83328f,Savings,2022-10-12,Active,433413.08,0.0,0.0,0.0
ba22681b-c02e-4d19-8bae-7c6a9d78f0d5,3bdeeed7-e36d-4dd8-9869-39017e83328f,Loan,2025-04-05,Active,32113.83,37780.95,60.0,22.5
40272448-f7fd-41fa-9049-77a4641b40f7,3bdeeed7-e36d-4dd8-9869-39017e83328f,Loan,2024-03-09,Active,1409.79,2602.63,48.0,18.4
